01/07/2016; CORPAMAG ; Ciénaga ; Automática ; 11.0074569 ; -74.2446083 ; 47 ; MAGDALENA ; 47189 ; CIÉNAGA ; Fija ; 1 ; Velocidad del Viento ; m/s ; 1 
01/07/2016; CORPAMAG ; Ciénaga ; Automática ; 11.0074569 ; -74.2446083 ; 47 ; MAGDALENA ; 47189 ; CIÉNAGA ; Fija ; 1 ; Velocidad del Viento ; m/s ; 1 
01/07/2016; CORPAMAG ; Ciénaga ; Automática ; 11.0074569 ; -74.2446083 ; 47 ; MAGDALENA ; 47189 ; CIÉNAGA ; Fija ; 1 ; Velocidad del Viento ; m/s ; 1 
01/07/2016; CORPAMAG ; Ciénaga ; Automática ; 11.0074569 ; -74.2446083 ; 47 ; MAGDALENA ; 47189 ; CIÉNAGA ; Fija ; 1 ; Velocidad del Viento ; m/s ; 1 
01/07/2016; CORPAMAG ; Ciénaga ; Automática ; 11.0074569 ; -74.2446083 ; 47 ; MAGDALENA ; 47189 ; CIÉNAGA ; Fija ; 1 ; Velocidad del Viento ; m/s ; 1 
01/07/2016; CORPAMAG ; Ciénaga ; Automática ; 11.0074569 ; -74.2446083 ; 47 ; MAGDALENA ; 47189 ; CIÉNAGA ; Fija ; 1 ; Velocidad del Viento ; m/s ; 1 
01/07/2016; CORPAMAG ; Ciénaga ; Automática ; 11.0074569 ; -74.2446083 ; 47 ; MAGDALENA ; 47189 ; CIÉNAGA ; Fija ; 1 ; Velocidad del Viento ; m/s ; 1 
01/07/2016; CORPAMAG ; Ciénaga ; Automática ; 11.0074569 ; -74.2446083 ; 47 ; MAGDALENA ; 47189 ; CIÉNAGA ; Fija ; 1 ; Velocidad del Viento ; m/s ; 1 
01/07/2016; CORPAMAG ; Ciénaga ; Automática ; 11.0074569 ; -74.2446083 ; 47 ; MAGDALENA ; 47189 ; CIÉNAGA ; Fija ; 1 ; Velocidad del Viento ; m/s ; 1 
01/07/2016; CORPAMAG ; Ciénaga ; Automática ; 11.0074569 ; -74.2446083 ; 47 ; MAGDALENA ; 47189 ; CIÉNAGA ; Fija ; 1 ; Velocidad del Viento ; m/s ; 1 
01/07/2016; CORPAMAG ; Ciénaga ; Automática ; 11.0074569 ; -74.2446083 ; 47 ; MAGDALENA ; 47189 ; CIÉNAGA ; Fija ; 1 ; Velocidad del Viento ; m/s ; 1 
01/07/2016; CORPAMAG ; Ciénaga ; Automática ; 11.0074569 ; -74.2446083 ; 47 ; MAGDALENA ; 47189 ; CIÉNAGA ; Fija ; 1 ; Velocidad del Viento ; m/s ; 1 
01/07/2016; CORPAMAG ; Ciénaga ; Automática ; 11.0074569 ; -74.2446083 ; 47 ; MAGDALENA ; 47189 ; CIÉNAGA ; Fija ; 1 ; Velocidad del Viento ; m/s ; 1 
01/07/2016; CORPAMAG ; Ciénaga ; Automática ; 11.0074569 ; -74.2446083 ; 47 ; MAGDALENA ; 47189 ; CIÉNAGA ; Fija ; 1 ; Velocidad del Viento ; m/s ; 1 
01/07/2016; CORPAMAG ; Ciénaga ; Automática ; 11.0074569 ; -74.2446083 ; 47 ; MAGDALENA ; 47189 ; CIÉNAGA ; Fija ; 1 ; Velocidad del Viento ; m/s ; 1 
01/07/2016; CORPAMAG ; Ciénaga ; Automática ; 11.0074569 ; -74.2446083 ; 47 ; MAGDALENA ; 47189 ; CIÉNAGA ; Fija ; 1 ; Velocidad del Viento ; m/s ; 1 
01/07/2016; CORPAMAG ; Ciénaga ; Automática ; 11.0074569 ; -74.2446083 ; 47 ; MAGDALENA ; 47189 ; CIÉNAGA ; Fija ; 1 ; Velocidad del Viento ; m/s ; 1 
01/07/2016; CORPAMAG ; Ciénaga ; Automática ; 11.0074569 ; -74.2446083 ; 47 ; MAGDALENA ; 47189 ; CIÉNAGA ; Fija ; 1 ; Velocidad del Viento ; m/s ; 1 
01/07/2016; CORPAMAG ; Ciénaga ; Automática ; 11.0074569 ; -74.2446083 ; 47 ; MAGDALENA ; 47189 ; CIÉNAGA ; Fija ; 1 ; Velocidad del Viento ; m/s ; 1 
01/07/2016; CORPAMAG ; Ciénaga ; Automática ; 11.0074569 ; -74.2446083 ; 47 ; MAGDALENA ; 47189 ; CIÉNAGA ; Fija ; 1 ; Velocidad del Viento ; m/s ; 1 
01/07/2016; CORPAMAG ; Ciénaga ; Automática ; 11.0074569 ; -74.2446083 ; 47 ; MAGDALENA ; 47189 ; CIÉNAGA ; Fija ; 1 ; Velocidad del Viento ; m/s ; 1 
01/07/2016; CORPAMAG ; Ciénaga ; Automática ; 11.0074569 ; -74.2446083 ; 47 ; MAGDALENA ; 47189 ; CIÉNAGA ; Fija ; 1 ; Velocidad del Viento ; m/s ; 1 
02/07/2016; CORPAMAG ; Ciénaga ; Automática ; 11.0074569 ; -74.2446083 ; 47 ; MAGDALENA ; 47189 ; CIÉNAGA ; Fija ; 1 ; Velocidad del Viento ; m/s ; 1 
02/07/2016; CORPAMAG ; Ciénaga ; Automática ; 11.0074569 ; -74.2446083 ; 47 ; MAGDALENA ; 47189 ; CIÉNAGA ; Fija ; 1 ; Velocidad del Viento ; m/s ; 1 
02/07/2016; CORPAMAG ; Ciénaga ; Automática ; 11.0074569 ; -74.2446083 ; 47 ; MAGDALENA ; 47189 ; CIÉNAGA ; Fija ; 1 ; Velocidad del Viento ; m/s ; 1 
02/07/2016; CORPAMAG ; Ciénaga ; Automática ; 11.0074569 ; -74.2446083 ; 47 ; MAGDALENA ; 47189 ; CIÉNAGA ; Fija ; 1 ; Velocidad del Viento ; m/s ; 1 
02/07/2016; CORPAMAG ; Ciénaga ; Automática ; 11.0074569 ; -74.2446083 ; 47 ; MAGDALENA ; 47189 ; CIÉNAGA ; Fija ; 1 ; Velocidad del Viento ; m/s ; 1 
02/07/2016; CORPAMAG ; Ciénaga ; Automática ; 11.0074569 ; -74.2446083 ; 47 ; MAGDALENA ; 47189 ; CIÉNAGA ; Fija ; 1 ; Velocidad del Viento ; m/s ; 1 
02/07/2016; CORPAMAG ; Ciénaga ; Automática ; 11.0074569 ; -74.2446083 ; 47 ; MAGDALENA ; 47189 ; CIÉNAGA ; Fija ; 1 ; Velocidad del Viento ; m/s ; 1 
02/07/2016; CORPAMAG ; Ciénaga ; Automática ; 11.0074569 ; -74.2446083 ; 47 ; MAGDALENA ; 47189 ; CIÉNAGA ; Fija ; 1 ; Velocidad del Viento ; m/s ; 1 
02/07/2016; CORPAMAG ; Ciénaga ; Automática ; 11.0074569 ; -74.2446083 ; 47 ; MAGDALENA ; 47189 ; CIÉNAGA ; Fija ; 1 ; Velocidad del Viento ; m/s ; 1 
02/07/2016; CORPAMAG ; Ciénaga ; Automática ; 11.0074569 ; -74.2446083 ; 47 ; MAGDALENA ; 47189 ; CIÉNAGA ; Fija ; 1 ; Velocidad del Viento ; m/s ; 1 
02/07/2016; CORPAMAG ; Ciénaga ; Automática ; 11.0074569 ; -74.2446083 ; 47 ; MAGDALENA ; 47189 ; CIÉNAGA ; Fija ; 1 ; Velocidad del Viento ; m/s ; 1 
02/07/2016; CORPAMAG ; Ciénaga ; Automática ; 11.0074569 ; -74.2446083 ; 47 ; MAGDALENA ; 47189 ; CIÉNAGA ; Fija ; 1 ; Velocidad del Viento ; m/s ; 1 
02/07/2016; CORPAMAG ; Ciénaga ; Automática ; 11.0074569 ; -74.2446083 ; 47 ; MAGDALENA ; 47189 ; CIÉNAGA ; Fija ; 1 ; Velocidad del Viento ; m/s ; 1 
02/07/2016; CORPAMAG ; Ciénaga ; Automática ; 11.0074569 ; -74.2446083 ; 47 ; MAGDALENA ; 47189 ; CIÉNAGA ; Fija ; 1 ; Velocidad del Viento ; m/s ; 1 
02/07/2016; CORPAMAG ; Ciénaga ; Automática ; 11.0074569 ; -74.2446083 ; 47 ; MAGDALENA ; 47189 ; CIÉNAGA ; Fija ; 1 ; Velocidad del Viento ; m/s ; 1 
02/07/2016; CORPAMAG ; Ciénaga ; Automática ; 11.0074569 ; -74.2446083 ; 47 ; MAGDALENA ; 47189 ; CIÉNAGA ; Fija ; 1 ; Velocidad del Viento ; m/s ; 1 
02/07/2016; CORPAMAG ; Ciénaga ; Automática ; 11.0074569 ; -74.2446083 ; 47 ; MAGDALENA ; 47189 ; CIÉNAGA ; Fija ; 1 ; Velocidad del Viento ; m/s ; 1 
02/07/2016; CORPAMAG ; Ciénaga ; Automática ; 11.0074569 ; -74.2446083 ; 47 ; MAGDALENA ; 47189 ; CIÉNAGA ; Fija ; 1 ; Velocidad del Viento ; m/s ; 1 
02/07/2016; CORPAMAG ; Ciénaga ; Automática ; 11.0074569 ; -74.2446083 ; 47 ; MAGDALENA ; 47189 ; CIÉNAGA ; Fija ; 1 ; Velocidad del Viento ; m/s ; 1 
02/07/2016; CORPAMAG ; Ciénaga ; Automática ; 11.0074569 ; -74.2446083 ; 47 ; MAGDALENA ; 47189 ; CIÉNAGA ; Fija ; 1 ; Velocidad del Viento ; m/s ; 1 
02/07/2016; CORPAMAG ; Ciénaga ; Automática ; 11.0074569 ; -74.2446083 ; 47 ; MAGDALENA ; 47189 ; CIÉNAGA ; Fija ; 1 ; Velocidad del Viento ; m/s ; 1 
02/07/2016; CORPAMAG ; Ciénaga ; Automática ; 11.0074569 ; -74.2446083 ; 47 ; MAGDALENA ; 47189 ; CIÉNAGA ; Fija ; 1 ; Velocidad del Viento ; m/s ; 1 
02/07/2016; CORPAMAG ; Ciénaga ; Automática ; 11.0074569 ; -74.2446083 ; 47 ; MAGDALENA ; 47189 ; CIÉNAGA ; Fija ; 1 ; Velocidad del Viento ; m/s ; 1 
02/07/2016; CORPAMAG ; Ciénaga ; Automática ; 11.0074569 ; -74.2446083 ; 47 ; MAGDALENA ; 47189 ; CIÉNAGA ; Fija ; 1 ; Velocidad del Viento ; m/s ; 1 
01/07/2016; CORPAMAG ; Tayrona ; Automática ; 11.276619 ; -74.116861 ; 47 ; MAGDALENA ; 47001 ; SANTA MARTA ; Fija ; 1 ; Velocidad del Viento ; m/s ; 1 
01/07/2016; CORPAMAG ; Tayrona ; Automática ; 11.276619 ; -74.116861 ; 47 ; MAGDALENA ; 47001 ; SANTA MARTA ; Fija ; 1 ; Velocidad del Viento ; m/s ; 1 
01/07/2016; CORPAMAG ; Tayrona ; Automática ; 11.276619 ; -74.116861 ; 47 ; MAGDALENA ; 47001 ; SANTA MARTA ; Fija ; 1 ; Velocidad del Viento ; m/s ; 1 
01/07/2016; CORPAMAG ; Tayrona ; Automática ; 11.276619 ; -74.116861 ; 47 ; MAGDALENA ; 47001 ; SANTA MARTA ; Fija ; 1 ; Velocidad del Viento ; m/s ; 1 
01/07/2016; CORPAMAG ; Tayrona ; Automática ; 11.276619 ; -74.116861 ; 47 ; MAGDALENA ; 47001 ; SANTA MARTA ; Fija ; 1 ; Velocidad del Viento ; m/s ; 1 
01/07/2016; CORPAMAG ; Tayrona ; Automática ; 11.276619 ; -74.116861 ; 47 ; MAGDALENA ; 47001 ; SANTA MARTA ; Fija ; 1 ; Velocidad del Viento ; m/s ; 1 
01/07/2016; CORPAMAG ; Tayrona ; Automática ; 11.276619 ; -74.116861 ; 47 ; MAGDALENA ; 47001 ; SANTA MARTA ; Fija ; 1 ; Velocidad del Viento ; m/s ; 1 
01/07/2016; CORPAMAG ; Tayrona ; Automática ; 11.276619 ; -74.116861 ; 47 ; MAGDALENA ; 47001 ; SANTA MARTA ; Fija ; 1 ; Velocidad del Viento ; m/s ; 1 
01/07/2016; CORPAMAG ; Tayrona ; Automática ; 11.276619 ; -74.116861 ; 47 ; MAGDALENA ; 47001 ; SANTA MARTA ; Fija ; 1 ; Velocidad del Viento ; m/s ; 1 
01/07/2016; CORPAMAG ; Tayrona ; Automática ; 11.276619 ; -74.116861 ; 47 ; MAGDALENA ; 47001 ; SANTA MARTA ; Fija ; 1 ; Velocidad del Viento ; m/s ; 1 
01/07/2016; CORPAMAG ; Tayrona ; Automática ; 11.276619 ; -74.116861 ; 47 ; MAGDALENA ; 47001 ; SANTA MARTA ; Fija ; 1 ; Velocidad del Viento ; m/s ; 1 
01/07/2016; CORPAMAG ; Tayrona ; Automática ; 11.276619 ; -74.116861 ; 47 ; MAGDALENA ; 47001 ; SANTA MARTA ; Fija ; 1 ; Velocidad del Viento ; m/s ; 1 
01/07/2016; CORPAMAG ; Tayrona ; Automática ; 11.276619 ; -74.116861 ; 47 ; MAGDALENA ; 47001 ; SANTA MARTA ; Fija ; 1 ; Velocidad del Viento ; m/s ; 1 
01/07/2016; CORPAMAG ; Tayrona ; Automática ; 11.276619 ; -74.116861 ; 47 ; MAGDALENA ; 47001 ; SANTA MARTA ; Fija ; 1 ; Velocidad del Viento ; m/s ; 1 
01/07/2016; CORPAMAG ; Tayrona ; Automática ; 11.276619 ; -74.116861 ; 47 ; MAGDALENA ; 47001 ; SANTA MARTA ; Fija ; 1 ; Velocidad del Viento ; m/s ; 1 
01/07/2016; CORPAMAG ; Tayrona ; Automática ; 11.276619 ; -74.116861 ; 47 ; MAGDALENA ; 47001 ; SANTA MARTA ; Fija ; 1 ; Velocidad del Viento ; m/s ; 1 
01/07/2016; CORPAMAG ; Tayrona ; Automática ; 11.276619 ; -74.116861 ; 47 ; MAGDALENA ; 47001 ; SANTA MARTA ; Fija ; 1 ; Velocidad del Viento ; m/s ; 1 
01/07/2016; CORPAMAG ; Tayrona ; Automática ; 11.276619 ; -74.116861 ; 47 ; MAGDALENA ; 47001 ; SANTA MARTA ; Fija ; 1 ; Velocidad del Viento ; m/s ; 1 
01/07/2016; CORPAMAG ; Tayrona ; Automática ; 11.276619 ; -74.116861 ; 47 ; MAGDALENA ; 47001 ; SANTA MARTA ; Fija ; 1 ; Velocidad del Viento ; m/s ; 1 
01/07/2016; CORPAMAG ; Tayrona ; Automática ; 11.276619 ; -74.116861 ; 47 ; MAGDALENA ; 47001 ; SANTA MARTA ; Fija ; 1 ; Velocidad del Viento ; m/s ; 1 
01/07/2016; CORPAMAG ; Tayrona ; Automática ; 11.276619 ; -74.116861 ; 47 ; MAGDALENA ; 47001 ; SANTA MARTA ; Fija ; 1 ; Velocidad del Viento ; m/s ; 1 
01/07/2016; CORPAMAG ; Tayrona ; Automática ; 11.276619 ; -74.116861 ; 47 ; MAGDALENA ; 47001 ; SANTA MARTA ; Fija ; 1 ; Velocidad del Viento ; m/s ; 1 
01/07/2016; CORPAMAG ; Tayrona ; Automática ; 11.276619 ; -74.116861 ; 47 ; MAGDALENA ; 47001 ; SANTA MARTA ; Fija ; 1 ; Velocidad del Viento ; m/s ; 1 
02/07/2016; CORPAMAG ; Tayrona ; Automática ; 11.276619 ; -74.116861 ; 47 ; MAGDALENA ; 47001 ; SANTA MARTA ; Fija ; 1 ; Velocidad del Viento ; m/s ; 1 
02/07/2016; CORPAMAG ; Tayrona ; Automática ; 11.276619 ; -74.116861 ; 47 ; MAGDALENA ; 47001 ; SANTA MARTA ; Fija ; 1 ; Velocidad del Viento ; m/s ; 1 
02/07/2016; CORPAMAG ; Tayrona ; Automática ; 11.276619 ; -74.116861 ; 47 ; MAGDALENA ; 47001 ; SANTA MARTA ; Fija ; 1 ; Velocidad del Viento ; m/s ; 1 
02/07/2016; CORPAMAG ; Tayrona ; Automática ; 11.276619 ; -74.116861 ; 47 ; MAGDALENA ; 47001 ; SANTA MARTA ; Fija ; 1 ; Velocidad del Viento ; m/s ; 1 
02/07/2016; CORPAMAG ; Tayrona ; Automática ; 11.276619 ; -74.116861 ; 47 ; MAGDALENA ; 47001 ; SANTA MARTA ; Fija ; 1 ; Velocidad del Viento ; m/s ; 1 
02/07/2016; CORPAMAG ; Tayrona ; Automática ; 11.276619 ; -74.116861 ; 47 ; MAGDALENA ; 47001 ; SANTA MARTA ; Fija ; 1 ; Velocidad del Viento ; m/s ; 1 
02/07/2016; CORPAMAG ; Tayrona ; Automática ; 11.276619 ; -74.116861 ; 47 ; MAGDALENA ; 47001 ; SANTA MARTA ; Fija ; 1 ; Velocidad del Viento ; m/s ; 1 
02/07/2016; CORPAMAG ; Tayrona ; Automática ; 11.276619 ; -74.116861 ; 47 ; MAGDALENA ; 47001 ; SANTA MARTA ; Fija ; 1 ; Velocidad del Viento ; m/s ; 1 
02/07/2016; CORPAMAG ; Tayrona ; Automática ; 11.276619 ; -74.116861 ; 47 ; MAGDALENA ; 47001 ; SANTA MARTA ; Fija ; 1 ; Velocidad del Viento ; m/s ; 1 
02/07/2016; CORPAMAG ; Tayrona ; Automática ; 11.276619 ; -74.116861 ; 47 ; MAGDALENA ; 47001 ; SANTA MARTA ; Fija ; 1 ; Velocidad del Viento ; m/s ; 1 
02/07/2016; CORPAMAG ; Tayrona ; Automática ; 11.276619 ; -74.116861 ; 47 ; MAGDALENA ; 47001 ; SANTA MARTA ; Fija ; 1 ; Velocidad del Viento ; m/s ; 1 
02/07/2016; CORPAMAG ; Tayrona ; Automática ; 11.276619 ; -74.116861 ; 47 ; MAGDALENA ; 47001 ; SANTA MARTA ; Fija ; 1 ; Velocidad del Viento ; m/s ; 1 
02/07/2016; CORPAMAG ; Tayrona ; Automática ; 11.276619 ; -74.116861 ; 47 ; MAGDALENA ; 47001 ; SANTA MARTA ; Fija ; 1 ; Velocidad del Viento ; m/s ; 1 
02/07/2016; CORPAMAG ; Tayrona ; Automática ; 11.276619 ; -74.116861 ; 47 ; MAGDALENA ; 47001 ; SANTA MARTA ; Fija ; 1 ; Velocidad del Viento ; m/s ; 1 
02/07/2016; CORPAMAG ; Tayrona ; Automática ; 11.276619 ; -74.116861 ; 47 ; MAGDALENA ; 47001 ; SANTA MARTA ; Fija ; 1 ; Velocidad del Viento ; m/s ; 1 
02/07/2016; CORPAMAG ; Tayrona ; Automática ; 11.276619 ; -74.116861 ; 47 ; MAGDALENA ; 47001 ; SANTA MARTA ; Fija ; 1 ; Velocidad del Viento ; m/s ; 1 
02/07/2016; CORPAMAG ; Tayrona ; Automática ; 11.276619 ; -74.116861 ; 47 ; MAGDALENA ; 47001 ; SANTA MARTA ; Fija ; 1 ; Velocidad del Viento ; m/s ; 1 
02/07/2016; CORPAMAG ; Tayrona ; Automática ; 11.276619 ; -74.116861 ; 47 ; MAGDALENA ; 47001 ; SANTA MARTA ; Fija ; 1 ; Velocidad del Viento ; m/s ; 1 
02/07/2016; CORPAMAG ; Tayrona ; Automática ; 11.276619 ; -74.116861 ; 47 ; MAGDALENA ; 47001 ; SANTA MARTA ; Fija ; 1 ; Velocidad del Viento ; m/s ; 1 
02/07/2016; CORPAMAG ; Tayrona ; Automática ; 11.276619 ; -74.116861 ; 47 ; MAGDALENA ; 47001 ; SANTA MARTA ; Fija ; 1 ; Velocidad del Viento ; m/s ; 1 
02/07/2016; CORPAMAG ; Tayrona ; Automática ; 11.276619 ; -74.116861 ; 47 ; MAGDALENA ; 47001 ; SANTA MARTA ; Fija ; 1 ; Velocidad del Viento ; m/s ; 1 
02/07/2016; CORPAMAG ; Tayrona ; Automática ; 11.276619 ; -74.116861 ; 47 ; MAGDALENA ; 47001 ; SANTA MARTA ; Fija ; 1 ; Velocidad del Viento ; m/s ; 1 
02/07/2016; CORPAMAG ; Tayrona ; Automática ; 11.276619 ; -74.116861 ; 47 ; MAGDALENA ; 47001 ; SANTA MARTA ; Fija ; 1 ; Velocidad del Viento ; m/s ; 1 
02/07/2016; CORPAMAG ; Tayrona ; Automática ; 11.276619 ; -74.116861 ; 47 ; MAGDALENA ; 47001 ; SANTA MARTA ; Fija ; 1 ; Velocidad del Viento ; m/s ; 1 
01/07/2016; CORPAMAG ; UNIMAG ; Automática ; 11.225198 ; -74.1864444 ; 47 ; MAGDALENA ; 47001 ; SANTA MARTA ; Fija ; 1 ; Velocidad del Viento ; m/s ; 1 
01/07/2016; CORPAMAG ; UNIMAG ; Automática ; 11.225198 ; -74.1864444 ; 47 ; MAGDALENA ; 47001 ; SANTA MARTA ; Fija ; 1 ; Velocidad del Viento ; m/s ; 1 
01/07/2016; CORPAMAG ; UNIMAG ; Automática ; 11.225198 ; -74.1864444 ; 47 ; MAGDALENA ; 47001 ; SANTA MARTA ; Fija ; 1 ; Velocidad del Viento ; m/s ; 1 
01/07/2016; CORPAMAG ; UNIMAG ; Automática ; 11.225198 ; -74.1864444 ; 47 ; MAGDALENA ; 47001 ; SANTA MARTA ; Fija ; 1 ; Velocidad del Viento ; m/s ; 1 
01/07/2016; CORPAMAG ; UNIMAG ; Automática ; 11.225198 ; -74.1864444 ; 47 ; MAGDALENA ; 47001 ; SANTA MARTA ; Fija ; 1 ; Velocidad del Viento ; m/s ; 1 
01/07/2016; CORPAMAG ; UNIMAG ; Automática ; 11.225198 ; -74.1864444 ; 47 ; MAGDALENA ; 47001 ; SANTA MARTA ; Fija ; 1 ; Velocidad del Viento ; m/s ; 1 
01/07/2016; CORPAMAG ; UNIMAG ; Automática ; 11.225198 ; -74.1864444 ; 47 ; MAGDALENA ; 47001 ; SANTA MARTA ; Fija ; 1 ; Velocidad del Viento ; m/s ; 1 
01/07/2016; CORPAMAG ; UNIMAG ; Automática ; 11.225198 ; -74.1864444 ; 47 ; MAGDALENA ; 47001 ; SANTA MARTA ; Fija ; 1 ; Velocidad del Viento ; m/s ; 1 
01/07/2016; CORPAMAG ; UNIMAG ; Automática ; 11.225198 ; -74.1864444 ; 47 ; MAGDALENA ; 47001 ; SANTA MARTA ; Fija ; 1 ; Velocidad del Viento ; m/s ; 1 
01/07/2016; CORPAMAG ; UNIMAG ; Automática ; 11.225198 ; -74.1864444 ; 47 ; MAGDALENA ; 47001 ; SANTA MARTA ; Fija ; 1 ; Velocidad del Viento ; m/s ; 1 
01/07/2016; CORPAMAG ; UNIMAG ; Automática ; 11.225198 ; -74.1864444 ; 47 ; MAGDALENA ; 47001 ; SANTA MARTA ; Fija ; 1 ; Velocidad del Viento ; m/s ; 1 
01/07/2016; CORPAMAG ; UNIMAG ; Automática ; 11.225198 ; -74.1864444 ; 47 ; MAGDALENA ; 47001 ; SANTA MARTA ; Fija ; 1 ; Velocidad del Viento ; m/s ; 1 
01/07/2016; CORPAMAG ; UNIMAG ; Automática ; 11.225198 ; -74.1864444 ; 47 ; MAGDALENA ; 47001 ; SANTA MARTA ; Fija ; 1 ; Velocidad del Viento ; m/s ; 1 
01/07/2016; CORPAMAG ; UNIMAG ; Automática ; 11.225198 ; -74.1864444 ; 47 ; MAGDALENA ; 47001 ; SANTA MARTA ; Fija ; 1 ; Velocidad del Viento ; m/s ; 1 
01/07/2016; CORPAMAG ; UNIMAG ; Automática ; 11.225198 ; -74.1864444 ; 47 ; MAGDALENA ; 47001 ; SANTA MARTA ; Fija ; 1 ; Velocidad del Viento ; m/s ; 1 
01/07/2016; CORPAMAG ; UNIMAG ; Automática ; 11.225198 ; -74.1864444 ; 47 ; MAGDALENA ; 47001 ; SANTA MARTA ; Fija ; 1 ; Velocidad del Viento ; m/s ; 1 
01/07/2016; CORPAMAG ; UNIMAG ; Automática ; 11.225198 ; -74.1864444 ; 47 ; MAGDALENA ; 47001 ; SANTA MARTA ; Fija ; 1 ; Velocidad del Viento ; m/s ; 1 
01/07/2016; CORPAMAG ; UNIMAG ; Automática ; 11.225198 ; -74.1864444 ; 47 ; MAGDALENA ; 47001 ; SANTA MARTA ; Fija ; 1 ; Velocidad del Viento ; m/s ; 1 
01/07/2016; CORPAMAG ; UNIMAG ; Automática ; 11.225198 ; -74.1864444 ; 47 ; MAGDALENA ; 47001 ; SANTA MARTA ; Fija ; 1 ; Velocidad del Viento ; m/s ; 1 
01/07/2016; CORPAMAG ; UNIMAG ; Automática ; 11.225198 ; -74.1864444 ; 47 ; MAGDALENA ; 47001 ; SANTA MARTA ; Fija ; 1 ; Velocidad del Viento ; m/s ; 1 
01/07/2016; CORPAMAG ; UNIMAG ; Automática ; 11.225198 ; -74.1864444 ; 47 ; MAGDALENA ; 47001 ; SANTA MARTA ; Fija ; 1 ; Velocidad del Viento ; m/s ; 1 
01/07/2016; CORPAMAG ; UNIMAG ; Automática ; 11.225198 ; -74.1864444 ; 47 ; MAGDALENA ; 47001 ; SANTA MARTA ; Fija ; 1 ; Velocidad del Viento ; m/s ; 1 
01/07/2016; CORPAMAG ; UNIMAG ; Automática ; 11.225198 ; -74.1864444 ; 47 ; MAGDALENA ; 47001 ; SANTA MARTA ; Fija ; 1 ; Velocidad del Viento ; m/s ; 1 
02/07/2016; CORPAMAG ; UNIMAG ; Automática ; 11.225198 ; -74.1864444 ; 47 ; MAGDALENA ; 47001 ; SANTA MARTA ; Fija ; 1 ; Velocidad del Viento ; m/s ; 1 
02/07/2016; CORPAMAG ; UNIMAG ; Automática ; 11.225198 ; -74.1864444 ; 47 ; MAGDALENA ; 47001 ; SANTA MARTA ; Fija ; 1 ; Velocidad del Viento ; m/s ; 1 
02/07/2016; CORPAMAG ; UNIMAG ; Automática ; 11.225198 ; -74.1864444 ; 47 ; MAGDALENA ; 47001 ; SANTA MARTA ; Fija ; 1 ; Velocidad del Viento ; m/s ; 1 
02/07/2016; CORPAMAG ; UNIMAG ; Automática ; 11.225198 ; -74.1864444 ; 47 ; MAGDALENA ; 47001 ; SANTA MARTA ; Fija ; 1 ; Velocidad del Viento ; m/s ; 1 
02/07/2016; CORPAMAG ; UNIMAG ; Automática ; 11.225198 ; -74.1864444 ; 47 ; MAGDALENA ; 47001 ; SANTA MARTA ; Fija ; 1 ; Velocidad del Viento ; m/s ; 1 
02/07/2016; CORPAMAG ; UNIMAG ; Automática ; 11.225198 ; -74.1864444 ; 47 ; MAGDALENA ; 47001 ; SANTA MARTA ; Fija ; 1 ; Velocidad del Viento ; m/s ; 1 
02/07/2016; CORPAMAG ; UNIMAG ; Automática ; 11.225198 ; -74.1864444 ; 47 ; MAGDALENA ; 47001 ; SANTA MARTA ; Fija ; 1 ; Velocidad del Viento ; m/s ; 1 
02/07/2016; CORPAMAG ; UNIMAG ; Automática ; 11.225198 ; -74.1864444 ; 47 ; MAGDALENA ; 47001 ; SANTA MARTA ; Fija ; 1 ; Velocidad del Viento ; m/s ; 1 
02/07/2016; CORPAMAG ; UNIMAG ; Automática ; 11.225198 ; -74.1864444 ; 47 ; MAGDALENA ; 47001 ; SANTA MARTA ; Fija ; 1 ; Velocidad del Viento ; m/s ; 1 
02/07/2016; CORPAMAG ; UNIMAG ; Automática ; 11.225198 ; -74.1864444 ; 47 ; MAGDALENA ; 47001 ; SANTA MARTA ; Fija ; 1 ; Velocidad del Viento ; m/s ; 1 
02/07/2016; CORPAMAG ; UNIMAG ; Automática ; 11.225198 ; -74.1864444 ; 47 ; MAGDALENA ; 47001 ; SANTA MARTA ; Fija ; 1 ; Velocidad del Viento ; m/s ; 1 
02/07/2016; CORPAMAG ; UNIMAG ; Automática ; 11.225198 ; -74.1864444 ; 47 ; MAGDALENA ; 47001 ; SANTA MARTA ; Fija ; 1 ; Velocidad del Viento ; m/s ; 1 
02/07/2016; CORPAMAG ; UNIMAG ; Automática ; 11.225198 ; -74.1864444 ; 47 ; MAGDALENA ; 47001 ; SANTA MARTA ; Fija ; 1 ; Velocidad del Viento ; m/s ; 1 
02/07/2016; CORPAMAG ; UNIMAG ; Automática ; 11.225198 ; -74.1864444 ; 47 ; MAGDALENA ; 47001 ; SANTA MARTA ; Fija ; 1 ; Velocidad del Viento ; m/s ; 1 
02/07/2016; CORPAMAG ; UNIMAG ; Automática ; 11.225198 ; -74.1864444 ; 47 ; MAGDALENA ; 47001 ; SANTA MARTA ; Fija ; 1 ; Velocidad del Viento ; m/s ; 1 
02/07/2016; CORPAMAG ; UNIMAG ; Automática ; 11.225198 ; -74.1864444 ; 47 ; MAGDALENA ; 47001 ; SANTA MARTA ; Fija ; 1 ; Velocidad del Viento ; m/s ; 1 
02/07/2016; CORPAMAG ; UNIMAG ; Automática ; 11.225198 ; -74.1864444 ; 47 ; MAGDALENA ; 47001 ; SANTA MARTA ; Fija ; 1 ; Velocidad del Viento ; m/s ; 1 
02/07/2016; CORPAMAG ; UNIMAG ; Automática ; 11.225198 ; -74.1864444 ; 47 ; MAGDALENA ; 47001 ; SANTA MARTA ; Fija ; 1 ; Velocidad del Viento ; m/s ; 1 
02/07/2016; CORPAMAG ; UNIMAG ; Automática ; 11.225198 ; -74.1864444 ; 47 ; MAGDALENA ; 47001 ; SANTA MARTA ; Fija ; 1 ; Velocidad del Viento ; m/s ; 1 
02/07/2016; CORPAMAG ; UNIMAG ; Automática ; 11.225198 ; -74.1864444 ; 47 ; MAGDALENA ; 47001 ; SANTA MARTA ; Fija ; 1 ; Velocidad del Viento ; m/s ; 1 
02/07/2016; CORPAMAG ; UNIMAG ; Automática ; 11.225198 ; -74.1864444 ; 47 ; MAGDALENA ; 47001 ; SANTA MARTA ; Fija ; 1 ; Velocidad del Viento ; m/s ; 1 
02/07/2016; CORPAMAG ; UNIMAG ; Automática ; 11.225198 ; -74.1864444 ; 47 ; MAGDALENA ; 47001 ; SANTA MARTA ; Fija ; 1 ; Velocidad del Viento ; m/s ; 1 
02/07/2016; CORPAMAG ; UNIMAG ; Automática ; 11.225198 ; -74.1864444 ; 47 ; MAGDALENA ; 47001 ; SANTA MARTA ; Fija ; 1 ; Velocidad del Viento ; m/s ; 1 
02/07/2016; CORPAMAG ; UNIMAG ; Automática ; 11.225198 ; -74.1864444 ; 47 ; MAGDALENA ; 47001 ; SANTA MARTA ; Fija ; 1 ; Velocidad del Viento ; m/s ; 1 
