01/01/2014; CORTOLIMA ; CORTOLIMA ; Automática ; 4.433181 ; -75.211139 ; 73 ; TOLIMA ; 73001 ; IBAGUÉ ; Fija ; 1 ; Velocidad del Viento ; m/s ; 0 
01/01/2014; CORTOLIMA ; CORTOLIMA ; Automática ; 4.433181 ; -75.211139 ; 73 ; TOLIMA ; 73001 ; IBAGUÉ ; Fija ; 1 ; Velocidad del Viento ; m/s ; 0.9 
01/01/2014; CORTOLIMA ; CORTOLIMA ; Automática ; 4.433181 ; -75.211139 ; 73 ; TOLIMA ; 73001 ; IBAGUÉ ; Fija ; 1 ; Velocidad del Viento ; m/s ; 0 
01/01/2014; CORTOLIMA ; CORTOLIMA ; Automática ; 4.433181 ; -75.211139 ; 73 ; TOLIMA ; 73001 ; IBAGUÉ ; Fija ; 1 ; Velocidad del Viento ; m/s ; 0.4 
01/01/2014; CORTOLIMA ; CORTOLIMA ; Automática ; 4.433181 ; -75.211139 ; 73 ; TOLIMA ; 73001 ; IBAGUÉ ; Fija ; 1 ; Velocidad del Viento ; m/s ; 0.4 
01/01/2014; CORTOLIMA ; CORTOLIMA ; Automática ; 4.433181 ; -75.211139 ; 73 ; TOLIMA ; 73001 ; IBAGUÉ ; Fija ; 1 ; Velocidad del Viento ; m/s ; 0.4 
01/01/2014; CORTOLIMA ; CORTOLIMA ; Automática ; 4.433181 ; -75.211139 ; 73 ; TOLIMA ; 73001 ; IBAGUÉ ; Fija ; 1 ; Velocidad del Viento ; m/s ; 0 
01/01/2014; CORTOLIMA ; CORTOLIMA ; Automática ; 4.433181 ; -75.211139 ; 73 ; TOLIMA ; 73001 ; IBAGUÉ ; Fija ; 1 ; Velocidad del Viento ; m/s ; 0.4 
01/01/2014; CORTOLIMA ; CORTOLIMA ; Automática ; 4.433181 ; -75.211139 ; 73 ; TOLIMA ; 73001 ; IBAGUÉ ; Fija ; 1 ; Velocidad del Viento ; m/s ; 0.9 
01/01/2014; CORTOLIMA ; CORTOLIMA ; Automática ; 4.433181 ; -75.211139 ; 73 ; TOLIMA ; 73001 ; IBAGUÉ ; Fija ; 1 ; Velocidad del Viento ; m/s ; 0.9 
01/01/2014; CORTOLIMA ; CORTOLIMA ; Automática ; 4.433181 ; -75.211139 ; 73 ; TOLIMA ; 73001 ; IBAGUÉ ; Fija ; 1 ; Velocidad del Viento ; m/s ; 1.8 
01/01/2014; CORTOLIMA ; CORTOLIMA ; Automática ; 4.433181 ; -75.211139 ; 73 ; TOLIMA ; 73001 ; IBAGUÉ ; Fija ; 1 ; Velocidad del Viento ; m/s ; 1.8 
01/01/2014; CORTOLIMA ; CORTOLIMA ; Automática ; 4.433181 ; -75.211139 ; 73 ; TOLIMA ; 73001 ; IBAGUÉ ; Fija ; 1 ; Velocidad del Viento ; m/s ; 1.3 
01/01/2014; CORTOLIMA ; CORTOLIMA ; Automática ; 4.433181 ; -75.211139 ; 73 ; TOLIMA ; 73001 ; IBAGUÉ ; Fija ; 1 ; Velocidad del Viento ; m/s ; 1.8 
01/01/2014; CORTOLIMA ; CORTOLIMA ; Automática ; 4.433181 ; -75.211139 ; 73 ; TOLIMA ; 73001 ; IBAGUÉ ; Fija ; 1 ; Velocidad del Viento ; m/s ; 1.8 
01/01/2014; CORTOLIMA ; CORTOLIMA ; Automática ; 4.433181 ; -75.211139 ; 73 ; TOLIMA ; 73001 ; IBAGUÉ ; Fija ; 1 ; Velocidad del Viento ; m/s ; 1.8 
01/01/2014; CORTOLIMA ; CORTOLIMA ; Automática ; 4.433181 ; -75.211139 ; 73 ; TOLIMA ; 73001 ; IBAGUÉ ; Fija ; 1 ; Velocidad del Viento ; m/s ; 1.8 
01/01/2014; CORTOLIMA ; CORTOLIMA ; Automática ; 4.433181 ; -75.211139 ; 73 ; TOLIMA ; 73001 ; IBAGUÉ ; Fija ; 1 ; Velocidad del Viento ; m/s ; 1.3 
01/01/2014; CORTOLIMA ; CORTOLIMA ; Automática ; 4.433181 ; -75.211139 ; 73 ; TOLIMA ; 73001 ; IBAGUÉ ; Fija ; 1 ; Velocidad del Viento ; m/s ; 1.3 
01/01/2014; CORTOLIMA ; CORTOLIMA ; Automática ; 4.433181 ; -75.211139 ; 73 ; TOLIMA ; 73001 ; IBAGUÉ ; Fija ; 1 ; Velocidad del Viento ; m/s ; 0.4 
01/01/2014; CORTOLIMA ; CORTOLIMA ; Automática ; 4.433181 ; -75.211139 ; 73 ; TOLIMA ; 73001 ; IBAGUÉ ; Fija ; 1 ; Velocidad del Viento ; m/s ; 0 
01/01/2014; CORTOLIMA ; CORTOLIMA ; Automática ; 4.433181 ; -75.211139 ; 73 ; TOLIMA ; 73001 ; IBAGUÉ ; Fija ; 1 ; Velocidad del Viento ; m/s ; 0.4 
01/01/2014; CORTOLIMA ; CORTOLIMA ; Automática ; 4.433181 ; -75.211139 ; 73 ; TOLIMA ; 73001 ; IBAGUÉ ; Fija ; 1 ; Velocidad del Viento ; m/s ; 0 
01/01/2014; CORTOLIMA ; CORTOLIMA ; Automática ; 4.433181 ; -75.211139 ; 73 ; TOLIMA ; 73001 ; IBAGUÉ ; Fija ; 1 ; Velocidad del Viento ; m/s ; 0 
02/01/2014; CORTOLIMA ; CORTOLIMA ; Automática ; 4.433181 ; -75.211139 ; 73 ; TOLIMA ; 73001 ; IBAGUÉ ; Fija ; 1 ; Velocidad del Viento ; m/s ; 0.4 
02/01/2014; CORTOLIMA ; CORTOLIMA ; Automática ; 4.433181 ; -75.211139 ; 73 ; TOLIMA ; 73001 ; IBAGUÉ ; Fija ; 1 ; Velocidad del Viento ; m/s ; 0.9 
02/01/2014; CORTOLIMA ; CORTOLIMA ; Automática ; 4.433181 ; -75.211139 ; 73 ; TOLIMA ; 73001 ; IBAGUÉ ; Fija ; 1 ; Velocidad del Viento ; m/s ; 0.4 
02/01/2014; CORTOLIMA ; CORTOLIMA ; Automática ; 4.433181 ; -75.211139 ; 73 ; TOLIMA ; 73001 ; IBAGUÉ ; Fija ; 1 ; Velocidad del Viento ; m/s ; 0.9 
02/01/2014; CORTOLIMA ; CORTOLIMA ; Automática ; 4.433181 ; -75.211139 ; 73 ; TOLIMA ; 73001 ; IBAGUÉ ; Fija ; 1 ; Velocidad del Viento ; m/s ; 0.9 
02/01/2014; CORTOLIMA ; CORTOLIMA ; Automática ; 4.433181 ; -75.211139 ; 73 ; TOLIMA ; 73001 ; IBAGUÉ ; Fija ; 1 ; Velocidad del Viento ; m/s ; 0.9 
02/01/2014; CORTOLIMA ; CORTOLIMA ; Automática ; 4.433181 ; -75.211139 ; 73 ; TOLIMA ; 73001 ; IBAGUÉ ; Fija ; 1 ; Velocidad del Viento ; m/s ; 0.4 
02/01/2014; CORTOLIMA ; CORTOLIMA ; Automática ; 4.433181 ; -75.211139 ; 73 ; TOLIMA ; 73001 ; IBAGUÉ ; Fija ; 1 ; Velocidad del Viento ; m/s ; 0.4 
02/01/2014; CORTOLIMA ; CORTOLIMA ; Automática ; 4.433181 ; -75.211139 ; 73 ; TOLIMA ; 73001 ; IBAGUÉ ; Fija ; 1 ; Velocidad del Viento ; m/s ; 0.4 
02/01/2014; CORTOLIMA ; CORTOLIMA ; Automática ; 4.433181 ; -75.211139 ; 73 ; TOLIMA ; 73001 ; IBAGUÉ ; Fija ; 1 ; Velocidad del Viento ; m/s ; 0.4 
02/01/2014; CORTOLIMA ; CORTOLIMA ; Automática ; 4.433181 ; -75.211139 ; 73 ; TOLIMA ; 73001 ; IBAGUÉ ; Fija ; 1 ; Velocidad del Viento ; m/s ; 0 
02/01/2014; CORTOLIMA ; CORTOLIMA ; Automática ; 4.433181 ; -75.211139 ; 73 ; TOLIMA ; 73001 ; IBAGUÉ ; Fija ; 1 ; Velocidad del Viento ; m/s ; 1.3 
02/01/2014; CORTOLIMA ; CORTOLIMA ; Automática ; 4.433181 ; -75.211139 ; 73 ; TOLIMA ; 73001 ; IBAGUÉ ; Fija ; 1 ; Velocidad del Viento ; m/s ; 2.2 
02/01/2014; CORTOLIMA ; CORTOLIMA ; Automática ; 4.433181 ; -75.211139 ; 73 ; TOLIMA ; 73001 ; IBAGUÉ ; Fija ; 1 ; Velocidad del Viento ; m/s ; 1.3 
02/01/2014; CORTOLIMA ; CORTOLIMA ; Automática ; 4.433181 ; -75.211139 ; 73 ; TOLIMA ; 73001 ; IBAGUÉ ; Fija ; 1 ; Velocidad del Viento ; m/s ; 1.3 
02/01/2014; CORTOLIMA ; CORTOLIMA ; Automática ; 4.433181 ; -75.211139 ; 73 ; TOLIMA ; 73001 ; IBAGUÉ ; Fija ; 1 ; Velocidad del Viento ; m/s ; 1.3 
02/01/2014; CORTOLIMA ; CORTOLIMA ; Automática ; 4.433181 ; -75.211139 ; 73 ; TOLIMA ; 73001 ; IBAGUÉ ; Fija ; 1 ; Velocidad del Viento ; m/s ; 1.3 
02/01/2014; CORTOLIMA ; CORTOLIMA ; Automática ; 4.433181 ; -75.211139 ; 73 ; TOLIMA ; 73001 ; IBAGUÉ ; Fija ; 1 ; Velocidad del Viento ; m/s ; 0.9 
02/01/2014; CORTOLIMA ; CORTOLIMA ; Automática ; 4.433181 ; -75.211139 ; 73 ; TOLIMA ; 73001 ; IBAGUÉ ; Fija ; 1 ; Velocidad del Viento ; m/s ; 0 
02/01/2014; CORTOLIMA ; CORTOLIMA ; Automática ; 4.433181 ; -75.211139 ; 73 ; TOLIMA ; 73001 ; IBAGUÉ ; Fija ; 1 ; Velocidad del Viento ; m/s ; 0 
02/01/2014; CORTOLIMA ; CORTOLIMA ; Automática ; 4.433181 ; -75.211139 ; 73 ; TOLIMA ; 73001 ; IBAGUÉ ; Fija ; 1 ; Velocidad del Viento ; m/s ; 0.4 
02/01/2014; CORTOLIMA ; CORTOLIMA ; Automática ; 4.433181 ; -75.211139 ; 73 ; TOLIMA ; 73001 ; IBAGUÉ ; Fija ; 1 ; Velocidad del Viento ; m/s ; 0.4 
02/01/2014; CORTOLIMA ; CORTOLIMA ; Automática ; 4.433181 ; -75.211139 ; 73 ; TOLIMA ; 73001 ; IBAGUÉ ; Fija ; 1 ; Velocidad del Viento ; m/s ; 0 
02/01/2014; CORTOLIMA ; CORTOLIMA ; Automática ; 4.433181 ; -75.211139 ; 73 ; TOLIMA ; 73001 ; IBAGUÉ ; Fija ; 1 ; Velocidad del Viento ; m/s ; 0.4 
03/01/2014; CORTOLIMA ; CORTOLIMA ; Automática ; 4.433181 ; -75.211139 ; 73 ; TOLIMA ; 73001 ; IBAGUÉ ; Fija ; 1 ; Velocidad del Viento ; m/s ; 0.9 
03/01/2014; CORTOLIMA ; CORTOLIMA ; Automática ; 4.433181 ; -75.211139 ; 73 ; TOLIMA ; 73001 ; IBAGUÉ ; Fija ; 1 ; Velocidad del Viento ; m/s ; 0.4 
03/01/2014; CORTOLIMA ; CORTOLIMA ; Automática ; 4.433181 ; -75.211139 ; 73 ; TOLIMA ; 73001 ; IBAGUÉ ; Fija ; 1 ; Velocidad del Viento ; m/s ; 0 
03/01/2014; CORTOLIMA ; CORTOLIMA ; Automática ; 4.433181 ; -75.211139 ; 73 ; TOLIMA ; 73001 ; IBAGUÉ ; Fija ; 1 ; Velocidad del Viento ; m/s ; 0 
03/01/2014; CORTOLIMA ; CORTOLIMA ; Automática ; 4.433181 ; -75.211139 ; 73 ; TOLIMA ; 73001 ; IBAGUÉ ; Fija ; 1 ; Velocidad del Viento ; m/s ; 0.9 
03/01/2014; CORTOLIMA ; CORTOLIMA ; Automática ; 4.433181 ; -75.211139 ; 73 ; TOLIMA ; 73001 ; IBAGUÉ ; Fija ; 1 ; Velocidad del Viento ; m/s ; 1.3 
03/01/2014; CORTOLIMA ; CORTOLIMA ; Automática ; 4.433181 ; -75.211139 ; 73 ; TOLIMA ; 73001 ; IBAGUÉ ; Fija ; 1 ; Velocidad del Viento ; m/s ; 1.3 
03/01/2014; CORTOLIMA ; CORTOLIMA ; Automática ; 4.433181 ; -75.211139 ; 73 ; TOLIMA ; 73001 ; IBAGUÉ ; Fija ; 1 ; Velocidad del Viento ; m/s ; 0.9 
03/01/2014; CORTOLIMA ; CORTOLIMA ; Automática ; 4.433181 ; -75.211139 ; 73 ; TOLIMA ; 73001 ; IBAGUÉ ; Fija ; 1 ; Velocidad del Viento ; m/s ; 0.4 
03/01/2014; CORTOLIMA ; CORTOLIMA ; Automática ; 4.433181 ; -75.211139 ; 73 ; TOLIMA ; 73001 ; IBAGUÉ ; Fija ; 1 ; Velocidad del Viento ; m/s ; 0.9 
03/01/2014; CORTOLIMA ; CORTOLIMA ; Automática ; 4.433181 ; -75.211139 ; 73 ; TOLIMA ; 73001 ; IBAGUÉ ; Fija ; 1 ; Velocidad del Viento ; m/s ; 1.8 
03/01/2014; CORTOLIMA ; CORTOLIMA ; Automática ; 4.433181 ; -75.211139 ; 73 ; TOLIMA ; 73001 ; IBAGUÉ ; Fija ; 1 ; Velocidad del Viento ; m/s ; 1.8 
03/01/2014; CORTOLIMA ; CORTOLIMA ; Automática ; 4.433181 ; -75.211139 ; 73 ; TOLIMA ; 73001 ; IBAGUÉ ; Fija ; 1 ; Velocidad del Viento ; m/s ; 1.3 
03/01/2014; CORTOLIMA ; CORTOLIMA ; Automática ; 4.433181 ; -75.211139 ; 73 ; TOLIMA ; 73001 ; IBAGUÉ ; Fija ; 1 ; Velocidad del Viento ; m/s ; 1.8 
03/01/2014; CORTOLIMA ; CORTOLIMA ; Automática ; 4.433181 ; -75.211139 ; 73 ; TOLIMA ; 73001 ; IBAGUÉ ; Fija ; 1 ; Velocidad del Viento ; m/s ; 1.8 
03/01/2014; CORTOLIMA ; CORTOLIMA ; Automática ; 4.433181 ; -75.211139 ; 73 ; TOLIMA ; 73001 ; IBAGUÉ ; Fija ; 1 ; Velocidad del Viento ; m/s ; 2.2 
03/01/2014; CORTOLIMA ; CORTOLIMA ; Automática ; 4.433181 ; -75.211139 ; 73 ; TOLIMA ; 73001 ; IBAGUÉ ; Fija ; 1 ; Velocidad del Viento ; m/s ; 2.2 
03/01/2014; CORTOLIMA ; CORTOLIMA ; Automática ; 4.433181 ; -75.211139 ; 73 ; TOLIMA ; 73001 ; IBAGUÉ ; Fija ; 1 ; Velocidad del Viento ; m/s ; 2.2 
03/01/2014; CORTOLIMA ; CORTOLIMA ; Automática ; 4.433181 ; -75.211139 ; 73 ; TOLIMA ; 73001 ; IBAGUÉ ; Fija ; 1 ; Velocidad del Viento ; m/s ; 0.9 
03/01/2014; CORTOLIMA ; CORTOLIMA ; Automática ; 4.433181 ; -75.211139 ; 73 ; TOLIMA ; 73001 ; IBAGUÉ ; Fija ; 1 ; Velocidad del Viento ; m/s ; 0.4 
03/01/2014; CORTOLIMA ; CORTOLIMA ; Automática ; 4.433181 ; -75.211139 ; 73 ; TOLIMA ; 73001 ; IBAGUÉ ; Fija ; 1 ; Velocidad del Viento ; m/s ; 0 
03/01/2014; CORTOLIMA ; CORTOLIMA ; Automática ; 4.433181 ; -75.211139 ; 73 ; TOLIMA ; 73001 ; IBAGUÉ ; Fija ; 1 ; Velocidad del Viento ; m/s ; 0 
03/01/2014; CORTOLIMA ; CORTOLIMA ; Automática ; 4.433181 ; -75.211139 ; 73 ; TOLIMA ; 73001 ; IBAGUÉ ; Fija ; 1 ; Velocidad del Viento ; m/s ; 0 
03/01/2014; CORTOLIMA ; CORTOLIMA ; Automática ; 4.433181 ; -75.211139 ; 73 ; TOLIMA ; 73001 ; IBAGUÉ ; Fija ; 1 ; Velocidad del Viento ; m/s ; 0 
04/01/2014; CORTOLIMA ; CORTOLIMA ; Automática ; 4.433181 ; -75.211139 ; 73 ; TOLIMA ; 73001 ; IBAGUÉ ; Fija ; 1 ; Velocidad del Viento ; m/s ; 0 
04/01/2014; CORTOLIMA ; CORTOLIMA ; Automática ; 4.433181 ; -75.211139 ; 73 ; TOLIMA ; 73001 ; IBAGUÉ ; Fija ; 1 ; Velocidad del Viento ; m/s ; 0 
04/01/2014; CORTOLIMA ; CORTOLIMA ; Automática ; 4.433181 ; -75.211139 ; 73 ; TOLIMA ; 73001 ; IBAGUÉ ; Fija ; 1 ; Velocidad del Viento ; m/s ; 0 
04/01/2014; CORTOLIMA ; CORTOLIMA ; Automática ; 4.433181 ; -75.211139 ; 73 ; TOLIMA ; 73001 ; IBAGUÉ ; Fija ; 1 ; Velocidad del Viento ; m/s ; 0 
04/01/2014; CORTOLIMA ; CORTOLIMA ; Automática ; 4.433181 ; -75.211139 ; 73 ; TOLIMA ; 73001 ; IBAGUÉ ; Fija ; 1 ; Velocidad del Viento ; m/s ; 0.4 
04/01/2014; CORTOLIMA ; CORTOLIMA ; Automática ; 4.433181 ; -75.211139 ; 73 ; TOLIMA ; 73001 ; IBAGUÉ ; Fija ; 1 ; Velocidad del Viento ; m/s ; 0 
04/01/2014; CORTOLIMA ; CORTOLIMA ; Automática ; 4.433181 ; -75.211139 ; 73 ; TOLIMA ; 73001 ; IBAGUÉ ; Fija ; 1 ; Velocidad del Viento ; m/s ; 0 
04/01/2014; CORTOLIMA ; CORTOLIMA ; Automática ; 4.433181 ; -75.211139 ; 73 ; TOLIMA ; 73001 ; IBAGUÉ ; Fija ; 1 ; Velocidad del Viento ; m/s ; 0.9 
04/01/2014; CORTOLIMA ; CORTOLIMA ; Automática ; 4.433181 ; -75.211139 ; 73 ; TOLIMA ; 73001 ; IBAGUÉ ; Fija ; 1 ; Velocidad del Viento ; m/s ; 0.9 
04/01/2014; CORTOLIMA ; CORTOLIMA ; Automática ; 4.433181 ; -75.211139 ; 73 ; TOLIMA ; 73001 ; IBAGUÉ ; Fija ; 1 ; Velocidad del Viento ; m/s ; 0.9 
04/01/2014; CORTOLIMA ; CORTOLIMA ; Automática ; 4.433181 ; -75.211139 ; 73 ; TOLIMA ; 73001 ; IBAGUÉ ; Fija ; 1 ; Velocidad del Viento ; m/s ; 1.8 
04/01/2014; CORTOLIMA ; CORTOLIMA ; Automática ; 4.433181 ; -75.211139 ; 73 ; TOLIMA ; 73001 ; IBAGUÉ ; Fija ; 1 ; Velocidad del Viento ; m/s ; 1.8 
04/01/2014; CORTOLIMA ; CORTOLIMA ; Automática ; 4.433181 ; -75.211139 ; 73 ; TOLIMA ; 73001 ; IBAGUÉ ; Fija ; 1 ; Velocidad del Viento ; m/s ; 1.8 
04/01/2014; CORTOLIMA ; CORTOLIMA ; Automática ; 4.433181 ; -75.211139 ; 73 ; TOLIMA ; 73001 ; IBAGUÉ ; Fija ; 1 ; Velocidad del Viento ; m/s ; 1.8 
04/01/2014; CORTOLIMA ; CORTOLIMA ; Automática ; 4.433181 ; -75.211139 ; 73 ; TOLIMA ; 73001 ; IBAGUÉ ; Fija ; 1 ; Velocidad del Viento ; m/s ; 1.8 
04/01/2014; CORTOLIMA ; CORTOLIMA ; Automática ; 4.433181 ; -75.211139 ; 73 ; TOLIMA ; 73001 ; IBAGUÉ ; Fija ; 1 ; Velocidad del Viento ; m/s ; 2.2 
04/01/2014; CORTOLIMA ; CORTOLIMA ; Automática ; 4.433181 ; -75.211139 ; 73 ; TOLIMA ; 73001 ; IBAGUÉ ; Fija ; 1 ; Velocidad del Viento ; m/s ; 1.3 
04/01/2014; CORTOLIMA ; CORTOLIMA ; Automática ; 4.433181 ; -75.211139 ; 73 ; TOLIMA ; 73001 ; IBAGUÉ ; Fija ; 1 ; Velocidad del Viento ; m/s ; 0.9 
04/01/2014; CORTOLIMA ; CORTOLIMA ; Automática ; 4.433181 ; -75.211139 ; 73 ; TOLIMA ; 73001 ; IBAGUÉ ; Fija ; 1 ; Velocidad del Viento ; m/s ; 0 
04/01/2014; CORTOLIMA ; CORTOLIMA ; Automática ; 4.433181 ; -75.211139 ; 73 ; TOLIMA ; 73001 ; IBAGUÉ ; Fija ; 1 ; Velocidad del Viento ; m/s ; 0 
04/01/2014; CORTOLIMA ; CORTOLIMA ; Automática ; 4.433181 ; -75.211139 ; 73 ; TOLIMA ; 73001 ; IBAGUÉ ; Fija ; 1 ; Velocidad del Viento ; m/s ; 0.4 
04/01/2014; CORTOLIMA ; CORTOLIMA ; Automática ; 4.433181 ; -75.211139 ; 73 ; TOLIMA ; 73001 ; IBAGUÉ ; Fija ; 1 ; Velocidad del Viento ; m/s ; 0.9 
04/01/2014; CORTOLIMA ; CORTOLIMA ; Automática ; 4.433181 ; -75.211139 ; 73 ; TOLIMA ; 73001 ; IBAGUÉ ; Fija ; 1 ; Velocidad del Viento ; m/s ; 0.9 
04/01/2014; CORTOLIMA ; CORTOLIMA ; Automática ; 4.433181 ; -75.211139 ; 73 ; TOLIMA ; 73001 ; IBAGUÉ ; Fija ; 1 ; Velocidad del Viento ; m/s ; 0.9 
05/01/2014; CORTOLIMA ; CORTOLIMA ; Automática ; 4.433181 ; -75.211139 ; 73 ; TOLIMA ; 73001 ; IBAGUÉ ; Fija ; 1 ; Velocidad del Viento ; m/s ; 0.9 
05/01/2014; CORTOLIMA ; CORTOLIMA ; Automática ; 4.433181 ; -75.211139 ; 73 ; TOLIMA ; 73001 ; IBAGUÉ ; Fija ; 1 ; Velocidad del Viento ; m/s ; 0.9 
05/01/2014; CORTOLIMA ; CORTOLIMA ; Automática ; 4.433181 ; -75.211139 ; 73 ; TOLIMA ; 73001 ; IBAGUÉ ; Fija ; 1 ; Velocidad del Viento ; m/s ; 0.4 
05/01/2014; CORTOLIMA ; CORTOLIMA ; Automática ; 4.433181 ; -75.211139 ; 73 ; TOLIMA ; 73001 ; IBAGUÉ ; Fija ; 1 ; Velocidad del Viento ; m/s ; 0 
05/01/2014; CORTOLIMA ; CORTOLIMA ; Automática ; 4.433181 ; -75.211139 ; 73 ; TOLIMA ; 73001 ; IBAGUÉ ; Fija ; 1 ; Velocidad del Viento ; m/s ; 0.4 
05/01/2014; CORTOLIMA ; CORTOLIMA ; Automática ; 4.433181 ; -75.211139 ; 73 ; TOLIMA ; 73001 ; IBAGUÉ ; Fija ; 1 ; Velocidad del Viento ; m/s ; 0 
05/01/2014; CORTOLIMA ; CORTOLIMA ; Automática ; 4.433181 ; -75.211139 ; 73 ; TOLIMA ; 73001 ; IBAGUÉ ; Fija ; 1 ; Velocidad del Viento ; m/s ; 0 
05/01/2014; CORTOLIMA ; CORTOLIMA ; Automática ; 4.433181 ; -75.211139 ; 73 ; TOLIMA ; 73001 ; IBAGUÉ ; Fija ; 1 ; Velocidad del Viento ; m/s ; 0.4 
05/01/2014; CORTOLIMA ; CORTOLIMA ; Automática ; 4.433181 ; -75.211139 ; 73 ; TOLIMA ; 73001 ; IBAGUÉ ; Fija ; 1 ; Velocidad del Viento ; m/s ; 0.4 
05/01/2014; CORTOLIMA ; CORTOLIMA ; Automática ; 4.433181 ; -75.211139 ; 73 ; TOLIMA ; 73001 ; IBAGUÉ ; Fija ; 1 ; Velocidad del Viento ; m/s ; 0.9 
05/01/2014; CORTOLIMA ; CORTOLIMA ; Automática ; 4.433181 ; -75.211139 ; 73 ; TOLIMA ; 73001 ; IBAGUÉ ; Fija ; 1 ; Velocidad del Viento ; m/s ; 1.3 
05/01/2014; CORTOLIMA ; CORTOLIMA ; Automática ; 4.433181 ; -75.211139 ; 73 ; TOLIMA ; 73001 ; IBAGUÉ ; Fija ; 1 ; Velocidad del Viento ; m/s ; 1.3 
05/01/2014; CORTOLIMA ; CORTOLIMA ; Automática ; 4.433181 ; -75.211139 ; 73 ; TOLIMA ; 73001 ; IBAGUÉ ; Fija ; 1 ; Velocidad del Viento ; m/s ; 1.3 
05/01/2014; CORTOLIMA ; CORTOLIMA ; Automática ; 4.433181 ; -75.211139 ; 73 ; TOLIMA ; 73001 ; IBAGUÉ ; Fija ; 1 ; Velocidad del Viento ; m/s ; 1.3 
05/01/2014; CORTOLIMA ; CORTOLIMA ; Automática ; 4.433181 ; -75.211139 ; 73 ; TOLIMA ; 73001 ; IBAGUÉ ; Fija ; 1 ; Velocidad del Viento ; m/s ; 1.8 
05/01/2014; CORTOLIMA ; CORTOLIMA ; Automática ; 4.433181 ; -75.211139 ; 73 ; TOLIMA ; 73001 ; IBAGUÉ ; Fija ; 1 ; Velocidad del Viento ; m/s ; 1.3 
05/01/2014; CORTOLIMA ; CORTOLIMA ; Automática ; 4.433181 ; -75.211139 ; 73 ; TOLIMA ; 73001 ; IBAGUÉ ; Fija ; 1 ; Velocidad del Viento ; m/s ; 1.8 
05/01/2014; CORTOLIMA ; CORTOLIMA ; Automática ; 4.433181 ; -75.211139 ; 73 ; TOLIMA ; 73001 ; IBAGUÉ ; Fija ; 1 ; Velocidad del Viento ; m/s ; 0.9 
05/01/2014; CORTOLIMA ; CORTOLIMA ; Automática ; 4.433181 ; -75.211139 ; 73 ; TOLIMA ; 73001 ; IBAGUÉ ; Fija ; 1 ; Velocidad del Viento ; m/s ; 0.4 
05/01/2014; CORTOLIMA ; CORTOLIMA ; Automática ; 4.433181 ; -75.211139 ; 73 ; TOLIMA ; 73001 ; IBAGUÉ ; Fija ; 1 ; Velocidad del Viento ; m/s ; 0 
05/01/2014; CORTOLIMA ; CORTOLIMA ; Automática ; 4.433181 ; -75.211139 ; 73 ; TOLIMA ; 73001 ; IBAGUÉ ; Fija ; 1 ; Velocidad del Viento ; m/s ; 0 
05/01/2014; CORTOLIMA ; CORTOLIMA ; Automática ; 4.433181 ; -75.211139 ; 73 ; TOLIMA ; 73001 ; IBAGUÉ ; Fija ; 1 ; Velocidad del Viento ; m/s ; 0 
05/01/2014; CORTOLIMA ; CORTOLIMA ; Automática ; 4.433181 ; -75.211139 ; 73 ; TOLIMA ; 73001 ; IBAGUÉ ; Fija ; 1 ; Velocidad del Viento ; m/s ; 0.4 
05/01/2014; CORTOLIMA ; CORTOLIMA ; Automática ; 4.433181 ; -75.211139 ; 73 ; TOLIMA ; 73001 ; IBAGUÉ ; Fija ; 1 ; Velocidad del Viento ; m/s ; 0.4 
06/01/2014; CORTOLIMA ; CORTOLIMA ; Automática ; 4.433181 ; -75.211139 ; 73 ; TOLIMA ; 73001 ; IBAGUÉ ; Fija ; 1 ; Velocidad del Viento ; m/s ; 0 
06/01/2014; CORTOLIMA ; CORTOLIMA ; Automática ; 4.433181 ; -75.211139 ; 73 ; TOLIMA ; 73001 ; IBAGUÉ ; Fija ; 1 ; Velocidad del Viento ; m/s ; 0 
06/01/2014; CORTOLIMA ; CORTOLIMA ; Automática ; 4.433181 ; -75.211139 ; 73 ; TOLIMA ; 73001 ; IBAGUÉ ; Fija ; 1 ; Velocidad del Viento ; m/s ; 0 
06/01/2014; CORTOLIMA ; CORTOLIMA ; Automática ; 4.433181 ; -75.211139 ; 73 ; TOLIMA ; 73001 ; IBAGUÉ ; Fija ; 1 ; Velocidad del Viento ; m/s ; 0.4 
06/01/2014; CORTOLIMA ; CORTOLIMA ; Automática ; 4.433181 ; -75.211139 ; 73 ; TOLIMA ; 73001 ; IBAGUÉ ; Fija ; 1 ; Velocidad del Viento ; m/s ; 0 
06/01/2014; CORTOLIMA ; CORTOLIMA ; Automática ; 4.433181 ; -75.211139 ; 73 ; TOLIMA ; 73001 ; IBAGUÉ ; Fija ; 1 ; Velocidad del Viento ; m/s ; 0.4 
06/01/2014; CORTOLIMA ; CORTOLIMA ; Automática ; 4.433181 ; -75.211139 ; 73 ; TOLIMA ; 73001 ; IBAGUÉ ; Fija ; 1 ; Velocidad del Viento ; m/s ; 0.4 
06/01/2014; CORTOLIMA ; CORTOLIMA ; Automática ; 4.433181 ; -75.211139 ; 73 ; TOLIMA ; 73001 ; IBAGUÉ ; Fija ; 1 ; Velocidad del Viento ; m/s ; 0 
06/01/2014; CORTOLIMA ; CORTOLIMA ; Automática ; 4.433181 ; -75.211139 ; 73 ; TOLIMA ; 73001 ; IBAGUÉ ; Fija ; 1 ; Velocidad del Viento ; m/s ; 0.4 
06/01/2014; CORTOLIMA ; CORTOLIMA ; Automática ; 4.433181 ; -75.211139 ; 73 ; TOLIMA ; 73001 ; IBAGUÉ ; Fija ; 1 ; Velocidad del Viento ; m/s ; 0.9 
06/01/2014; CORTOLIMA ; CORTOLIMA ; Automática ; 4.433181 ; -75.211139 ; 73 ; TOLIMA ; 73001 ; IBAGUÉ ; Fija ; 1 ; Velocidad del Viento ; m/s ; 0.9 
06/01/2014; CORTOLIMA ; CORTOLIMA ; Automática ; 4.433181 ; -75.211139 ; 73 ; TOLIMA ; 73001 ; IBAGUÉ ; Fija ; 1 ; Velocidad del Viento ; m/s ; 1.3 
06/01/2014; CORTOLIMA ; CORTOLIMA ; Automática ; 4.433181 ; -75.211139 ; 73 ; TOLIMA ; 73001 ; IBAGUÉ ; Fija ; 1 ; Velocidad del Viento ; m/s ; 2.7 
06/01/2014; CORTOLIMA ; CORTOLIMA ; Automática ; 4.433181 ; -75.211139 ; 73 ; TOLIMA ; 73001 ; IBAGUÉ ; Fija ; 1 ; Velocidad del Viento ; m/s ; 1.3 
06/01/2014; CORTOLIMA ; CORTOLIMA ; Automática ; 4.433181 ; -75.211139 ; 73 ; TOLIMA ; 73001 ; IBAGUÉ ; Fija ; 1 ; Velocidad del Viento ; m/s ; 0.9 
06/01/2014; CORTOLIMA ; CORTOLIMA ; Automática ; 4.433181 ; -75.211139 ; 73 ; TOLIMA ; 73001 ; IBAGUÉ ; Fija ; 1 ; Velocidad del Viento ; m/s ; 0.4 
06/01/2014; CORTOLIMA ; CORTOLIMA ; Automática ; 4.433181 ; -75.211139 ; 73 ; TOLIMA ; 73001 ; IBAGUÉ ; Fija ; 1 ; Velocidad del Viento ; m/s ; 0.4 
06/01/2014; CORTOLIMA ; CORTOLIMA ; Automática ; 4.433181 ; -75.211139 ; 73 ; TOLIMA ; 73001 ; IBAGUÉ ; Fija ; 1 ; Velocidad del Viento ; m/s ; 0 
06/01/2014; CORTOLIMA ; CORTOLIMA ; Automática ; 4.433181 ; -75.211139 ; 73 ; TOLIMA ; 73001 ; IBAGUÉ ; Fija ; 1 ; Velocidad del Viento ; m/s ; 0 
06/01/2014; CORTOLIMA ; CORTOLIMA ; Automática ; 4.433181 ; -75.211139 ; 73 ; TOLIMA ; 73001 ; IBAGUÉ ; Fija ; 1 ; Velocidad del Viento ; m/s ; 0 
06/01/2014; CORTOLIMA ; CORTOLIMA ; Automática ; 4.433181 ; -75.211139 ; 73 ; TOLIMA ; 73001 ; IBAGUÉ ; Fija ; 1 ; Velocidad del Viento ; m/s ; 0.4 
06/01/2014; CORTOLIMA ; CORTOLIMA ; Automática ; 4.433181 ; -75.211139 ; 73 ; TOLIMA ; 73001 ; IBAGUÉ ; Fija ; 1 ; Velocidad del Viento ; m/s ; 0.4 
06/01/2014; CORTOLIMA ; CORTOLIMA ; Automática ; 4.433181 ; -75.211139 ; 73 ; TOLIMA ; 73001 ; IBAGUÉ ; Fija ; 1 ; Velocidad del Viento ; m/s ; 0.9 
06/01/2014; CORTOLIMA ; CORTOLIMA ; Automática ; 4.433181 ; -75.211139 ; 73 ; TOLIMA ; 73001 ; IBAGUÉ ; Fija ; 1 ; Velocidad del Viento ; m/s ; 0.4 
07/01/2014; CORTOLIMA ; CORTOLIMA ; Automática ; 4.433181 ; -75.211139 ; 73 ; TOLIMA ; 73001 ; IBAGUÉ ; Fija ; 1 ; Velocidad del Viento ; m/s ; 0 
07/01/2014; CORTOLIMA ; CORTOLIMA ; Automática ; 4.433181 ; -75.211139 ; 73 ; TOLIMA ; 73001 ; IBAGUÉ ; Fija ; 1 ; Velocidad del Viento ; m/s ; 0 
07/01/2014; CORTOLIMA ; CORTOLIMA ; Automática ; 4.433181 ; -75.211139 ; 73 ; TOLIMA ; 73001 ; IBAGUÉ ; Fija ; 1 ; Velocidad del Viento ; m/s ; 0 
07/01/2014; CORTOLIMA ; CORTOLIMA ; Automática ; 4.433181 ; -75.211139 ; 73 ; TOLIMA ; 73001 ; IBAGUÉ ; Fija ; 1 ; Velocidad del Viento ; m/s ; 0 
07/01/2014; CORTOLIMA ; CORTOLIMA ; Automática ; 4.433181 ; -75.211139 ; 73 ; TOLIMA ; 73001 ; IBAGUÉ ; Fija ; 1 ; Velocidad del Viento ; m/s ; 0 
07/01/2014; CORTOLIMA ; CORTOLIMA ; Automática ; 4.433181 ; -75.211139 ; 73 ; TOLIMA ; 73001 ; IBAGUÉ ; Fija ; 1 ; Velocidad del Viento ; m/s ; 0 
07/01/2014; CORTOLIMA ; CORTOLIMA ; Automática ; 4.433181 ; -75.211139 ; 73 ; TOLIMA ; 73001 ; IBAGUÉ ; Fija ; 1 ; Velocidad del Viento ; m/s ; 0 
07/01/2014; CORTOLIMA ; CORTOLIMA ; Automática ; 4.433181 ; -75.211139 ; 73 ; TOLIMA ; 73001 ; IBAGUÉ ; Fija ; 1 ; Velocidad del Viento ; m/s ; 0 
07/01/2014; CORTOLIMA ; CORTOLIMA ; Automática ; 4.433181 ; -75.211139 ; 73 ; TOLIMA ; 73001 ; IBAGUÉ ; Fija ; 1 ; Velocidad del Viento ; m/s ; 0 
07/01/2014; CORTOLIMA ; CORTOLIMA ; Automática ; 4.433181 ; -75.211139 ; 73 ; TOLIMA ; 73001 ; IBAGUÉ ; Fija ; 1 ; Velocidad del Viento ; m/s ; 0.4 
07/01/2014; CORTOLIMA ; CORTOLIMA ; Automática ; 4.433181 ; -75.211139 ; 73 ; TOLIMA ; 73001 ; IBAGUÉ ; Fija ; 1 ; Velocidad del Viento ; m/s ; 0.4 
07/01/2014; CORTOLIMA ; CORTOLIMA ; Automática ; 4.433181 ; -75.211139 ; 73 ; TOLIMA ; 73001 ; IBAGUÉ ; Fija ; 1 ; Velocidad del Viento ; m/s ; 1.3 
07/01/2014; CORTOLIMA ; CORTOLIMA ; Automática ; 4.433181 ; -75.211139 ; 73 ; TOLIMA ; 73001 ; IBAGUÉ ; Fija ; 1 ; Velocidad del Viento ; m/s ; 1.8 
07/01/2014; CORTOLIMA ; CORTOLIMA ; Automática ; 4.433181 ; -75.211139 ; 73 ; TOLIMA ; 73001 ; IBAGUÉ ; Fija ; 1 ; Velocidad del Viento ; m/s ; 0.4 
07/01/2014; CORTOLIMA ; CORTOLIMA ; Automática ; 4.433181 ; -75.211139 ; 73 ; TOLIMA ; 73001 ; IBAGUÉ ; Fija ; 1 ; Velocidad del Viento ; m/s ; 0.9 
07/01/2014; CORTOLIMA ; CORTOLIMA ; Automática ; 4.433181 ; -75.211139 ; 73 ; TOLIMA ; 73001 ; IBAGUÉ ; Fija ; 1 ; Velocidad del Viento ; m/s ; 1.3 
07/01/2014; CORTOLIMA ; CORTOLIMA ; Automática ; 4.433181 ; -75.211139 ; 73 ; TOLIMA ; 73001 ; IBAGUÉ ; Fija ; 1 ; Velocidad del Viento ; m/s ; 0.9 
07/01/2014; CORTOLIMA ; CORTOLIMA ; Automática ; 4.433181 ; -75.211139 ; 73 ; TOLIMA ; 73001 ; IBAGUÉ ; Fija ; 1 ; Velocidad del Viento ; m/s ; 0.4 
07/01/2014; CORTOLIMA ; CORTOLIMA ; Automática ; 4.433181 ; -75.211139 ; 73 ; TOLIMA ; 73001 ; IBAGUÉ ; Fija ; 1 ; Velocidad del Viento ; m/s ; 0.9 
07/01/2014; CORTOLIMA ; CORTOLIMA ; Automática ; 4.433181 ; -75.211139 ; 73 ; TOLIMA ; 73001 ; IBAGUÉ ; Fija ; 1 ; Velocidad del Viento ; m/s ; 0.9 
07/01/2014; CORTOLIMA ; CORTOLIMA ; Automática ; 4.433181 ; -75.211139 ; 73 ; TOLIMA ; 73001 ; IBAGUÉ ; Fija ; 1 ; Velocidad del Viento ; m/s ; 0.4 
07/01/2014; CORTOLIMA ; CORTOLIMA ; Automática ; 4.433181 ; -75.211139 ; 73 ; TOLIMA ; 73001 ; IBAGUÉ ; Fija ; 1 ; Velocidad del Viento ; m/s ; 0 
07/01/2014; CORTOLIMA ; CORTOLIMA ; Automática ; 4.433181 ; -75.211139 ; 73 ; TOLIMA ; 73001 ; IBAGUÉ ; Fija ; 1 ; Velocidad del Viento ; m/s ; 0 
07/01/2014; CORTOLIMA ; CORTOLIMA ; Automática ; 4.433181 ; -75.211139 ; 73 ; TOLIMA ; 73001 ; IBAGUÉ ; Fija ; 1 ; Velocidad del Viento ; m/s ; 0 
08/01/2014; CORTOLIMA ; CORTOLIMA ; Automática ; 4.433181 ; -75.211139 ; 73 ; TOLIMA ; 73001 ; IBAGUÉ ; Fija ; 1 ; Velocidad del Viento ; m/s ; 0 
08/01/2014; CORTOLIMA ; CORTOLIMA ; Automática ; 4.433181 ; -75.211139 ; 73 ; TOLIMA ; 73001 ; IBAGUÉ ; Fija ; 1 ; Velocidad del Viento ; m/s ; 0 
08/01/2014; CORTOLIMA ; CORTOLIMA ; Automática ; 4.433181 ; -75.211139 ; 73 ; TOLIMA ; 73001 ; IBAGUÉ ; Fija ; 1 ; Velocidad del Viento ; m/s ; 0 
08/01/2014; CORTOLIMA ; CORTOLIMA ; Automática ; 4.433181 ; -75.211139 ; 73 ; TOLIMA ; 73001 ; IBAGUÉ ; Fija ; 1 ; Velocidad del Viento ; m/s ; 0 
08/01/2014; CORTOLIMA ; CORTOLIMA ; Automática ; 4.433181 ; -75.211139 ; 73 ; TOLIMA ; 73001 ; IBAGUÉ ; Fija ; 1 ; Velocidad del Viento ; m/s ; 0 
08/01/2014; CORTOLIMA ; CORTOLIMA ; Automática ; 4.433181 ; -75.211139 ; 73 ; TOLIMA ; 73001 ; IBAGUÉ ; Fija ; 1 ; Velocidad del Viento ; m/s ; 0.4 
08/01/2014; CORTOLIMA ; CORTOLIMA ; Automática ; 4.433181 ; -75.211139 ; 73 ; TOLIMA ; 73001 ; IBAGUÉ ; Fija ; 1 ; Velocidad del Viento ; m/s ; 0.4 
08/01/2014; CORTOLIMA ; CORTOLIMA ; Automática ; 4.433181 ; -75.211139 ; 73 ; TOLIMA ; 73001 ; IBAGUÉ ; Fija ; 1 ; Velocidad del Viento ; m/s ; 0.4 
08/01/2014; CORTOLIMA ; CORTOLIMA ; Automática ; 4.433181 ; -75.211139 ; 73 ; TOLIMA ; 73001 ; IBAGUÉ ; Fija ; 1 ; Velocidad del Viento ; m/s ; 0.4 
08/01/2014; CORTOLIMA ; CORTOLIMA ; Automática ; 4.433181 ; -75.211139 ; 73 ; TOLIMA ; 73001 ; IBAGUÉ ; Fija ; 1 ; Velocidad del Viento ; m/s ; 0.9 
08/01/2014; CORTOLIMA ; CORTOLIMA ; Automática ; 4.433181 ; -75.211139 ; 73 ; TOLIMA ; 73001 ; IBAGUÉ ; Fija ; 1 ; Velocidad del Viento ; m/s ; 1.3 
08/01/2014; CORTOLIMA ; CORTOLIMA ; Automática ; 4.433181 ; -75.211139 ; 73 ; TOLIMA ; 73001 ; IBAGUÉ ; Fija ; 1 ; Velocidad del Viento ; m/s ; 1.8 
08/01/2014; CORTOLIMA ; CORTOLIMA ; Automática ; 4.433181 ; -75.211139 ; 73 ; TOLIMA ; 73001 ; IBAGUÉ ; Fija ; 1 ; Velocidad del Viento ; m/s ; 1.8 
08/01/2014; CORTOLIMA ; CORTOLIMA ; Automática ; 4.433181 ; -75.211139 ; 73 ; TOLIMA ; 73001 ; IBAGUÉ ; Fija ; 1 ; Velocidad del Viento ; m/s ; 0.9 
08/01/2014; CORTOLIMA ; CORTOLIMA ; Automática ; 4.433181 ; -75.211139 ; 73 ; TOLIMA ; 73001 ; IBAGUÉ ; Fija ; 1 ; Velocidad del Viento ; m/s ; 0.9 
08/01/2014; CORTOLIMA ; CORTOLIMA ; Automática ; 4.433181 ; -75.211139 ; 73 ; TOLIMA ; 73001 ; IBAGUÉ ; Fija ; 1 ; Velocidad del Viento ; m/s ; 0.9 
08/01/2014; CORTOLIMA ; CORTOLIMA ; Automática ; 4.433181 ; -75.211139 ; 73 ; TOLIMA ; 73001 ; IBAGUÉ ; Fija ; 1 ; Velocidad del Viento ; m/s ; 0.4 
08/01/2014; CORTOLIMA ; CORTOLIMA ; Automática ; 4.433181 ; -75.211139 ; 73 ; TOLIMA ; 73001 ; IBAGUÉ ; Fija ; 1 ; Velocidad del Viento ; m/s ; 0.4 
08/01/2014; CORTOLIMA ; CORTOLIMA ; Automática ; 4.433181 ; -75.211139 ; 73 ; TOLIMA ; 73001 ; IBAGUÉ ; Fija ; 1 ; Velocidad del Viento ; m/s ; 0 
08/01/2014; CORTOLIMA ; CORTOLIMA ; Automática ; 4.433181 ; -75.211139 ; 73 ; TOLIMA ; 73001 ; IBAGUÉ ; Fija ; 1 ; Velocidad del Viento ; m/s ; 0 
08/01/2014; CORTOLIMA ; CORTOLIMA ; Automática ; 4.433181 ; -75.211139 ; 73 ; TOLIMA ; 73001 ; IBAGUÉ ; Fija ; 1 ; Velocidad del Viento ; m/s ; 0 
08/01/2014; CORTOLIMA ; CORTOLIMA ; Automática ; 4.433181 ; -75.211139 ; 73 ; TOLIMA ; 73001 ; IBAGUÉ ; Fija ; 1 ; Velocidad del Viento ; m/s ; 0 
08/01/2014; CORTOLIMA ; CORTOLIMA ; Automática ; 4.433181 ; -75.211139 ; 73 ; TOLIMA ; 73001 ; IBAGUÉ ; Fija ; 1 ; Velocidad del Viento ; m/s ; 0 
08/01/2014; CORTOLIMA ; CORTOLIMA ; Automática ; 4.433181 ; -75.211139 ; 73 ; TOLIMA ; 73001 ; IBAGUÉ ; Fija ; 1 ; Velocidad del Viento ; m/s ; 0 
09/01/2014; CORTOLIMA ; CORTOLIMA ; Automática ; 4.433181 ; -75.211139 ; 73 ; TOLIMA ; 73001 ; IBAGUÉ ; Fija ; 1 ; Velocidad del Viento ; m/s ; 0 
09/01/2014; CORTOLIMA ; CORTOLIMA ; Automática ; 4.433181 ; -75.211139 ; 73 ; TOLIMA ; 73001 ; IBAGUÉ ; Fija ; 1 ; Velocidad del Viento ; m/s ; 0 
09/01/2014; CORTOLIMA ; CORTOLIMA ; Automática ; 4.433181 ; -75.211139 ; 73 ; TOLIMA ; 73001 ; IBAGUÉ ; Fija ; 1 ; Velocidad del Viento ; m/s ; 0 
09/01/2014; CORTOLIMA ; CORTOLIMA ; Automática ; 4.433181 ; -75.211139 ; 73 ; TOLIMA ; 73001 ; IBAGUÉ ; Fija ; 1 ; Velocidad del Viento ; m/s ; 0 
09/01/2014; CORTOLIMA ; CORTOLIMA ; Automática ; 4.433181 ; -75.211139 ; 73 ; TOLIMA ; 73001 ; IBAGUÉ ; Fija ; 1 ; Velocidad del Viento ; m/s ; 0 
09/01/2014; CORTOLIMA ; CORTOLIMA ; Automática ; 4.433181 ; -75.211139 ; 73 ; TOLIMA ; 73001 ; IBAGUÉ ; Fija ; 1 ; Velocidad del Viento ; m/s ; 0 
09/01/2014; CORTOLIMA ; CORTOLIMA ; Automática ; 4.433181 ; -75.211139 ; 73 ; TOLIMA ; 73001 ; IBAGUÉ ; Fija ; 1 ; Velocidad del Viento ; m/s ; 0 
09/01/2014; CORTOLIMA ; CORTOLIMA ; Automática ; 4.433181 ; -75.211139 ; 73 ; TOLIMA ; 73001 ; IBAGUÉ ; Fija ; 1 ; Velocidad del Viento ; m/s ; 0 
09/01/2014; CORTOLIMA ; CORTOLIMA ; Automática ; 4.433181 ; -75.211139 ; 73 ; TOLIMA ; 73001 ; IBAGUÉ ; Fija ; 1 ; Velocidad del Viento ; m/s ; 0.4 
09/01/2014; CORTOLIMA ; CORTOLIMA ; Automática ; 4.433181 ; -75.211139 ; 73 ; TOLIMA ; 73001 ; IBAGUÉ ; Fija ; 1 ; Velocidad del Viento ; m/s ; 0.9 
09/01/2014; CORTOLIMA ; CORTOLIMA ; Automática ; 4.433181 ; -75.211139 ; 73 ; TOLIMA ; 73001 ; IBAGUÉ ; Fija ; 1 ; Velocidad del Viento ; m/s ; 2.2 
09/01/2014; CORTOLIMA ; CORTOLIMA ; Automática ; 4.433181 ; -75.211139 ; 73 ; TOLIMA ; 73001 ; IBAGUÉ ; Fija ; 1 ; Velocidad del Viento ; m/s ; 1.3 
09/01/2014; CORTOLIMA ; CORTOLIMA ; Automática ; 4.433181 ; -75.211139 ; 73 ; TOLIMA ; 73001 ; IBAGUÉ ; Fija ; 1 ; Velocidad del Viento ; m/s ; 1.3 
09/01/2014; CORTOLIMA ; CORTOLIMA ; Automática ; 4.433181 ; -75.211139 ; 73 ; TOLIMA ; 73001 ; IBAGUÉ ; Fija ; 1 ; Velocidad del Viento ; m/s ; 0.4 
09/01/2014; CORTOLIMA ; CORTOLIMA ; Automática ; 4.433181 ; -75.211139 ; 73 ; TOLIMA ; 73001 ; IBAGUÉ ; Fija ; 1 ; Velocidad del Viento ; m/s ; 0.4 
09/01/2014; CORTOLIMA ; CORTOLIMA ; Automática ; 4.433181 ; -75.211139 ; 73 ; TOLIMA ; 73001 ; IBAGUÉ ; Fija ; 1 ; Velocidad del Viento ; m/s ; 0 
09/01/2014; CORTOLIMA ; CORTOLIMA ; Automática ; 4.433181 ; -75.211139 ; 73 ; TOLIMA ; 73001 ; IBAGUÉ ; Fija ; 1 ; Velocidad del Viento ; m/s ; 0 
09/01/2014; CORTOLIMA ; CORTOLIMA ; Automática ; 4.433181 ; -75.211139 ; 73 ; TOLIMA ; 73001 ; IBAGUÉ ; Fija ; 1 ; Velocidad del Viento ; m/s ; 0.9 
09/01/2014; CORTOLIMA ; CORTOLIMA ; Automática ; 4.433181 ; -75.211139 ; 73 ; TOLIMA ; 73001 ; IBAGUÉ ; Fija ; 1 ; Velocidad del Viento ; m/s ; 1.3 
09/01/2014; CORTOLIMA ; CORTOLIMA ; Automática ; 4.433181 ; -75.211139 ; 73 ; TOLIMA ; 73001 ; IBAGUÉ ; Fija ; 1 ; Velocidad del Viento ; m/s ; 0 
09/01/2014; CORTOLIMA ; CORTOLIMA ; Automática ; 4.433181 ; -75.211139 ; 73 ; TOLIMA ; 73001 ; IBAGUÉ ; Fija ; 1 ; Velocidad del Viento ; m/s ; 0 
09/01/2014; CORTOLIMA ; CORTOLIMA ; Automática ; 4.433181 ; -75.211139 ; 73 ; TOLIMA ; 73001 ; IBAGUÉ ; Fija ; 1 ; Velocidad del Viento ; m/s ; 0 
09/01/2014; CORTOLIMA ; CORTOLIMA ; Automática ; 4.433181 ; -75.211139 ; 73 ; TOLIMA ; 73001 ; IBAGUÉ ; Fija ; 1 ; Velocidad del Viento ; m/s ; 0 
09/01/2014; CORTOLIMA ; CORTOLIMA ; Automática ; 4.433181 ; -75.211139 ; 73 ; TOLIMA ; 73001 ; IBAGUÉ ; Fija ; 1 ; Velocidad del Viento ; m/s ; 0.4 
10/01/2014; CORTOLIMA ; CORTOLIMA ; Automática ; 4.433181 ; -75.211139 ; 73 ; TOLIMA ; 73001 ; IBAGUÉ ; Fija ; 1 ; Velocidad del Viento ; m/s ; 0.4 
10/01/2014; CORTOLIMA ; CORTOLIMA ; Automática ; 4.433181 ; -75.211139 ; 73 ; TOLIMA ; 73001 ; IBAGUÉ ; Fija ; 1 ; Velocidad del Viento ; m/s ; 0 
10/01/2014; CORTOLIMA ; CORTOLIMA ; Automática ; 4.433181 ; -75.211139 ; 73 ; TOLIMA ; 73001 ; IBAGUÉ ; Fija ; 1 ; Velocidad del Viento ; m/s ; 0 
10/01/2014; CORTOLIMA ; CORTOLIMA ; Automática ; 4.433181 ; -75.211139 ; 73 ; TOLIMA ; 73001 ; IBAGUÉ ; Fija ; 1 ; Velocidad del Viento ; m/s ; 0 
10/01/2014; CORTOLIMA ; CORTOLIMA ; Automática ; 4.433181 ; -75.211139 ; 73 ; TOLIMA ; 73001 ; IBAGUÉ ; Fija ; 1 ; Velocidad del Viento ; m/s ; 0 
10/01/2014; CORTOLIMA ; CORTOLIMA ; Automática ; 4.433181 ; -75.211139 ; 73 ; TOLIMA ; 73001 ; IBAGUÉ ; Fija ; 1 ; Velocidad del Viento ; m/s ; 0 
10/01/2014; CORTOLIMA ; CORTOLIMA ; Automática ; 4.433181 ; -75.211139 ; 73 ; TOLIMA ; 73001 ; IBAGUÉ ; Fija ; 1 ; Velocidad del Viento ; m/s ; 0 
10/01/2014; CORTOLIMA ; CORTOLIMA ; Automática ; 4.433181 ; -75.211139 ; 73 ; TOLIMA ; 73001 ; IBAGUÉ ; Fija ; 1 ; Velocidad del Viento ; m/s ; 0 
10/01/2014; CORTOLIMA ; CORTOLIMA ; Automática ; 4.433181 ; -75.211139 ; 73 ; TOLIMA ; 73001 ; IBAGUÉ ; Fija ; 1 ; Velocidad del Viento ; m/s ; 0.4 
10/01/2014; CORTOLIMA ; CORTOLIMA ; Automática ; 4.433181 ; -75.211139 ; 73 ; TOLIMA ; 73001 ; IBAGUÉ ; Fija ; 1 ; Velocidad del Viento ; m/s ; 0.9 
10/01/2014; CORTOLIMA ; CORTOLIMA ; Automática ; 4.433181 ; -75.211139 ; 73 ; TOLIMA ; 73001 ; IBAGUÉ ; Fija ; 1 ; Velocidad del Viento ; m/s ; 1.3 
10/01/2014; CORTOLIMA ; CORTOLIMA ; Automática ; 4.433181 ; -75.211139 ; 73 ; TOLIMA ; 73001 ; IBAGUÉ ; Fija ; 1 ; Velocidad del Viento ; m/s ; 1.3 
10/01/2014; CORTOLIMA ; CORTOLIMA ; Automática ; 4.433181 ; -75.211139 ; 73 ; TOLIMA ; 73001 ; IBAGUÉ ; Fija ; 1 ; Velocidad del Viento ; m/s ; 0.9 
10/01/2014; CORTOLIMA ; CORTOLIMA ; Automática ; 4.433181 ; -75.211139 ; 73 ; TOLIMA ; 73001 ; IBAGUÉ ; Fija ; 1 ; Velocidad del Viento ; m/s ; 0.9 
10/01/2014; CORTOLIMA ; CORTOLIMA ; Automática ; 4.433181 ; -75.211139 ; 73 ; TOLIMA ; 73001 ; IBAGUÉ ; Fija ; 1 ; Velocidad del Viento ; m/s ; 1.8 
10/01/2014; CORTOLIMA ; CORTOLIMA ; Automática ; 4.433181 ; -75.211139 ; 73 ; TOLIMA ; 73001 ; IBAGUÉ ; Fija ; 1 ; Velocidad del Viento ; m/s ; 1.8 
10/01/2014; CORTOLIMA ; CORTOLIMA ; Automática ; 4.433181 ; -75.211139 ; 73 ; TOLIMA ; 73001 ; IBAGUÉ ; Fija ; 1 ; Velocidad del Viento ; m/s ; 1.3 
10/01/2014; CORTOLIMA ; CORTOLIMA ; Automática ; 4.433181 ; -75.211139 ; 73 ; TOLIMA ; 73001 ; IBAGUÉ ; Fija ; 1 ; Velocidad del Viento ; m/s ; 0.4 
10/01/2014; CORTOLIMA ; CORTOLIMA ; Automática ; 4.433181 ; -75.211139 ; 73 ; TOLIMA ; 73001 ; IBAGUÉ ; Fija ; 1 ; Velocidad del Viento ; m/s ; 0.9 
10/01/2014; CORTOLIMA ; CORTOLIMA ; Automática ; 4.433181 ; -75.211139 ; 73 ; TOLIMA ; 73001 ; IBAGUÉ ; Fija ; 1 ; Velocidad del Viento ; m/s ; 0.9 
10/01/2014; CORTOLIMA ; CORTOLIMA ; Automática ; 4.433181 ; -75.211139 ; 73 ; TOLIMA ; 73001 ; IBAGUÉ ; Fija ; 1 ; Velocidad del Viento ; m/s ; 0 
10/01/2014; CORTOLIMA ; CORTOLIMA ; Automática ; 4.433181 ; -75.211139 ; 73 ; TOLIMA ; 73001 ; IBAGUÉ ; Fija ; 1 ; Velocidad del Viento ; m/s ; 0 
10/01/2014; CORTOLIMA ; CORTOLIMA ; Automática ; 4.433181 ; -75.211139 ; 73 ; TOLIMA ; 73001 ; IBAGUÉ ; Fija ; 1 ; Velocidad del Viento ; m/s ; 0 
10/01/2014; CORTOLIMA ; CORTOLIMA ; Automática ; 4.433181 ; -75.211139 ; 73 ; TOLIMA ; 73001 ; IBAGUÉ ; Fija ; 1 ; Velocidad del Viento ; m/s ; 0 
11/01/2014; CORTOLIMA ; CORTOLIMA ; Automática ; 4.433181 ; -75.211139 ; 73 ; TOLIMA ; 73001 ; IBAGUÉ ; Fija ; 1 ; Velocidad del Viento ; m/s ; 0 
11/01/2014; CORTOLIMA ; CORTOLIMA ; Automática ; 4.433181 ; -75.211139 ; 73 ; TOLIMA ; 73001 ; IBAGUÉ ; Fija ; 1 ; Velocidad del Viento ; m/s ; 0 
11/01/2014; CORTOLIMA ; CORTOLIMA ; Automática ; 4.433181 ; -75.211139 ; 73 ; TOLIMA ; 73001 ; IBAGUÉ ; Fija ; 1 ; Velocidad del Viento ; m/s ; 0 
11/01/2014; CORTOLIMA ; CORTOLIMA ; Automática ; 4.433181 ; -75.211139 ; 73 ; TOLIMA ; 73001 ; IBAGUÉ ; Fija ; 1 ; Velocidad del Viento ; m/s ; 0 
11/01/2014; CORTOLIMA ; CORTOLIMA ; Automática ; 4.433181 ; -75.211139 ; 73 ; TOLIMA ; 73001 ; IBAGUÉ ; Fija ; 1 ; Velocidad del Viento ; m/s ; 0 
11/01/2014; CORTOLIMA ; CORTOLIMA ; Automática ; 4.433181 ; -75.211139 ; 73 ; TOLIMA ; 73001 ; IBAGUÉ ; Fija ; 1 ; Velocidad del Viento ; m/s ; 0 
11/01/2014; CORTOLIMA ; CORTOLIMA ; Automática ; 4.433181 ; -75.211139 ; 73 ; TOLIMA ; 73001 ; IBAGUÉ ; Fija ; 1 ; Velocidad del Viento ; m/s ; 0 
11/01/2014; CORTOLIMA ; CORTOLIMA ; Automática ; 4.433181 ; -75.211139 ; 73 ; TOLIMA ; 73001 ; IBAGUÉ ; Fija ; 1 ; Velocidad del Viento ; m/s ; 0.4 
11/01/2014; CORTOLIMA ; CORTOLIMA ; Automática ; 4.433181 ; -75.211139 ; 73 ; TOLIMA ; 73001 ; IBAGUÉ ; Fija ; 1 ; Velocidad del Viento ; m/s ; 0.4 
11/01/2014; CORTOLIMA ; CORTOLIMA ; Automática ; 4.433181 ; -75.211139 ; 73 ; TOLIMA ; 73001 ; IBAGUÉ ; Fija ; 1 ; Velocidad del Viento ; m/s ; 1.3 
11/01/2014; CORTOLIMA ; CORTOLIMA ; Automática ; 4.433181 ; -75.211139 ; 73 ; TOLIMA ; 73001 ; IBAGUÉ ; Fija ; 1 ; Velocidad del Viento ; m/s ; 1.3 
11/01/2014; CORTOLIMA ; CORTOLIMA ; Automática ; 4.433181 ; -75.211139 ; 73 ; TOLIMA ; 73001 ; IBAGUÉ ; Fija ; 1 ; Velocidad del Viento ; m/s ; 1.8 
11/01/2014; CORTOLIMA ; CORTOLIMA ; Automática ; 4.433181 ; -75.211139 ; 73 ; TOLIMA ; 73001 ; IBAGUÉ ; Fija ; 1 ; Velocidad del Viento ; m/s ; 1.8 
11/01/2014; CORTOLIMA ; CORTOLIMA ; Automática ; 4.433181 ; -75.211139 ; 73 ; TOLIMA ; 73001 ; IBAGUÉ ; Fija ; 1 ; Velocidad del Viento ; m/s ; 1.3 
11/01/2014; CORTOLIMA ; CORTOLIMA ; Automática ; 4.433181 ; -75.211139 ; 73 ; TOLIMA ; 73001 ; IBAGUÉ ; Fija ; 1 ; Velocidad del Viento ; m/s ; 0.9 
11/01/2014; CORTOLIMA ; CORTOLIMA ; Automática ; 4.433181 ; -75.211139 ; 73 ; TOLIMA ; 73001 ; IBAGUÉ ; Fija ; 1 ; Velocidad del Viento ; m/s ; 1.8 
11/01/2014; CORTOLIMA ; CORTOLIMA ; Automática ; 4.433181 ; -75.211139 ; 73 ; TOLIMA ; 73001 ; IBAGUÉ ; Fija ; 1 ; Velocidad del Viento ; m/s ; 1.3 
11/01/2014; CORTOLIMA ; CORTOLIMA ; Automática ; 4.433181 ; -75.211139 ; 73 ; TOLIMA ; 73001 ; IBAGUÉ ; Fija ; 1 ; Velocidad del Viento ; m/s ; 0.4 
11/01/2014; CORTOLIMA ; CORTOLIMA ; Automática ; 4.433181 ; -75.211139 ; 73 ; TOLIMA ; 73001 ; IBAGUÉ ; Fija ; 1 ; Velocidad del Viento ; m/s ; 0 
11/01/2014; CORTOLIMA ; CORTOLIMA ; Automática ; 4.433181 ; -75.211139 ; 73 ; TOLIMA ; 73001 ; IBAGUÉ ; Fija ; 1 ; Velocidad del Viento ; m/s ; 0 
11/01/2014; CORTOLIMA ; CORTOLIMA ; Automática ; 4.433181 ; -75.211139 ; 73 ; TOLIMA ; 73001 ; IBAGUÉ ; Fija ; 1 ; Velocidad del Viento ; m/s ; 0 
11/01/2014; CORTOLIMA ; CORTOLIMA ; Automática ; 4.433181 ; -75.211139 ; 73 ; TOLIMA ; 73001 ; IBAGUÉ ; Fija ; 1 ; Velocidad del Viento ; m/s ; 0 
11/01/2014; CORTOLIMA ; CORTOLIMA ; Automática ; 4.433181 ; -75.211139 ; 73 ; TOLIMA ; 73001 ; IBAGUÉ ; Fija ; 1 ; Velocidad del Viento ; m/s ; 0 
11/01/2014; CORTOLIMA ; CORTOLIMA ; Automática ; 4.433181 ; -75.211139 ; 73 ; TOLIMA ; 73001 ; IBAGUÉ ; Fija ; 1 ; Velocidad del Viento ; m/s ; 0 
12/01/2014; CORTOLIMA ; CORTOLIMA ; Automática ; 4.433181 ; -75.211139 ; 73 ; TOLIMA ; 73001 ; IBAGUÉ ; Fija ; 1 ; Velocidad del Viento ; m/s ; 0 
12/01/2014; CORTOLIMA ; CORTOLIMA ; Automática ; 4.433181 ; -75.211139 ; 73 ; TOLIMA ; 73001 ; IBAGUÉ ; Fija ; 1 ; Velocidad del Viento ; m/s ; 0 
12/01/2014; CORTOLIMA ; CORTOLIMA ; Automática ; 4.433181 ; -75.211139 ; 73 ; TOLIMA ; 73001 ; IBAGUÉ ; Fija ; 1 ; Velocidad del Viento ; m/s ; 0 
12/01/2014; CORTOLIMA ; CORTOLIMA ; Automática ; 4.433181 ; -75.211139 ; 73 ; TOLIMA ; 73001 ; IBAGUÉ ; Fija ; 1 ; Velocidad del Viento ; m/s ; 0 
12/01/2014; CORTOLIMA ; CORTOLIMA ; Automática ; 4.433181 ; -75.211139 ; 73 ; TOLIMA ; 73001 ; IBAGUÉ ; Fija ; 1 ; Velocidad del Viento ; m/s ; 0 
12/01/2014; CORTOLIMA ; CORTOLIMA ; Automática ; 4.433181 ; -75.211139 ; 73 ; TOLIMA ; 73001 ; IBAGUÉ ; Fija ; 1 ; Velocidad del Viento ; m/s ; 0 
12/01/2014; CORTOLIMA ; CORTOLIMA ; Automática ; 4.433181 ; -75.211139 ; 73 ; TOLIMA ; 73001 ; IBAGUÉ ; Fija ; 1 ; Velocidad del Viento ; m/s ; 0 
12/01/2014; CORTOLIMA ; CORTOLIMA ; Automática ; 4.433181 ; -75.211139 ; 73 ; TOLIMA ; 73001 ; IBAGUÉ ; Fija ; 1 ; Velocidad del Viento ; m/s ; 0 
12/01/2014; CORTOLIMA ; CORTOLIMA ; Automática ; 4.433181 ; -75.211139 ; 73 ; TOLIMA ; 73001 ; IBAGUÉ ; Fija ; 1 ; Velocidad del Viento ; m/s ; 0 
12/01/2014; CORTOLIMA ; CORTOLIMA ; Automática ; 4.433181 ; -75.211139 ; 73 ; TOLIMA ; 73001 ; IBAGUÉ ; Fija ; 1 ; Velocidad del Viento ; m/s ; 0 
12/01/2014; CORTOLIMA ; CORTOLIMA ; Automática ; 4.433181 ; -75.211139 ; 73 ; TOLIMA ; 73001 ; IBAGUÉ ; Fija ; 1 ; Velocidad del Viento ; m/s ; 0.9 
12/01/2014; CORTOLIMA ; CORTOLIMA ; Automática ; 4.433181 ; -75.211139 ; 73 ; TOLIMA ; 73001 ; IBAGUÉ ; Fija ; 1 ; Velocidad del Viento ; m/s ; 1.3 
12/01/2014; CORTOLIMA ; CORTOLIMA ; Automática ; 4.433181 ; -75.211139 ; 73 ; TOLIMA ; 73001 ; IBAGUÉ ; Fija ; 1 ; Velocidad del Viento ; m/s ; 2.2 
12/01/2014; CORTOLIMA ; CORTOLIMA ; Automática ; 4.433181 ; -75.211139 ; 73 ; TOLIMA ; 73001 ; IBAGUÉ ; Fija ; 1 ; Velocidad del Viento ; m/s ; 2.7 
12/01/2014; CORTOLIMA ; CORTOLIMA ; Automática ; 4.433181 ; -75.211139 ; 73 ; TOLIMA ; 73001 ; IBAGUÉ ; Fija ; 1 ; Velocidad del Viento ; m/s ; 1.3 
12/01/2014; CORTOLIMA ; CORTOLIMA ; Automática ; 4.433181 ; -75.211139 ; 73 ; TOLIMA ; 73001 ; IBAGUÉ ; Fija ; 1 ; Velocidad del Viento ; m/s ; 0.4 
12/01/2014; CORTOLIMA ; CORTOLIMA ; Automática ; 4.433181 ; -75.211139 ; 73 ; TOLIMA ; 73001 ; IBAGUÉ ; Fija ; 1 ; Velocidad del Viento ; m/s ; 0.4 
12/01/2014; CORTOLIMA ; CORTOLIMA ; Automática ; 4.433181 ; -75.211139 ; 73 ; TOLIMA ; 73001 ; IBAGUÉ ; Fija ; 1 ; Velocidad del Viento ; m/s ; 0.4 
12/01/2014; CORTOLIMA ; CORTOLIMA ; Automática ; 4.433181 ; -75.211139 ; 73 ; TOLIMA ; 73001 ; IBAGUÉ ; Fija ; 1 ; Velocidad del Viento ; m/s ; 0.4 
12/01/2014; CORTOLIMA ; CORTOLIMA ; Automática ; 4.433181 ; -75.211139 ; 73 ; TOLIMA ; 73001 ; IBAGUÉ ; Fija ; 1 ; Velocidad del Viento ; m/s ; 0 
12/01/2014; CORTOLIMA ; CORTOLIMA ; Automática ; 4.433181 ; -75.211139 ; 73 ; TOLIMA ; 73001 ; IBAGUÉ ; Fija ; 1 ; Velocidad del Viento ; m/s ; 0 
12/01/2014; CORTOLIMA ; CORTOLIMA ; Automática ; 4.433181 ; -75.211139 ; 73 ; TOLIMA ; 73001 ; IBAGUÉ ; Fija ; 1 ; Velocidad del Viento ; m/s ; 0 
12/01/2014; CORTOLIMA ; CORTOLIMA ; Automática ; 4.433181 ; -75.211139 ; 73 ; TOLIMA ; 73001 ; IBAGUÉ ; Fija ; 1 ; Velocidad del Viento ; m/s ; 0 
12/01/2014; CORTOLIMA ; CORTOLIMA ; Automática ; 4.433181 ; -75.211139 ; 73 ; TOLIMA ; 73001 ; IBAGUÉ ; Fija ; 1 ; Velocidad del Viento ; m/s ; 0 
13/01/2014; CORTOLIMA ; CORTOLIMA ; Automática ; 4.433181 ; -75.211139 ; 73 ; TOLIMA ; 73001 ; IBAGUÉ ; Fija ; 1 ; Velocidad del Viento ; m/s ; 0.4 
13/01/2014; CORTOLIMA ; CORTOLIMA ; Automática ; 4.433181 ; -75.211139 ; 73 ; TOLIMA ; 73001 ; IBAGUÉ ; Fija ; 1 ; Velocidad del Viento ; m/s ; 0.4 
13/01/2014; CORTOLIMA ; CORTOLIMA ; Automática ; 4.433181 ; -75.211139 ; 73 ; TOLIMA ; 73001 ; IBAGUÉ ; Fija ; 1 ; Velocidad del Viento ; m/s ; 0.4 
13/01/2014; CORTOLIMA ; CORTOLIMA ; Automática ; 4.433181 ; -75.211139 ; 73 ; TOLIMA ; 73001 ; IBAGUÉ ; Fija ; 1 ; Velocidad del Viento ; m/s ; 0 
13/01/2014; CORTOLIMA ; CORTOLIMA ; Automática ; 4.433181 ; -75.211139 ; 73 ; TOLIMA ; 73001 ; IBAGUÉ ; Fija ; 1 ; Velocidad del Viento ; m/s ; 0.4 
13/01/2014; CORTOLIMA ; CORTOLIMA ; Automática ; 4.433181 ; -75.211139 ; 73 ; TOLIMA ; 73001 ; IBAGUÉ ; Fija ; 1 ; Velocidad del Viento ; m/s ; 0.9 
13/01/2014; CORTOLIMA ; CORTOLIMA ; Automática ; 4.433181 ; -75.211139 ; 73 ; TOLIMA ; 73001 ; IBAGUÉ ; Fija ; 1 ; Velocidad del Viento ; m/s ; 0.9 
13/01/2014; CORTOLIMA ; CORTOLIMA ; Automática ; 4.433181 ; -75.211139 ; 73 ; TOLIMA ; 73001 ; IBAGUÉ ; Fija ; 1 ; Velocidad del Viento ; m/s ; 0.9 
13/01/2014; CORTOLIMA ; CORTOLIMA ; Automática ; 4.433181 ; -75.211139 ; 73 ; TOLIMA ; 73001 ; IBAGUÉ ; Fija ; 1 ; Velocidad del Viento ; m/s ; 0.9 
13/01/2014; CORTOLIMA ; CORTOLIMA ; Automática ; 4.433181 ; -75.211139 ; 73 ; TOLIMA ; 73001 ; IBAGUÉ ; Fija ; 1 ; Velocidad del Viento ; m/s ; 0.4 
13/01/2014; CORTOLIMA ; CORTOLIMA ; Automática ; 4.433181 ; -75.211139 ; 73 ; TOLIMA ; 73001 ; IBAGUÉ ; Fija ; 1 ; Velocidad del Viento ; m/s ; 0.9 
13/01/2014; CORTOLIMA ; CORTOLIMA ; Automática ; 4.433181 ; -75.211139 ; 73 ; TOLIMA ; 73001 ; IBAGUÉ ; Fija ; 1 ; Velocidad del Viento ; m/s ; 1.8 
13/01/2014; CORTOLIMA ; CORTOLIMA ; Automática ; 4.433181 ; -75.211139 ; 73 ; TOLIMA ; 73001 ; IBAGUÉ ; Fija ; 1 ; Velocidad del Viento ; m/s ; 2.2 
13/01/2014; CORTOLIMA ; CORTOLIMA ; Automática ; 4.433181 ; -75.211139 ; 73 ; TOLIMA ; 73001 ; IBAGUÉ ; Fija ; 1 ; Velocidad del Viento ; m/s ; 1.8 
13/01/2014; CORTOLIMA ; CORTOLIMA ; Automática ; 4.433181 ; -75.211139 ; 73 ; TOLIMA ; 73001 ; IBAGUÉ ; Fija ; 1 ; Velocidad del Viento ; m/s ; 1.8 
13/01/2014; CORTOLIMA ; CORTOLIMA ; Automática ; 4.433181 ; -75.211139 ; 73 ; TOLIMA ; 73001 ; IBAGUÉ ; Fija ; 1 ; Velocidad del Viento ; m/s ; 1.8 
13/01/2014; CORTOLIMA ; CORTOLIMA ; Automática ; 4.433181 ; -75.211139 ; 73 ; TOLIMA ; 73001 ; IBAGUÉ ; Fija ; 1 ; Velocidad del Viento ; m/s ; 1.3 
13/01/2014; CORTOLIMA ; CORTOLIMA ; Automática ; 4.433181 ; -75.211139 ; 73 ; TOLIMA ; 73001 ; IBAGUÉ ; Fija ; 1 ; Velocidad del Viento ; m/s ; 0.9 
13/01/2014; CORTOLIMA ; CORTOLIMA ; Automática ; 4.433181 ; -75.211139 ; 73 ; TOLIMA ; 73001 ; IBAGUÉ ; Fija ; 1 ; Velocidad del Viento ; m/s ; 0.4 
13/01/2014; CORTOLIMA ; CORTOLIMA ; Automática ; 4.433181 ; -75.211139 ; 73 ; TOLIMA ; 73001 ; IBAGUÉ ; Fija ; 1 ; Velocidad del Viento ; m/s ; 0 
13/01/2014; CORTOLIMA ; CORTOLIMA ; Automática ; 4.433181 ; -75.211139 ; 73 ; TOLIMA ; 73001 ; IBAGUÉ ; Fija ; 1 ; Velocidad del Viento ; m/s ; 0 
13/01/2014; CORTOLIMA ; CORTOLIMA ; Automática ; 4.433181 ; -75.211139 ; 73 ; TOLIMA ; 73001 ; IBAGUÉ ; Fija ; 1 ; Velocidad del Viento ; m/s ; 0.4 
13/01/2014; CORTOLIMA ; CORTOLIMA ; Automática ; 4.433181 ; -75.211139 ; 73 ; TOLIMA ; 73001 ; IBAGUÉ ; Fija ; 1 ; Velocidad del Viento ; m/s ; 0.4 
13/01/2014; CORTOLIMA ; CORTOLIMA ; Automática ; 4.433181 ; -75.211139 ; 73 ; TOLIMA ; 73001 ; IBAGUÉ ; Fija ; 1 ; Velocidad del Viento ; m/s ; 0.9 
14/01/2014; CORTOLIMA ; CORTOLIMA ; Automática ; 4.433181 ; -75.211139 ; 73 ; TOLIMA ; 73001 ; IBAGUÉ ; Fija ; 1 ; Velocidad del Viento ; m/s ; 0.9 
14/01/2014; CORTOLIMA ; CORTOLIMA ; Automática ; 4.433181 ; -75.211139 ; 73 ; TOLIMA ; 73001 ; IBAGUÉ ; Fija ; 1 ; Velocidad del Viento ; m/s ; 0.9 
14/01/2014; CORTOLIMA ; CORTOLIMA ; Automática ; 4.433181 ; -75.211139 ; 73 ; TOLIMA ; 73001 ; IBAGUÉ ; Fija ; 1 ; Velocidad del Viento ; m/s ; 0.9 
14/01/2014; CORTOLIMA ; CORTOLIMA ; Automática ; 4.433181 ; -75.211139 ; 73 ; TOLIMA ; 73001 ; IBAGUÉ ; Fija ; 1 ; Velocidad del Viento ; m/s ; 0.9 
14/01/2014; CORTOLIMA ; CORTOLIMA ; Automática ; 4.433181 ; -75.211139 ; 73 ; TOLIMA ; 73001 ; IBAGUÉ ; Fija ; 1 ; Velocidad del Viento ; m/s ; 0.9 
14/01/2014; CORTOLIMA ; CORTOLIMA ; Automática ; 4.433181 ; -75.211139 ; 73 ; TOLIMA ; 73001 ; IBAGUÉ ; Fija ; 1 ; Velocidad del Viento ; m/s ; 0.9 
14/01/2014; CORTOLIMA ; CORTOLIMA ; Automática ; 4.433181 ; -75.211139 ; 73 ; TOLIMA ; 73001 ; IBAGUÉ ; Fija ; 1 ; Velocidad del Viento ; m/s ; 0.9 
14/01/2014; CORTOLIMA ; CORTOLIMA ; Automática ; 4.433181 ; -75.211139 ; 73 ; TOLIMA ; 73001 ; IBAGUÉ ; Fija ; 1 ; Velocidad del Viento ; m/s ; 1.3 
14/01/2014; CORTOLIMA ; CORTOLIMA ; Automática ; 4.433181 ; -75.211139 ; 73 ; TOLIMA ; 73001 ; IBAGUÉ ; Fija ; 1 ; Velocidad del Viento ; m/s ; 0.9 
14/01/2014; CORTOLIMA ; CORTOLIMA ; Automática ; 4.433181 ; -75.211139 ; 73 ; TOLIMA ; 73001 ; IBAGUÉ ; Fija ; 1 ; Velocidad del Viento ; m/s ; 0.4 
14/01/2014; CORTOLIMA ; CORTOLIMA ; Automática ; 4.433181 ; -75.211139 ; 73 ; TOLIMA ; 73001 ; IBAGUÉ ; Fija ; 1 ; Velocidad del Viento ; m/s ; 1.3 
14/01/2014; CORTOLIMA ; CORTOLIMA ; Automática ; 4.433181 ; -75.211139 ; 73 ; TOLIMA ; 73001 ; IBAGUÉ ; Fija ; 1 ; Velocidad del Viento ; m/s ; 1.8 
14/01/2014; CORTOLIMA ; CORTOLIMA ; Automática ; 4.433181 ; -75.211139 ; 73 ; TOLIMA ; 73001 ; IBAGUÉ ; Fija ; 1 ; Velocidad del Viento ; m/s ; 1.3 
14/01/2014; CORTOLIMA ; CORTOLIMA ; Automática ; 4.433181 ; -75.211139 ; 73 ; TOLIMA ; 73001 ; IBAGUÉ ; Fija ; 1 ; Velocidad del Viento ; m/s ; 1.3 
14/01/2014; CORTOLIMA ; CORTOLIMA ; Automática ; 4.433181 ; -75.211139 ; 73 ; TOLIMA ; 73001 ; IBAGUÉ ; Fija ; 1 ; Velocidad del Viento ; m/s ; 1.3 
14/01/2014; CORTOLIMA ; CORTOLIMA ; Automática ; 4.433181 ; -75.211139 ; 73 ; TOLIMA ; 73001 ; IBAGUÉ ; Fija ; 1 ; Velocidad del Viento ; m/s ; 1.3 
14/01/2014; CORTOLIMA ; CORTOLIMA ; Automática ; 4.433181 ; -75.211139 ; 73 ; TOLIMA ; 73001 ; IBAGUÉ ; Fija ; 1 ; Velocidad del Viento ; m/s ; 0.9 
14/01/2014; CORTOLIMA ; CORTOLIMA ; Automática ; 4.433181 ; -75.211139 ; 73 ; TOLIMA ; 73001 ; IBAGUÉ ; Fija ; 1 ; Velocidad del Viento ; m/s ; 0.4 
14/01/2014; CORTOLIMA ; CORTOLIMA ; Automática ; 4.433181 ; -75.211139 ; 73 ; TOLIMA ; 73001 ; IBAGUÉ ; Fija ; 1 ; Velocidad del Viento ; m/s ; 0.4 
14/01/2014; CORTOLIMA ; CORTOLIMA ; Automática ; 4.433181 ; -75.211139 ; 73 ; TOLIMA ; 73001 ; IBAGUÉ ; Fija ; 1 ; Velocidad del Viento ; m/s ; 0 
14/01/2014; CORTOLIMA ; CORTOLIMA ; Automática ; 4.433181 ; -75.211139 ; 73 ; TOLIMA ; 73001 ; IBAGUÉ ; Fija ; 1 ; Velocidad del Viento ; m/s ; 0.4 
14/01/2014; CORTOLIMA ; CORTOLIMA ; Automática ; 4.433181 ; -75.211139 ; 73 ; TOLIMA ; 73001 ; IBAGUÉ ; Fija ; 1 ; Velocidad del Viento ; m/s ; 0.4 
14/01/2014; CORTOLIMA ; CORTOLIMA ; Automática ; 4.433181 ; -75.211139 ; 73 ; TOLIMA ; 73001 ; IBAGUÉ ; Fija ; 1 ; Velocidad del Viento ; m/s ; 0.9 
14/01/2014; CORTOLIMA ; CORTOLIMA ; Automática ; 4.433181 ; -75.211139 ; 73 ; TOLIMA ; 73001 ; IBAGUÉ ; Fija ; 1 ; Velocidad del Viento ; m/s ; 1.3 
15/01/2014; CORTOLIMA ; CORTOLIMA ; Automática ; 4.433181 ; -75.211139 ; 73 ; TOLIMA ; 73001 ; IBAGUÉ ; Fija ; 1 ; Velocidad del Viento ; m/s ; 1.3 
15/01/2014; CORTOLIMA ; CORTOLIMA ; Automática ; 4.433181 ; -75.211139 ; 73 ; TOLIMA ; 73001 ; IBAGUÉ ; Fija ; 1 ; Velocidad del Viento ; m/s ; 0.4 
15/01/2014; CORTOLIMA ; CORTOLIMA ; Automática ; 4.433181 ; -75.211139 ; 73 ; TOLIMA ; 73001 ; IBAGUÉ ; Fija ; 1 ; Velocidad del Viento ; m/s ; 0 
15/01/2014; CORTOLIMA ; CORTOLIMA ; Automática ; 4.433181 ; -75.211139 ; 73 ; TOLIMA ; 73001 ; IBAGUÉ ; Fija ; 1 ; Velocidad del Viento ; m/s ; 0.9 
15/01/2014; CORTOLIMA ; CORTOLIMA ; Automática ; 4.433181 ; -75.211139 ; 73 ; TOLIMA ; 73001 ; IBAGUÉ ; Fija ; 1 ; Velocidad del Viento ; m/s ; 0.4 
15/01/2014; CORTOLIMA ; CORTOLIMA ; Automática ; 4.433181 ; -75.211139 ; 73 ; TOLIMA ; 73001 ; IBAGUÉ ; Fija ; 1 ; Velocidad del Viento ; m/s ; 0.4 
15/01/2014; CORTOLIMA ; CORTOLIMA ; Automática ; 4.433181 ; -75.211139 ; 73 ; TOLIMA ; 73001 ; IBAGUÉ ; Fija ; 1 ; Velocidad del Viento ; m/s ; 0.9 
15/01/2014; CORTOLIMA ; CORTOLIMA ; Automática ; 4.433181 ; -75.211139 ; 73 ; TOLIMA ; 73001 ; IBAGUÉ ; Fija ; 1 ; Velocidad del Viento ; m/s ; 0.9 
15/01/2014; CORTOLIMA ; CORTOLIMA ; Automática ; 4.433181 ; -75.211139 ; 73 ; TOLIMA ; 73001 ; IBAGUÉ ; Fija ; 1 ; Velocidad del Viento ; m/s ; 0.9 
15/01/2014; CORTOLIMA ; CORTOLIMA ; Automática ; 4.433181 ; -75.211139 ; 73 ; TOLIMA ; 73001 ; IBAGUÉ ; Fija ; 1 ; Velocidad del Viento ; m/s ; 0.9 
15/01/2014; CORTOLIMA ; CORTOLIMA ; Automática ; 4.433181 ; -75.211139 ; 73 ; TOLIMA ; 73001 ; IBAGUÉ ; Fija ; 1 ; Velocidad del Viento ; m/s ; 1.8 
15/01/2014; CORTOLIMA ; CORTOLIMA ; Automática ; 4.433181 ; -75.211139 ; 73 ; TOLIMA ; 73001 ; IBAGUÉ ; Fija ; 1 ; Velocidad del Viento ; m/s ; 1.8 
15/01/2014; CORTOLIMA ; CORTOLIMA ; Automática ; 4.433181 ; -75.211139 ; 73 ; TOLIMA ; 73001 ; IBAGUÉ ; Fija ; 1 ; Velocidad del Viento ; m/s ; 2.2 
15/01/2014; CORTOLIMA ; CORTOLIMA ; Automática ; 4.433181 ; -75.211139 ; 73 ; TOLIMA ; 73001 ; IBAGUÉ ; Fija ; 1 ; Velocidad del Viento ; m/s ; 1.8 
15/01/2014; CORTOLIMA ; CORTOLIMA ; Automática ; 4.433181 ; -75.211139 ; 73 ; TOLIMA ; 73001 ; IBAGUÉ ; Fija ; 1 ; Velocidad del Viento ; m/s ; 1.3 
15/01/2014; CORTOLIMA ; CORTOLIMA ; Automática ; 4.433181 ; -75.211139 ; 73 ; TOLIMA ; 73001 ; IBAGUÉ ; Fija ; 1 ; Velocidad del Viento ; m/s ; 1.8 
15/01/2014; CORTOLIMA ; CORTOLIMA ; Automática ; 4.433181 ; -75.211139 ; 73 ; TOLIMA ; 73001 ; IBAGUÉ ; Fija ; 1 ; Velocidad del Viento ; m/s ; 1.3 
15/01/2014; CORTOLIMA ; CORTOLIMA ; Automática ; 4.433181 ; -75.211139 ; 73 ; TOLIMA ; 73001 ; IBAGUÉ ; Fija ; 1 ; Velocidad del Viento ; m/s ; 1.3 
15/01/2014; CORTOLIMA ; CORTOLIMA ; Automática ; 4.433181 ; -75.211139 ; 73 ; TOLIMA ; 73001 ; IBAGUÉ ; Fija ; 1 ; Velocidad del Viento ; m/s ; 0.4 
15/01/2014; CORTOLIMA ; CORTOLIMA ; Automática ; 4.433181 ; -75.211139 ; 73 ; TOLIMA ; 73001 ; IBAGUÉ ; Fija ; 1 ; Velocidad del Viento ; m/s ; 0 
15/01/2014; CORTOLIMA ; CORTOLIMA ; Automática ; 4.433181 ; -75.211139 ; 73 ; TOLIMA ; 73001 ; IBAGUÉ ; Fija ; 1 ; Velocidad del Viento ; m/s ; 0.4 
15/01/2014; CORTOLIMA ; CORTOLIMA ; Automática ; 4.433181 ; -75.211139 ; 73 ; TOLIMA ; 73001 ; IBAGUÉ ; Fija ; 1 ; Velocidad del Viento ; m/s ; 0 
15/01/2014; CORTOLIMA ; CORTOLIMA ; Automática ; 4.433181 ; -75.211139 ; 73 ; TOLIMA ; 73001 ; IBAGUÉ ; Fija ; 1 ; Velocidad del Viento ; m/s ; 0.4 
15/01/2014; CORTOLIMA ; CORTOLIMA ; Automática ; 4.433181 ; -75.211139 ; 73 ; TOLIMA ; 73001 ; IBAGUÉ ; Fija ; 1 ; Velocidad del Viento ; m/s ; 0.4 
16/01/2014; CORTOLIMA ; CORTOLIMA ; Automática ; 4.433181 ; -75.211139 ; 73 ; TOLIMA ; 73001 ; IBAGUÉ ; Fija ; 1 ; Velocidad del Viento ; m/s ; 0.9 
16/01/2014; CORTOLIMA ; CORTOLIMA ; Automática ; 4.433181 ; -75.211139 ; 73 ; TOLIMA ; 73001 ; IBAGUÉ ; Fija ; 1 ; Velocidad del Viento ; m/s ; 0.9 
16/01/2014; CORTOLIMA ; CORTOLIMA ; Automática ; 4.433181 ; -75.211139 ; 73 ; TOLIMA ; 73001 ; IBAGUÉ ; Fija ; 1 ; Velocidad del Viento ; m/s ; 0.9 
16/01/2014; CORTOLIMA ; CORTOLIMA ; Automática ; 4.433181 ; -75.211139 ; 73 ; TOLIMA ; 73001 ; IBAGUÉ ; Fija ; 1 ; Velocidad del Viento ; m/s ; 0.9 
16/01/2014; CORTOLIMA ; CORTOLIMA ; Automática ; 4.433181 ; -75.211139 ; 73 ; TOLIMA ; 73001 ; IBAGUÉ ; Fija ; 1 ; Velocidad del Viento ; m/s ; 0.9 
16/01/2014; CORTOLIMA ; CORTOLIMA ; Automática ; 4.433181 ; -75.211139 ; 73 ; TOLIMA ; 73001 ; IBAGUÉ ; Fija ; 1 ; Velocidad del Viento ; m/s ; 0.9 
16/01/2014; CORTOLIMA ; CORTOLIMA ; Automática ; 4.433181 ; -75.211139 ; 73 ; TOLIMA ; 73001 ; IBAGUÉ ; Fija ; 1 ; Velocidad del Viento ; m/s ; 0.4 
16/01/2014; CORTOLIMA ; CORTOLIMA ; Automática ; 4.433181 ; -75.211139 ; 73 ; TOLIMA ; 73001 ; IBAGUÉ ; Fija ; 1 ; Velocidad del Viento ; m/s ; 0.4 
16/01/2014; CORTOLIMA ; CORTOLIMA ; Automática ; 4.433181 ; -75.211139 ; 73 ; TOLIMA ; 73001 ; IBAGUÉ ; Fija ; 1 ; Velocidad del Viento ; m/s ; 0.4 
16/01/2014; CORTOLIMA ; CORTOLIMA ; Automática ; 4.433181 ; -75.211139 ; 73 ; TOLIMA ; 73001 ; IBAGUÉ ; Fija ; 1 ; Velocidad del Viento ; m/s ; 0.9 
16/01/2014; CORTOLIMA ; CORTOLIMA ; Automática ; 4.433181 ; -75.211139 ; 73 ; TOLIMA ; 73001 ; IBAGUÉ ; Fija ; 1 ; Velocidad del Viento ; m/s ; 0.9 
16/01/2014; CORTOLIMA ; CORTOLIMA ; Automática ; 4.433181 ; -75.211139 ; 73 ; TOLIMA ; 73001 ; IBAGUÉ ; Fija ; 1 ; Velocidad del Viento ; m/s ; 0.9 
16/01/2014; CORTOLIMA ; CORTOLIMA ; Automática ; 4.433181 ; -75.211139 ; 73 ; TOLIMA ; 73001 ; IBAGUÉ ; Fija ; 1 ; Velocidad del Viento ; m/s ; 0.9 
16/01/2014; CORTOLIMA ; CORTOLIMA ; Automática ; 4.433181 ; -75.211139 ; 73 ; TOLIMA ; 73001 ; IBAGUÉ ; Fija ; 1 ; Velocidad del Viento ; m/s ; 1.8 
16/01/2014; CORTOLIMA ; CORTOLIMA ; Automática ; 4.433181 ; -75.211139 ; 73 ; TOLIMA ; 73001 ; IBAGUÉ ; Fija ; 1 ; Velocidad del Viento ; m/s ; 1.3 
16/01/2014; CORTOLIMA ; CORTOLIMA ; Automática ; 4.433181 ; -75.211139 ; 73 ; TOLIMA ; 73001 ; IBAGUÉ ; Fija ; 1 ; Velocidad del Viento ; m/s ; 1.8 
16/01/2014; CORTOLIMA ; CORTOLIMA ; Automática ; 4.433181 ; -75.211139 ; 73 ; TOLIMA ; 73001 ; IBAGUÉ ; Fija ; 1 ; Velocidad del Viento ; m/s ; 1.3 
16/01/2014; CORTOLIMA ; CORTOLIMA ; Automática ; 4.433181 ; -75.211139 ; 73 ; TOLIMA ; 73001 ; IBAGUÉ ; Fija ; 1 ; Velocidad del Viento ; m/s ; 0.9 
16/01/2014; CORTOLIMA ; CORTOLIMA ; Automática ; 4.433181 ; -75.211139 ; 73 ; TOLIMA ; 73001 ; IBAGUÉ ; Fija ; 1 ; Velocidad del Viento ; m/s ; 0.4 
16/01/2014; CORTOLIMA ; CORTOLIMA ; Automática ; 4.433181 ; -75.211139 ; 73 ; TOLIMA ; 73001 ; IBAGUÉ ; Fija ; 1 ; Velocidad del Viento ; m/s ; 0 
16/01/2014; CORTOLIMA ; CORTOLIMA ; Automática ; 4.433181 ; -75.211139 ; 73 ; TOLIMA ; 73001 ; IBAGUÉ ; Fija ; 1 ; Velocidad del Viento ; m/s ; 0 
16/01/2014; CORTOLIMA ; CORTOLIMA ; Automática ; 4.433181 ; -75.211139 ; 73 ; TOLIMA ; 73001 ; IBAGUÉ ; Fija ; 1 ; Velocidad del Viento ; m/s ; 0.4 
16/01/2014; CORTOLIMA ; CORTOLIMA ; Automática ; 4.433181 ; -75.211139 ; 73 ; TOLIMA ; 73001 ; IBAGUÉ ; Fija ; 1 ; Velocidad del Viento ; m/s ; 0.4 
16/01/2014; CORTOLIMA ; CORTOLIMA ; Automática ; 4.433181 ; -75.211139 ; 73 ; TOLIMA ; 73001 ; IBAGUÉ ; Fija ; 1 ; Velocidad del Viento ; m/s ; 0.9 
17/01/2014; CORTOLIMA ; CORTOLIMA ; Automática ; 4.433181 ; -75.211139 ; 73 ; TOLIMA ; 73001 ; IBAGUÉ ; Fija ; 1 ; Velocidad del Viento ; m/s ; 0.9 
17/01/2014; CORTOLIMA ; CORTOLIMA ; Automática ; 4.433181 ; -75.211139 ; 73 ; TOLIMA ; 73001 ; IBAGUÉ ; Fija ; 1 ; Velocidad del Viento ; m/s ; 0.4 
17/01/2014; CORTOLIMA ; CORTOLIMA ; Automática ; 4.433181 ; -75.211139 ; 73 ; TOLIMA ; 73001 ; IBAGUÉ ; Fija ; 1 ; Velocidad del Viento ; m/s ; 0.4 
17/01/2014; CORTOLIMA ; CORTOLIMA ; Automática ; 4.433181 ; -75.211139 ; 73 ; TOLIMA ; 73001 ; IBAGUÉ ; Fija ; 1 ; Velocidad del Viento ; m/s ; 0.9 
17/01/2014; CORTOLIMA ; CORTOLIMA ; Automática ; 4.433181 ; -75.211139 ; 73 ; TOLIMA ; 73001 ; IBAGUÉ ; Fija ; 1 ; Velocidad del Viento ; m/s ; 0.9 
17/01/2014; CORTOLIMA ; CORTOLIMA ; Automática ; 4.433181 ; -75.211139 ; 73 ; TOLIMA ; 73001 ; IBAGUÉ ; Fija ; 1 ; Velocidad del Viento ; m/s ; 0.9 
17/01/2014; CORTOLIMA ; CORTOLIMA ; Automática ; 4.433181 ; -75.211139 ; 73 ; TOLIMA ; 73001 ; IBAGUÉ ; Fija ; 1 ; Velocidad del Viento ; m/s ; 0.9 
17/01/2014; CORTOLIMA ; CORTOLIMA ; Automática ; 4.433181 ; -75.211139 ; 73 ; TOLIMA ; 73001 ; IBAGUÉ ; Fija ; 1 ; Velocidad del Viento ; m/s ; 0.9 
17/01/2014; CORTOLIMA ; CORTOLIMA ; Automática ; 4.433181 ; -75.211139 ; 73 ; TOLIMA ; 73001 ; IBAGUÉ ; Fija ; 1 ; Velocidad del Viento ; m/s ; 0.4 
17/01/2014; CORTOLIMA ; CORTOLIMA ; Automática ; 4.433181 ; -75.211139 ; 73 ; TOLIMA ; 73001 ; IBAGUÉ ; Fija ; 1 ; Velocidad del Viento ; m/s ; 0.9 
17/01/2014; CORTOLIMA ; CORTOLIMA ; Automática ; 4.433181 ; -75.211139 ; 73 ; TOLIMA ; 73001 ; IBAGUÉ ; Fija ; 1 ; Velocidad del Viento ; m/s ; 1.3 
17/01/2014; CORTOLIMA ; CORTOLIMA ; Automática ; 4.433181 ; -75.211139 ; 73 ; TOLIMA ; 73001 ; IBAGUÉ ; Fija ; 1 ; Velocidad del Viento ; m/s ; 1.8 
17/01/2014; CORTOLIMA ; CORTOLIMA ; Automática ; 4.433181 ; -75.211139 ; 73 ; TOLIMA ; 73001 ; IBAGUÉ ; Fija ; 1 ; Velocidad del Viento ; m/s ; 1.8 
17/01/2014; CORTOLIMA ; CORTOLIMA ; Automática ; 4.433181 ; -75.211139 ; 73 ; TOLIMA ; 73001 ; IBAGUÉ ; Fija ; 1 ; Velocidad del Viento ; m/s ; 2.2 
17/01/2014; CORTOLIMA ; CORTOLIMA ; Automática ; 4.433181 ; -75.211139 ; 73 ; TOLIMA ; 73001 ; IBAGUÉ ; Fija ; 1 ; Velocidad del Viento ; m/s ; 1.3 
17/01/2014; CORTOLIMA ; CORTOLIMA ; Automática ; 4.433181 ; -75.211139 ; 73 ; TOLIMA ; 73001 ; IBAGUÉ ; Fija ; 1 ; Velocidad del Viento ; m/s ; 1.3 
17/01/2014; CORTOLIMA ; CORTOLIMA ; Automática ; 4.433181 ; -75.211139 ; 73 ; TOLIMA ; 73001 ; IBAGUÉ ; Fija ; 1 ; Velocidad del Viento ; m/s ; 1.3 
17/01/2014; CORTOLIMA ; CORTOLIMA ; Automática ; 4.433181 ; -75.211139 ; 73 ; TOLIMA ; 73001 ; IBAGUÉ ; Fija ; 1 ; Velocidad del Viento ; m/s ; 1.3 
17/01/2014; CORTOLIMA ; CORTOLIMA ; Automática ; 4.433181 ; -75.211139 ; 73 ; TOLIMA ; 73001 ; IBAGUÉ ; Fija ; 1 ; Velocidad del Viento ; m/s ; 0.9 
17/01/2014; CORTOLIMA ; CORTOLIMA ; Automática ; 4.433181 ; -75.211139 ; 73 ; TOLIMA ; 73001 ; IBAGUÉ ; Fija ; 1 ; Velocidad del Viento ; m/s ; 0.4 
17/01/2014; CORTOLIMA ; CORTOLIMA ; Automática ; 4.433181 ; -75.211139 ; 73 ; TOLIMA ; 73001 ; IBAGUÉ ; Fija ; 1 ; Velocidad del Viento ; m/s ; 0 
17/01/2014; CORTOLIMA ; CORTOLIMA ; Automática ; 4.433181 ; -75.211139 ; 73 ; TOLIMA ; 73001 ; IBAGUÉ ; Fija ; 1 ; Velocidad del Viento ; m/s ; 0 
17/01/2014; CORTOLIMA ; CORTOLIMA ; Automática ; 4.433181 ; -75.211139 ; 73 ; TOLIMA ; 73001 ; IBAGUÉ ; Fija ; 1 ; Velocidad del Viento ; m/s ; 0 
17/01/2014; CORTOLIMA ; CORTOLIMA ; Automática ; 4.433181 ; -75.211139 ; 73 ; TOLIMA ; 73001 ; IBAGUÉ ; Fija ; 1 ; Velocidad del Viento ; m/s ; 0.9 
18/01/2014; CORTOLIMA ; CORTOLIMA ; Automática ; 4.433181 ; -75.211139 ; 73 ; TOLIMA ; 73001 ; IBAGUÉ ; Fija ; 1 ; Velocidad del Viento ; m/s ; 0.9 
18/01/2014; CORTOLIMA ; CORTOLIMA ; Automática ; 4.433181 ; -75.211139 ; 73 ; TOLIMA ; 73001 ; IBAGUÉ ; Fija ; 1 ; Velocidad del Viento ; m/s ; 0.9 
18/01/2014; CORTOLIMA ; CORTOLIMA ; Automática ; 4.433181 ; -75.211139 ; 73 ; TOLIMA ; 73001 ; IBAGUÉ ; Fija ; 1 ; Velocidad del Viento ; m/s ; 0 
18/01/2014; CORTOLIMA ; CORTOLIMA ; Automática ; 4.433181 ; -75.211139 ; 73 ; TOLIMA ; 73001 ; IBAGUÉ ; Fija ; 1 ; Velocidad del Viento ; m/s ; 0 
18/01/2014; CORTOLIMA ; CORTOLIMA ; Automática ; 4.433181 ; -75.211139 ; 73 ; TOLIMA ; 73001 ; IBAGUÉ ; Fija ; 1 ; Velocidad del Viento ; m/s ; 0.4 
18/01/2014; CORTOLIMA ; CORTOLIMA ; Automática ; 4.433181 ; -75.211139 ; 73 ; TOLIMA ; 73001 ; IBAGUÉ ; Fija ; 1 ; Velocidad del Viento ; m/s ; 0.4 
18/01/2014; CORTOLIMA ; CORTOLIMA ; Automática ; 4.433181 ; -75.211139 ; 73 ; TOLIMA ; 73001 ; IBAGUÉ ; Fija ; 1 ; Velocidad del Viento ; m/s ; 0.4 
18/01/2014; CORTOLIMA ; CORTOLIMA ; Automática ; 4.433181 ; -75.211139 ; 73 ; TOLIMA ; 73001 ; IBAGUÉ ; Fija ; 1 ; Velocidad del Viento ; m/s ; 0 
18/01/2014; CORTOLIMA ; CORTOLIMA ; Automática ; 4.433181 ; -75.211139 ; 73 ; TOLIMA ; 73001 ; IBAGUÉ ; Fija ; 1 ; Velocidad del Viento ; m/s ; 0 
18/01/2014; CORTOLIMA ; CORTOLIMA ; Automática ; 4.433181 ; -75.211139 ; 73 ; TOLIMA ; 73001 ; IBAGUÉ ; Fija ; 1 ; Velocidad del Viento ; m/s ; 0 
18/01/2014; CORTOLIMA ; CORTOLIMA ; Automática ; 4.433181 ; -75.211139 ; 73 ; TOLIMA ; 73001 ; IBAGUÉ ; Fija ; 1 ; Velocidad del Viento ; m/s ; 0.4 
18/01/2014; CORTOLIMA ; CORTOLIMA ; Automática ; 4.433181 ; -75.211139 ; 73 ; TOLIMA ; 73001 ; IBAGUÉ ; Fija ; 1 ; Velocidad del Viento ; m/s ; 1.3 
18/01/2014; CORTOLIMA ; CORTOLIMA ; Automática ; 4.433181 ; -75.211139 ; 73 ; TOLIMA ; 73001 ; IBAGUÉ ; Fija ; 1 ; Velocidad del Viento ; m/s ; 1.8 
18/01/2014; CORTOLIMA ; CORTOLIMA ; Automática ; 4.433181 ; -75.211139 ; 73 ; TOLIMA ; 73001 ; IBAGUÉ ; Fija ; 1 ; Velocidad del Viento ; m/s ; 1.8 
18/01/2014; CORTOLIMA ; CORTOLIMA ; Automática ; 4.433181 ; -75.211139 ; 73 ; TOLIMA ; 73001 ; IBAGUÉ ; Fija ; 1 ; Velocidad del Viento ; m/s ; 1.3 
18/01/2014; CORTOLIMA ; CORTOLIMA ; Automática ; 4.433181 ; -75.211139 ; 73 ; TOLIMA ; 73001 ; IBAGUÉ ; Fija ; 1 ; Velocidad del Viento ; m/s ; 1.8 
18/01/2014; CORTOLIMA ; CORTOLIMA ; Automática ; 4.433181 ; -75.211139 ; 73 ; TOLIMA ; 73001 ; IBAGUÉ ; Fija ; 1 ; Velocidad del Viento ; m/s ; 1.8 
18/01/2014; CORTOLIMA ; CORTOLIMA ; Automática ; 4.433181 ; -75.211139 ; 73 ; TOLIMA ; 73001 ; IBAGUÉ ; Fija ; 1 ; Velocidad del Viento ; m/s ; 1.3 
18/01/2014; CORTOLIMA ; CORTOLIMA ; Automática ; 4.433181 ; -75.211139 ; 73 ; TOLIMA ; 73001 ; IBAGUÉ ; Fija ; 1 ; Velocidad del Viento ; m/s ; 0.4 
18/01/2014; CORTOLIMA ; CORTOLIMA ; Automática ; 4.433181 ; -75.211139 ; 73 ; TOLIMA ; 73001 ; IBAGUÉ ; Fija ; 1 ; Velocidad del Viento ; m/s ; 0 
18/01/2014; CORTOLIMA ; CORTOLIMA ; Automática ; 4.433181 ; -75.211139 ; 73 ; TOLIMA ; 73001 ; IBAGUÉ ; Fija ; 1 ; Velocidad del Viento ; m/s ; 0 
18/01/2014; CORTOLIMA ; CORTOLIMA ; Automática ; 4.433181 ; -75.211139 ; 73 ; TOLIMA ; 73001 ; IBAGUÉ ; Fija ; 1 ; Velocidad del Viento ; m/s ; 0.4 
18/01/2014; CORTOLIMA ; CORTOLIMA ; Automática ; 4.433181 ; -75.211139 ; 73 ; TOLIMA ; 73001 ; IBAGUÉ ; Fija ; 1 ; Velocidad del Viento ; m/s ; 0 
18/01/2014; CORTOLIMA ; CORTOLIMA ; Automática ; 4.433181 ; -75.211139 ; 73 ; TOLIMA ; 73001 ; IBAGUÉ ; Fija ; 1 ; Velocidad del Viento ; m/s ; 0.4 
19/01/2014; CORTOLIMA ; CORTOLIMA ; Automática ; 4.433181 ; -75.211139 ; 73 ; TOLIMA ; 73001 ; IBAGUÉ ; Fija ; 1 ; Velocidad del Viento ; m/s ; 0 
19/01/2014; CORTOLIMA ; CORTOLIMA ; Automática ; 4.433181 ; -75.211139 ; 73 ; TOLIMA ; 73001 ; IBAGUÉ ; Fija ; 1 ; Velocidad del Viento ; m/s ; 0 
19/01/2014; CORTOLIMA ; CORTOLIMA ; Automática ; 4.433181 ; -75.211139 ; 73 ; TOLIMA ; 73001 ; IBAGUÉ ; Fija ; 1 ; Velocidad del Viento ; m/s ; 0.4 
19/01/2014; CORTOLIMA ; CORTOLIMA ; Automática ; 4.433181 ; -75.211139 ; 73 ; TOLIMA ; 73001 ; IBAGUÉ ; Fija ; 1 ; Velocidad del Viento ; m/s ; 0 
19/01/2014; CORTOLIMA ; CORTOLIMA ; Automática ; 4.433181 ; -75.211139 ; 73 ; TOLIMA ; 73001 ; IBAGUÉ ; Fija ; 1 ; Velocidad del Viento ; m/s ; 0 
19/01/2014; CORTOLIMA ; CORTOLIMA ; Automática ; 4.433181 ; -75.211139 ; 73 ; TOLIMA ; 73001 ; IBAGUÉ ; Fija ; 1 ; Velocidad del Viento ; m/s ; 0 
19/01/2014; CORTOLIMA ; CORTOLIMA ; Automática ; 4.433181 ; -75.211139 ; 73 ; TOLIMA ; 73001 ; IBAGUÉ ; Fija ; 1 ; Velocidad del Viento ; m/s ; 0 
19/01/2014; CORTOLIMA ; CORTOLIMA ; Automática ; 4.433181 ; -75.211139 ; 73 ; TOLIMA ; 73001 ; IBAGUÉ ; Fija ; 1 ; Velocidad del Viento ; m/s ; 0 
19/01/2014; CORTOLIMA ; CORTOLIMA ; Automática ; 4.433181 ; -75.211139 ; 73 ; TOLIMA ; 73001 ; IBAGUÉ ; Fija ; 1 ; Velocidad del Viento ; m/s ; 0 
19/01/2014; CORTOLIMA ; CORTOLIMA ; Automática ; 4.433181 ; -75.211139 ; 73 ; TOLIMA ; 73001 ; IBAGUÉ ; Fija ; 1 ; Velocidad del Viento ; m/s ; 0 
19/01/2014; CORTOLIMA ; CORTOLIMA ; Automática ; 4.433181 ; -75.211139 ; 73 ; TOLIMA ; 73001 ; IBAGUÉ ; Fija ; 1 ; Velocidad del Viento ; m/s ; 1.3 
19/01/2014; CORTOLIMA ; CORTOLIMA ; Automática ; 4.433181 ; -75.211139 ; 73 ; TOLIMA ; 73001 ; IBAGUÉ ; Fija ; 1 ; Velocidad del Viento ; m/s ; 2.2 
19/01/2014; CORTOLIMA ; CORTOLIMA ; Automática ; 4.433181 ; -75.211139 ; 73 ; TOLIMA ; 73001 ; IBAGUÉ ; Fija ; 1 ; Velocidad del Viento ; m/s ; 2.2 
19/01/2014; CORTOLIMA ; CORTOLIMA ; Automática ; 4.433181 ; -75.211139 ; 73 ; TOLIMA ; 73001 ; IBAGUÉ ; Fija ; 1 ; Velocidad del Viento ; m/s ; 1.3 
19/01/2014; CORTOLIMA ; CORTOLIMA ; Automática ; 4.433181 ; -75.211139 ; 73 ; TOLIMA ; 73001 ; IBAGUÉ ; Fija ; 1 ; Velocidad del Viento ; m/s ; 0.4 
19/01/2014; CORTOLIMA ; CORTOLIMA ; Automática ; 4.433181 ; -75.211139 ; 73 ; TOLIMA ; 73001 ; IBAGUÉ ; Fija ; 1 ; Velocidad del Viento ; m/s ; 0 
19/01/2014; CORTOLIMA ; CORTOLIMA ; Automática ; 4.433181 ; -75.211139 ; 73 ; TOLIMA ; 73001 ; IBAGUÉ ; Fija ; 1 ; Velocidad del Viento ; m/s ; 0 
19/01/2014; CORTOLIMA ; CORTOLIMA ; Automática ; 4.433181 ; -75.211139 ; 73 ; TOLIMA ; 73001 ; IBAGUÉ ; Fija ; 1 ; Velocidad del Viento ; m/s ; 0 
19/01/2014; CORTOLIMA ; CORTOLIMA ; Automática ; 4.433181 ; -75.211139 ; 73 ; TOLIMA ; 73001 ; IBAGUÉ ; Fija ; 1 ; Velocidad del Viento ; m/s ; 0.4 
19/01/2014; CORTOLIMA ; CORTOLIMA ; Automática ; 4.433181 ; -75.211139 ; 73 ; TOLIMA ; 73001 ; IBAGUÉ ; Fija ; 1 ; Velocidad del Viento ; m/s ; 0.9 
19/01/2014; CORTOLIMA ; CORTOLIMA ; Automática ; 4.433181 ; -75.211139 ; 73 ; TOLIMA ; 73001 ; IBAGUÉ ; Fija ; 1 ; Velocidad del Viento ; m/s ; 0.4 
19/01/2014; CORTOLIMA ; CORTOLIMA ; Automática ; 4.433181 ; -75.211139 ; 73 ; TOLIMA ; 73001 ; IBAGUÉ ; Fija ; 1 ; Velocidad del Viento ; m/s ; 0 
19/01/2014; CORTOLIMA ; CORTOLIMA ; Automática ; 4.433181 ; -75.211139 ; 73 ; TOLIMA ; 73001 ; IBAGUÉ ; Fija ; 1 ; Velocidad del Viento ; m/s ; 0.4 
19/01/2014; CORTOLIMA ; CORTOLIMA ; Automática ; 4.433181 ; -75.211139 ; 73 ; TOLIMA ; 73001 ; IBAGUÉ ; Fija ; 1 ; Velocidad del Viento ; m/s ; 0.9 
20/01/2014; CORTOLIMA ; CORTOLIMA ; Automática ; 4.433181 ; -75.211139 ; 73 ; TOLIMA ; 73001 ; IBAGUÉ ; Fija ; 1 ; Velocidad del Viento ; m/s ; 0.4 
20/01/2014; CORTOLIMA ; CORTOLIMA ; Automática ; 4.433181 ; -75.211139 ; 73 ; TOLIMA ; 73001 ; IBAGUÉ ; Fija ; 1 ; Velocidad del Viento ; m/s ; 0 
20/01/2014; CORTOLIMA ; CORTOLIMA ; Automática ; 4.433181 ; -75.211139 ; 73 ; TOLIMA ; 73001 ; IBAGUÉ ; Fija ; 1 ; Velocidad del Viento ; m/s ; 0 
20/01/2014; CORTOLIMA ; CORTOLIMA ; Automática ; 4.433181 ; -75.211139 ; 73 ; TOLIMA ; 73001 ; IBAGUÉ ; Fija ; 1 ; Velocidad del Viento ; m/s ; 0 
20/01/2014; CORTOLIMA ; CORTOLIMA ; Automática ; 4.433181 ; -75.211139 ; 73 ; TOLIMA ; 73001 ; IBAGUÉ ; Fija ; 1 ; Velocidad del Viento ; m/s ; 0.4 
20/01/2014; CORTOLIMA ; CORTOLIMA ; Automática ; 4.433181 ; -75.211139 ; 73 ; TOLIMA ; 73001 ; IBAGUÉ ; Fija ; 1 ; Velocidad del Viento ; m/s ; 0 
20/01/2014; CORTOLIMA ; CORTOLIMA ; Automática ; 4.433181 ; -75.211139 ; 73 ; TOLIMA ; 73001 ; IBAGUÉ ; Fija ; 1 ; Velocidad del Viento ; m/s ; 0.4 
20/01/2014; CORTOLIMA ; CORTOLIMA ; Automática ; 4.433181 ; -75.211139 ; 73 ; TOLIMA ; 73001 ; IBAGUÉ ; Fija ; 1 ; Velocidad del Viento ; m/s ; 0.4 
20/01/2014; CORTOLIMA ; CORTOLIMA ; Automática ; 4.433181 ; -75.211139 ; 73 ; TOLIMA ; 73001 ; IBAGUÉ ; Fija ; 1 ; Velocidad del Viento ; m/s ; 0.4 
20/01/2014; CORTOLIMA ; CORTOLIMA ; Automática ; 4.433181 ; -75.211139 ; 73 ; TOLIMA ; 73001 ; IBAGUÉ ; Fija ; 1 ; Velocidad del Viento ; m/s ; 0.4 
20/01/2014; CORTOLIMA ; CORTOLIMA ; Automática ; 4.433181 ; -75.211139 ; 73 ; TOLIMA ; 73001 ; IBAGUÉ ; Fija ; 1 ; Velocidad del Viento ; m/s ; 0 
20/01/2014; CORTOLIMA ; CORTOLIMA ; Automática ; 4.433181 ; -75.211139 ; 73 ; TOLIMA ; 73001 ; IBAGUÉ ; Fija ; 1 ; Velocidad del Viento ; m/s ; 0 
20/01/2014; CORTOLIMA ; CORTOLIMA ; Automática ; 4.433181 ; -75.211139 ; 73 ; TOLIMA ; 73001 ; IBAGUÉ ; Fija ; 1 ; Velocidad del Viento ; m/s ; 0.4 
20/01/2014; CORTOLIMA ; CORTOLIMA ; Automática ; 4.433181 ; -75.211139 ; 73 ; TOLIMA ; 73001 ; IBAGUÉ ; Fija ; 1 ; Velocidad del Viento ; m/s ; 0.4 
20/01/2014; CORTOLIMA ; CORTOLIMA ; Automática ; 4.433181 ; -75.211139 ; 73 ; TOLIMA ; 73001 ; IBAGUÉ ; Fija ; 1 ; Velocidad del Viento ; m/s ; 0.4 
20/01/2014; CORTOLIMA ; CORTOLIMA ; Automática ; 4.433181 ; -75.211139 ; 73 ; TOLIMA ; 73001 ; IBAGUÉ ; Fija ; 1 ; Velocidad del Viento ; m/s ; 1.8 
20/01/2014; CORTOLIMA ; CORTOLIMA ; Automática ; 4.433181 ; -75.211139 ; 73 ; TOLIMA ; 73001 ; IBAGUÉ ; Fija ; 1 ; Velocidad del Viento ; m/s ; 1.3 
20/01/2014; CORTOLIMA ; CORTOLIMA ; Automática ; 4.433181 ; -75.211139 ; 73 ; TOLIMA ; 73001 ; IBAGUÉ ; Fija ; 1 ; Velocidad del Viento ; m/s ; 1.3 
20/01/2014; CORTOLIMA ; CORTOLIMA ; Automática ; 4.433181 ; -75.211139 ; 73 ; TOLIMA ; 73001 ; IBAGUÉ ; Fija ; 1 ; Velocidad del Viento ; m/s ; 0.9 
20/01/2014; CORTOLIMA ; CORTOLIMA ; Automática ; 4.433181 ; -75.211139 ; 73 ; TOLIMA ; 73001 ; IBAGUÉ ; Fija ; 1 ; Velocidad del Viento ; m/s ; 0 
20/01/2014; CORTOLIMA ; CORTOLIMA ; Automática ; 4.433181 ; -75.211139 ; 73 ; TOLIMA ; 73001 ; IBAGUÉ ; Fija ; 1 ; Velocidad del Viento ; m/s ; 0 
20/01/2014; CORTOLIMA ; CORTOLIMA ; Automática ; 4.433181 ; -75.211139 ; 73 ; TOLIMA ; 73001 ; IBAGUÉ ; Fija ; 1 ; Velocidad del Viento ; m/s ; 0 
20/01/2014; CORTOLIMA ; CORTOLIMA ; Automática ; 4.433181 ; -75.211139 ; 73 ; TOLIMA ; 73001 ; IBAGUÉ ; Fija ; 1 ; Velocidad del Viento ; m/s ; 0.4 
20/01/2014; CORTOLIMA ; CORTOLIMA ; Automática ; 4.433181 ; -75.211139 ; 73 ; TOLIMA ; 73001 ; IBAGUÉ ; Fija ; 1 ; Velocidad del Viento ; m/s ; 0.4 
21/01/2014; CORTOLIMA ; CORTOLIMA ; Automática ; 4.433181 ; -75.211139 ; 73 ; TOLIMA ; 73001 ; IBAGUÉ ; Fija ; 1 ; Velocidad del Viento ; m/s ; 0 
21/01/2014; CORTOLIMA ; CORTOLIMA ; Automática ; 4.433181 ; -75.211139 ; 73 ; TOLIMA ; 73001 ; IBAGUÉ ; Fija ; 1 ; Velocidad del Viento ; m/s ; 0.9 
21/01/2014; CORTOLIMA ; CORTOLIMA ; Automática ; 4.433181 ; -75.211139 ; 73 ; TOLIMA ; 73001 ; IBAGUÉ ; Fija ; 1 ; Velocidad del Viento ; m/s ; 0.9 
21/01/2014; CORTOLIMA ; CORTOLIMA ; Automática ; 4.433181 ; -75.211139 ; 73 ; TOLIMA ; 73001 ; IBAGUÉ ; Fija ; 1 ; Velocidad del Viento ; m/s ; 0.4 
21/01/2014; CORTOLIMA ; CORTOLIMA ; Automática ; 4.433181 ; -75.211139 ; 73 ; TOLIMA ; 73001 ; IBAGUÉ ; Fija ; 1 ; Velocidad del Viento ; m/s ; 0.4 
21/01/2014; CORTOLIMA ; CORTOLIMA ; Automática ; 4.433181 ; -75.211139 ; 73 ; TOLIMA ; 73001 ; IBAGUÉ ; Fija ; 1 ; Velocidad del Viento ; m/s ; 0.4 
21/01/2014; CORTOLIMA ; CORTOLIMA ; Automática ; 4.433181 ; -75.211139 ; 73 ; TOLIMA ; 73001 ; IBAGUÉ ; Fija ; 1 ; Velocidad del Viento ; m/s ; 0.4 
21/01/2014; CORTOLIMA ; CORTOLIMA ; Automática ; 4.433181 ; -75.211139 ; 73 ; TOLIMA ; 73001 ; IBAGUÉ ; Fija ; 1 ; Velocidad del Viento ; m/s ; 0.9 
21/01/2014; CORTOLIMA ; CORTOLIMA ; Automática ; 4.433181 ; -75.211139 ; 73 ; TOLIMA ; 73001 ; IBAGUÉ ; Fija ; 1 ; Velocidad del Viento ; m/s ; 0.9 
21/01/2014; CORTOLIMA ; CORTOLIMA ; Automática ; 4.433181 ; -75.211139 ; 73 ; TOLIMA ; 73001 ; IBAGUÉ ; Fija ; 1 ; Velocidad del Viento ; m/s ; 0.4 
21/01/2014; CORTOLIMA ; CORTOLIMA ; Automática ; 4.433181 ; -75.211139 ; 73 ; TOLIMA ; 73001 ; IBAGUÉ ; Fija ; 1 ; Velocidad del Viento ; m/s ; 0.9 
21/01/2014; CORTOLIMA ; CORTOLIMA ; Automática ; 4.433181 ; -75.211139 ; 73 ; TOLIMA ; 73001 ; IBAGUÉ ; Fija ; 1 ; Velocidad del Viento ; m/s ; 1.3 
21/01/2014; CORTOLIMA ; CORTOLIMA ; Automática ; 4.433181 ; -75.211139 ; 73 ; TOLIMA ; 73001 ; IBAGUÉ ; Fija ; 1 ; Velocidad del Viento ; m/s ; 1.3 
21/01/2014; CORTOLIMA ; CORTOLIMA ; Automática ; 4.433181 ; -75.211139 ; 73 ; TOLIMA ; 73001 ; IBAGUÉ ; Fija ; 1 ; Velocidad del Viento ; m/s ; 1.8 
21/01/2014; CORTOLIMA ; CORTOLIMA ; Automática ; 4.433181 ; -75.211139 ; 73 ; TOLIMA ; 73001 ; IBAGUÉ ; Fija ; 1 ; Velocidad del Viento ; m/s ; 1.3 
21/01/2014; CORTOLIMA ; CORTOLIMA ; Automática ; 4.433181 ; -75.211139 ; 73 ; TOLIMA ; 73001 ; IBAGUÉ ; Fija ; 1 ; Velocidad del Viento ; m/s ; 1.3 
21/01/2014; CORTOLIMA ; CORTOLIMA ; Automática ; 4.433181 ; -75.211139 ; 73 ; TOLIMA ; 73001 ; IBAGUÉ ; Fija ; 1 ; Velocidad del Viento ; m/s ; 0.9 
21/01/2014; CORTOLIMA ; CORTOLIMA ; Automática ; 4.433181 ; -75.211139 ; 73 ; TOLIMA ; 73001 ; IBAGUÉ ; Fija ; 1 ; Velocidad del Viento ; m/s ; 0.9 
21/01/2014; CORTOLIMA ; CORTOLIMA ; Automática ; 4.433181 ; -75.211139 ; 73 ; TOLIMA ; 73001 ; IBAGUÉ ; Fija ; 1 ; Velocidad del Viento ; m/s ; 0.4 
21/01/2014; CORTOLIMA ; CORTOLIMA ; Automática ; 4.433181 ; -75.211139 ; 73 ; TOLIMA ; 73001 ; IBAGUÉ ; Fija ; 1 ; Velocidad del Viento ; m/s ; 0 
21/01/2014; CORTOLIMA ; CORTOLIMA ; Automática ; 4.433181 ; -75.211139 ; 73 ; TOLIMA ; 73001 ; IBAGUÉ ; Fija ; 1 ; Velocidad del Viento ; m/s ; 0.4 
21/01/2014; CORTOLIMA ; CORTOLIMA ; Automática ; 4.433181 ; -75.211139 ; 73 ; TOLIMA ; 73001 ; IBAGUÉ ; Fija ; 1 ; Velocidad del Viento ; m/s ; 0 
21/01/2014; CORTOLIMA ; CORTOLIMA ; Automática ; 4.433181 ; -75.211139 ; 73 ; TOLIMA ; 73001 ; IBAGUÉ ; Fija ; 1 ; Velocidad del Viento ; m/s ; 0 
21/01/2014; CORTOLIMA ; CORTOLIMA ; Automática ; 4.433181 ; -75.211139 ; 73 ; TOLIMA ; 73001 ; IBAGUÉ ; Fija ; 1 ; Velocidad del Viento ; m/s ; 0 
22/01/2014; CORTOLIMA ; CORTOLIMA ; Automática ; 4.433181 ; -75.211139 ; 73 ; TOLIMA ; 73001 ; IBAGUÉ ; Fija ; 1 ; Velocidad del Viento ; m/s ; 0 
22/01/2014; CORTOLIMA ; CORTOLIMA ; Automática ; 4.433181 ; -75.211139 ; 73 ; TOLIMA ; 73001 ; IBAGUÉ ; Fija ; 1 ; Velocidad del Viento ; m/s ; 0 
22/01/2014; CORTOLIMA ; CORTOLIMA ; Automática ; 4.433181 ; -75.211139 ; 73 ; TOLIMA ; 73001 ; IBAGUÉ ; Fija ; 1 ; Velocidad del Viento ; m/s ; 0 
22/01/2014; CORTOLIMA ; CORTOLIMA ; Automática ; 4.433181 ; -75.211139 ; 73 ; TOLIMA ; 73001 ; IBAGUÉ ; Fija ; 1 ; Velocidad del Viento ; m/s ; 0 
22/01/2014; CORTOLIMA ; CORTOLIMA ; Automática ; 4.433181 ; -75.211139 ; 73 ; TOLIMA ; 73001 ; IBAGUÉ ; Fija ; 1 ; Velocidad del Viento ; m/s ; 0 
22/01/2014; CORTOLIMA ; CORTOLIMA ; Automática ; 4.433181 ; -75.211139 ; 73 ; TOLIMA ; 73001 ; IBAGUÉ ; Fija ; 1 ; Velocidad del Viento ; m/s ; 0.4 
22/01/2014; CORTOLIMA ; CORTOLIMA ; Automática ; 4.433181 ; -75.211139 ; 73 ; TOLIMA ; 73001 ; IBAGUÉ ; Fija ; 1 ; Velocidad del Viento ; m/s ; 0.4 
22/01/2014; CORTOLIMA ; CORTOLIMA ; Automática ; 4.433181 ; -75.211139 ; 73 ; TOLIMA ; 73001 ; IBAGUÉ ; Fija ; 1 ; Velocidad del Viento ; m/s ; 0.4 
22/01/2014; CORTOLIMA ; CORTOLIMA ; Automática ; 4.433181 ; -75.211139 ; 73 ; TOLIMA ; 73001 ; IBAGUÉ ; Fija ; 1 ; Velocidad del Viento ; m/s ; 0.4 
22/01/2014; CORTOLIMA ; CORTOLIMA ; Automática ; 4.433181 ; -75.211139 ; 73 ; TOLIMA ; 73001 ; IBAGUÉ ; Fija ; 1 ; Velocidad del Viento ; m/s ; 0.4 
22/01/2014; CORTOLIMA ; CORTOLIMA ; Automática ; 4.433181 ; -75.211139 ; 73 ; TOLIMA ; 73001 ; IBAGUÉ ; Fija ; 1 ; Velocidad del Viento ; m/s ; 1.3 
