05/01/2011; CORPOCESAR ; ZM02 La Jagua Centro ; Manual ; 9.559417 ; -73.329667 ; 20 ; CESAR ; 20400 ; LA JAGUA DE IBIRICO ; Fija ; 24 ; Precipitación Líquida ; mm ; 31.73 
05/02/2011; CORPOCESAR ; ZM02 La Jagua Centro ; Manual ; 9.559417 ; -73.329667 ; 20 ; CESAR ; 20400 ; LA JAGUA DE IBIRICO ; Fija ; 24 ; Precipitación Líquida ; mm ; 0 
18/02/2011; CORPOCESAR ; ZM02 La Jagua Centro ; Manual ; 9.559417 ; -73.329667 ; 20 ; CESAR ; 20400 ; LA JAGUA DE IBIRICO ; Fija ; 24 ; Precipitación Líquida ; mm ; 0 
19/02/2011; CORPOCESAR ; ZM02 La Jagua Centro ; Manual ; 9.559417 ; -73.329667 ; 20 ; CESAR ; 20400 ; LA JAGUA DE IBIRICO ; Fija ; 24 ; Precipitación Líquida ; mm ; 0 
20/02/2011; CORPOCESAR ; ZM02 La Jagua Centro ; Manual ; 9.559417 ; -73.329667 ; 20 ; CESAR ; 20400 ; LA JAGUA DE IBIRICO ; Fija ; 24 ; Precipitación Líquida ; mm ; 0.5 
21/02/2011; CORPOCESAR ; ZM02 La Jagua Centro ; Manual ; 9.559417 ; -73.329667 ; 20 ; CESAR ; 20400 ; LA JAGUA DE IBIRICO ; Fija ; 24 ; Precipitación Líquida ; mm ; 0 
22/02/2011; CORPOCESAR ; ZM02 La Jagua Centro ; Manual ; 9.559417 ; -73.329667 ; 20 ; CESAR ; 20400 ; LA JAGUA DE IBIRICO ; Fija ; 24 ; Precipitación Líquida ; mm ; 0 
23/02/2011; CORPOCESAR ; ZM02 La Jagua Centro ; Manual ; 9.559417 ; -73.329667 ; 20 ; CESAR ; 20400 ; LA JAGUA DE IBIRICO ; Fija ; 24 ; Precipitación Líquida ; mm ; 0.51 
24/02/2011; CORPOCESAR ; ZM02 La Jagua Centro ; Manual ; 9.559417 ; -73.329667 ; 20 ; CESAR ; 20400 ; LA JAGUA DE IBIRICO ; Fija ; 24 ; Precipitación Líquida ; mm ; 27.95 
25/02/2011; CORPOCESAR ; ZM02 La Jagua Centro ; Manual ; 9.559417 ; -73.329667 ; 20 ; CESAR ; 20400 ; LA JAGUA DE IBIRICO ; Fija ; 24 ; Precipitación Líquida ; mm ; 0 
26/02/2011; CORPOCESAR ; ZM02 La Jagua Centro ; Manual ; 9.559417 ; -73.329667 ; 20 ; CESAR ; 20400 ; LA JAGUA DE IBIRICO ; Fija ; 24 ; Precipitación Líquida ; mm ; 0 
27/02/2011; CORPOCESAR ; ZM02 La Jagua Centro ; Manual ; 9.559417 ; -73.329667 ; 20 ; CESAR ; 20400 ; LA JAGUA DE IBIRICO ; Fija ; 24 ; Precipitación Líquida ; mm ; 0.51 
28/02/2011; CORPOCESAR ; ZM02 La Jagua Centro ; Manual ; 9.559417 ; -73.329667 ; 20 ; CESAR ; 20400 ; LA JAGUA DE IBIRICO ; Fija ; 24 ; Precipitación Líquida ; mm ; 0 
01/03/2011; CORPOCESAR ; ZM02 La Jagua Centro ; Manual ; 9.559417 ; -73.329667 ; 20 ; CESAR ; 20400 ; LA JAGUA DE IBIRICO ; Fija ; 24 ; Precipitación Líquida ; mm ; 0 
05/03/2011; CORPOCESAR ; ZM02 La Jagua Centro ; Manual ; 9.559417 ; -73.329667 ; 20 ; CESAR ; 20400 ; LA JAGUA DE IBIRICO ; Fija ; 24 ; Precipitación Líquida ; mm ; 0 
05/04/2011; CORPOCESAR ; ZM02 La Jagua Centro ; Manual ; 9.559417 ; -73.329667 ; 20 ; CESAR ; 20400 ; LA JAGUA DE IBIRICO ; Fija ; 24 ; Precipitación Líquida ; mm ; 0 
06/04/2011; CORPOCESAR ; ZM02 La Jagua Centro ; Manual ; 9.559417 ; -73.329667 ; 20 ; CESAR ; 20400 ; LA JAGUA DE IBIRICO ; Fija ; 24 ; Precipitación Líquida ; mm ; 0 
07/04/2011; CORPOCESAR ; ZM02 La Jagua Centro ; Manual ; 9.559417 ; -73.329667 ; 20 ; CESAR ; 20400 ; LA JAGUA DE IBIRICO ; Fija ; 24 ; Precipitación Líquida ; mm ; 0 
08/04/2011; CORPOCESAR ; ZM02 La Jagua Centro ; Manual ; 9.559417 ; -73.329667 ; 20 ; CESAR ; 20400 ; LA JAGUA DE IBIRICO ; Fija ; 24 ; Precipitación Líquida ; mm ; 0 
09/04/2011; CORPOCESAR ; ZM02 La Jagua Centro ; Manual ; 9.559417 ; -73.329667 ; 20 ; CESAR ; 20400 ; LA JAGUA DE IBIRICO ; Fija ; 24 ; Precipitación Líquida ; mm ; 0.75 
10/04/2011; CORPOCESAR ; ZM02 La Jagua Centro ; Manual ; 9.559417 ; -73.329667 ; 20 ; CESAR ; 20400 ; LA JAGUA DE IBIRICO ; Fija ; 24 ; Precipitación Líquida ; mm ; 6.86 
11/04/2011; CORPOCESAR ; ZM02 La Jagua Centro ; Manual ; 9.559417 ; -73.329667 ; 20 ; CESAR ; 20400 ; LA JAGUA DE IBIRICO ; Fija ; 24 ; Precipitación Líquida ; mm ; 2.29 
12/04/2011; CORPOCESAR ; ZM02 La Jagua Centro ; Manual ; 9.559417 ; -73.329667 ; 20 ; CESAR ; 20400 ; LA JAGUA DE IBIRICO ; Fija ; 24 ; Precipitación Líquida ; mm ; 6.08 
13/04/2011; CORPOCESAR ; ZM02 La Jagua Centro ; Manual ; 9.559417 ; -73.329667 ; 20 ; CESAR ; 20400 ; LA JAGUA DE IBIRICO ; Fija ; 24 ; Precipitación Líquida ; mm ; 2.25 
14/04/2011; CORPOCESAR ; ZM02 La Jagua Centro ; Manual ; 9.559417 ; -73.329667 ; 20 ; CESAR ; 20400 ; LA JAGUA DE IBIRICO ; Fija ; 24 ; Precipitación Líquida ; mm ; 0 
15/04/2011; CORPOCESAR ; ZM02 La Jagua Centro ; Manual ; 9.559417 ; -73.329667 ; 20 ; CESAR ; 20400 ; LA JAGUA DE IBIRICO ; Fija ; 24 ; Precipitación Líquida ; mm ; 0 
16/04/2011; CORPOCESAR ; ZM02 La Jagua Centro ; Manual ; 9.559417 ; -73.329667 ; 20 ; CESAR ; 20400 ; LA JAGUA DE IBIRICO ; Fija ; 24 ; Precipitación Líquida ; mm ; 1.52 
17/04/2011; CORPOCESAR ; ZM02 La Jagua Centro ; Manual ; 9.559417 ; -73.329667 ; 20 ; CESAR ; 20400 ; LA JAGUA DE IBIRICO ; Fija ; 24 ; Precipitación Líquida ; mm ; 0 
18/04/2011; CORPOCESAR ; ZM02 La Jagua Centro ; Manual ; 9.559417 ; -73.329667 ; 20 ; CESAR ; 20400 ; LA JAGUA DE IBIRICO ; Fija ; 24 ; Precipitación Líquida ; mm ; 0 
19/04/2011; CORPOCESAR ; ZM02 La Jagua Centro ; Manual ; 9.559417 ; -73.329667 ; 20 ; CESAR ; 20400 ; LA JAGUA DE IBIRICO ; Fija ; 24 ; Precipitación Líquida ; mm ; 26.91 
20/04/2011; CORPOCESAR ; ZM02 La Jagua Centro ; Manual ; 9.559417 ; -73.329667 ; 20 ; CESAR ; 20400 ; LA JAGUA DE IBIRICO ; Fija ; 24 ; Precipitación Líquida ; mm ; 0 
21/04/2011; CORPOCESAR ; ZM02 La Jagua Centro ; Manual ; 9.559417 ; -73.329667 ; 20 ; CESAR ; 20400 ; LA JAGUA DE IBIRICO ; Fija ; 24 ; Precipitación Líquida ; mm ; 0 
22/04/2011; CORPOCESAR ; ZM02 La Jagua Centro ; Manual ; 9.559417 ; -73.329667 ; 20 ; CESAR ; 20400 ; LA JAGUA DE IBIRICO ; Fija ; 24 ; Precipitación Líquida ; mm ; 2.78 
23/04/2011; CORPOCESAR ; ZM02 La Jagua Centro ; Manual ; 9.559417 ; -73.329667 ; 20 ; CESAR ; 20400 ; LA JAGUA DE IBIRICO ; Fija ; 24 ; Precipitación Líquida ; mm ; 11.08 
24/04/2011; CORPOCESAR ; ZM02 La Jagua Centro ; Manual ; 9.559417 ; -73.329667 ; 20 ; CESAR ; 20400 ; LA JAGUA DE IBIRICO ; Fija ; 24 ; Precipitación Líquida ; mm ; 33.25 
25/04/2011; CORPOCESAR ; ZM02 La Jagua Centro ; Manual ; 9.559417 ; -73.329667 ; 20 ; CESAR ; 20400 ; LA JAGUA DE IBIRICO ; Fija ; 24 ; Precipitación Líquida ; mm ; 14.65 
26/04/2011; CORPOCESAR ; ZM02 La Jagua Centro ; Manual ; 9.559417 ; -73.329667 ; 20 ; CESAR ; 20400 ; LA JAGUA DE IBIRICO ; Fija ; 24 ; Precipitación Líquida ; mm ; 1.5 
27/04/2011; CORPOCESAR ; ZM02 La Jagua Centro ; Manual ; 9.559417 ; -73.329667 ; 20 ; CESAR ; 20400 ; LA JAGUA DE IBIRICO ; Fija ; 24 ; Precipitación Líquida ; mm ; 8.12 
28/04/2011; CORPOCESAR ; ZM02 La Jagua Centro ; Manual ; 9.559417 ; -73.329667 ; 20 ; CESAR ; 20400 ; LA JAGUA DE IBIRICO ; Fija ; 24 ; Precipitación Líquida ; mm ; 6.86 
29/04/2011; CORPOCESAR ; ZM02 La Jagua Centro ; Manual ; 9.559417 ; -73.329667 ; 20 ; CESAR ; 20400 ; LA JAGUA DE IBIRICO ; Fija ; 24 ; Precipitación Líquida ; mm ; 0.25 
30/04/2011; CORPOCESAR ; ZM02 La Jagua Centro ; Manual ; 9.559417 ; -73.329667 ; 20 ; CESAR ; 20400 ; LA JAGUA DE IBIRICO ; Fija ; 24 ; Precipitación Líquida ; mm ; 0 
01/05/2011; CORPOCESAR ; ZM02 La Jagua Centro ; Manual ; 9.559417 ; -73.329667 ; 20 ; CESAR ; 20400 ; LA JAGUA DE IBIRICO ; Fija ; 24 ; Precipitación Líquida ; mm ; 31.73 
02/05/2011; CORPOCESAR ; ZM02 La Jagua Centro ; Manual ; 9.559417 ; -73.329667 ; 20 ; CESAR ; 20400 ; LA JAGUA DE IBIRICO ; Fija ; 24 ; Precipitación Líquida ; mm ; 0 
03/05/2011; CORPOCESAR ; ZM02 La Jagua Centro ; Manual ; 9.559417 ; -73.329667 ; 20 ; CESAR ; 20400 ; LA JAGUA DE IBIRICO ; Fija ; 24 ; Precipitación Líquida ; mm ; 0 
04/05/2011; CORPOCESAR ; ZM02 La Jagua Centro ; Manual ; 9.559417 ; -73.329667 ; 20 ; CESAR ; 20400 ; LA JAGUA DE IBIRICO ; Fija ; 24 ; Precipitación Líquida ; mm ; 0 
05/05/2011; CORPOCESAR ; ZM02 La Jagua Centro ; Manual ; 9.559417 ; -73.329667 ; 20 ; CESAR ; 20400 ; LA JAGUA DE IBIRICO ; Fija ; 24 ; Precipitación Líquida ; mm ; 0 
06/05/2011; CORPOCESAR ; ZM02 La Jagua Centro ; Manual ; 9.559417 ; -73.329667 ; 20 ; CESAR ; 20400 ; LA JAGUA DE IBIRICO ; Fija ; 24 ; Precipitación Líquida ; mm ; 0 
07/05/2011; CORPOCESAR ; ZM02 La Jagua Centro ; Manual ; 9.559417 ; -73.329667 ; 20 ; CESAR ; 20400 ; LA JAGUA DE IBIRICO ; Fija ; 24 ; Precipitación Líquida ; mm ; 0 
08/05/2011; CORPOCESAR ; ZM02 La Jagua Centro ; Manual ; 9.559417 ; -73.329667 ; 20 ; CESAR ; 20400 ; LA JAGUA DE IBIRICO ; Fija ; 24 ; Precipitación Líquida ; mm ; 0 
09/05/2011; CORPOCESAR ; ZM02 La Jagua Centro ; Manual ; 9.559417 ; -73.329667 ; 20 ; CESAR ; 20400 ; LA JAGUA DE IBIRICO ; Fija ; 24 ; Precipitación Líquida ; mm ; 0 
10/05/2011; CORPOCESAR ; ZM02 La Jagua Centro ; Manual ; 9.559417 ; -73.329667 ; 20 ; CESAR ; 20400 ; LA JAGUA DE IBIRICO ; Fija ; 24 ; Precipitación Líquida ; mm ; 2.25 
11/05/2011; CORPOCESAR ; ZM02 La Jagua Centro ; Manual ; 9.559417 ; -73.329667 ; 20 ; CESAR ; 20400 ; LA JAGUA DE IBIRICO ; Fija ; 24 ; Precipitación Líquida ; mm ; 3.29 
12/05/2011; CORPOCESAR ; ZM02 La Jagua Centro ; Manual ; 9.559417 ; -73.329667 ; 20 ; CESAR ; 20400 ; LA JAGUA DE IBIRICO ; Fija ; 24 ; Precipitación Líquida ; mm ; 0.25 
13/05/2011; CORPOCESAR ; ZM02 La Jagua Centro ; Manual ; 9.559417 ; -73.329667 ; 20 ; CESAR ; 20400 ; LA JAGUA DE IBIRICO ; Fija ; 24 ; Precipitación Líquida ; mm ; 0 
14/05/2011; CORPOCESAR ; ZM02 La Jagua Centro ; Manual ; 9.559417 ; -73.329667 ; 20 ; CESAR ; 20400 ; LA JAGUA DE IBIRICO ; Fija ; 24 ; Precipitación Líquida ; mm ; 0 
15/05/2011; CORPOCESAR ; ZM02 La Jagua Centro ; Manual ; 9.559417 ; -73.329667 ; 20 ; CESAR ; 20400 ; LA JAGUA DE IBIRICO ; Fija ; 24 ; Precipitación Líquida ; mm ; 0 
16/05/2011; CORPOCESAR ; ZM02 La Jagua Centro ; Manual ; 9.559417 ; -73.329667 ; 20 ; CESAR ; 20400 ; LA JAGUA DE IBIRICO ; Fija ; 24 ; Precipitación Líquida ; mm ; 0 
17/05/2011; CORPOCESAR ; ZM02 La Jagua Centro ; Manual ; 9.559417 ; -73.329667 ; 20 ; CESAR ; 20400 ; LA JAGUA DE IBIRICO ; Fija ; 24 ; Precipitación Líquida ; mm ; 0.76 
18/05/2011; CORPOCESAR ; ZM02 La Jagua Centro ; Manual ; 9.559417 ; -73.329667 ; 20 ; CESAR ; 20400 ; LA JAGUA DE IBIRICO ; Fija ; 24 ; Precipitación Líquida ; mm ; 0 
19/05/2011; CORPOCESAR ; ZM02 La Jagua Centro ; Manual ; 9.559417 ; -73.329667 ; 20 ; CESAR ; 20400 ; LA JAGUA DE IBIRICO ; Fija ; 24 ; Precipitación Líquida ; mm ; 7.87 
20/05/2011; CORPOCESAR ; ZM02 La Jagua Centro ; Manual ; 9.559417 ; -73.329667 ; 20 ; CESAR ; 20400 ; LA JAGUA DE IBIRICO ; Fija ; 24 ; Precipitación Líquida ; mm ; 37.29 
21/05/2011; CORPOCESAR ; ZM02 La Jagua Centro ; Manual ; 9.559417 ; -73.329667 ; 20 ; CESAR ; 20400 ; LA JAGUA DE IBIRICO ; Fija ; 24 ; Precipitación Líquida ; mm ; 0 
25/05/2011; CORPOCESAR ; ZM02 La Jagua Centro ; Manual ; 9.559417 ; -73.329667 ; 20 ; CESAR ; 20400 ; LA JAGUA DE IBIRICO ; Fija ; 24 ; Precipitación Líquida ; mm ; 0 
26/05/2011; CORPOCESAR ; ZM02 La Jagua Centro ; Manual ; 9.559417 ; -73.329667 ; 20 ; CESAR ; 20400 ; LA JAGUA DE IBIRICO ; Fija ; 24 ; Precipitación Líquida ; mm ; 9.89 
27/05/2011; CORPOCESAR ; ZM02 La Jagua Centro ; Manual ; 9.559417 ; -73.329667 ; 20 ; CESAR ; 20400 ; LA JAGUA DE IBIRICO ; Fija ; 24 ; Precipitación Líquida ; mm ; 4.3 
28/05/2011; CORPOCESAR ; ZM02 La Jagua Centro ; Manual ; 9.559417 ; -73.329667 ; 20 ; CESAR ; 20400 ; LA JAGUA DE IBIRICO ; Fija ; 24 ; Precipitación Líquida ; mm ; 90.38 
29/05/2011; CORPOCESAR ; ZM02 La Jagua Centro ; Manual ; 9.559417 ; -73.329667 ; 20 ; CESAR ; 20400 ; LA JAGUA DE IBIRICO ; Fija ; 24 ; Precipitación Líquida ; mm ; 3.51 
30/05/2011; CORPOCESAR ; ZM02 La Jagua Centro ; Manual ; 9.559417 ; -73.329667 ; 20 ; CESAR ; 20400 ; LA JAGUA DE IBIRICO ; Fija ; 24 ; Precipitación Líquida ; mm ; 2.25 
31/05/2011; CORPOCESAR ; ZM02 La Jagua Centro ; Manual ; 9.559417 ; -73.329667 ; 20 ; CESAR ; 20400 ; LA JAGUA DE IBIRICO ; Fija ; 24 ; Precipitación Líquida ; mm ; 0.75 
01/06/2011; CORPOCESAR ; ZM02 La Jagua Centro ; Manual ; 9.559417 ; -73.329667 ; 20 ; CESAR ; 20400 ; LA JAGUA DE IBIRICO ; Fija ; 24 ; Precipitación Líquida ; mm ; 0.5 
02/06/2011; CORPOCESAR ; ZM02 La Jagua Centro ; Manual ; 9.559417 ; -73.329667 ; 20 ; CESAR ; 20400 ; LA JAGUA DE IBIRICO ; Fija ; 24 ; Precipitación Líquida ; mm ; 4.75 
03/06/2011; CORPOCESAR ; ZM02 La Jagua Centro ; Manual ; 9.559417 ; -73.329667 ; 20 ; CESAR ; 20400 ; LA JAGUA DE IBIRICO ; Fija ; 24 ; Precipitación Líquida ; mm ; 0.75 
04/06/2011; CORPOCESAR ; ZM02 La Jagua Centro ; Manual ; 9.559417 ; -73.329667 ; 20 ; CESAR ; 20400 ; LA JAGUA DE IBIRICO ; Fija ; 24 ; Precipitación Líquida ; mm ; 0 
05/06/2011; CORPOCESAR ; ZM02 La Jagua Centro ; Manual ; 9.559417 ; -73.329667 ; 20 ; CESAR ; 20400 ; LA JAGUA DE IBIRICO ; Fija ; 24 ; Precipitación Líquida ; mm ; 0 
13/06/2011; CORPOCESAR ; ZM02 La Jagua Centro ; Manual ; 9.559417 ; -73.329667 ; 20 ; CESAR ; 20400 ; LA JAGUA DE IBIRICO ; Fija ; 24 ; Precipitación Líquida ; mm ; 0 
14/06/2011; CORPOCESAR ; ZM02 La Jagua Centro ; Manual ; 9.559417 ; -73.329667 ; 20 ; CESAR ; 20400 ; LA JAGUA DE IBIRICO ; Fija ; 24 ; Precipitación Líquida ; mm ; 0 
15/06/2011; CORPOCESAR ; ZM02 La Jagua Centro ; Manual ; 9.559417 ; -73.329667 ; 20 ; CESAR ; 20400 ; LA JAGUA DE IBIRICO ; Fija ; 24 ; Precipitación Líquida ; mm ; 12.14 
16/06/2011; CORPOCESAR ; ZM02 La Jagua Centro ; Manual ; 9.559417 ; -73.329667 ; 20 ; CESAR ; 20400 ; LA JAGUA DE IBIRICO ; Fija ; 24 ; Precipitación Líquida ; mm ; 8.82 
17/06/2011; CORPOCESAR ; ZM02 La Jagua Centro ; Manual ; 9.559417 ; -73.329667 ; 20 ; CESAR ; 20400 ; LA JAGUA DE IBIRICO ; Fija ; 24 ; Precipitación Líquida ; mm ; 0.25 
18/06/2011; CORPOCESAR ; ZM02 La Jagua Centro ; Manual ; 9.559417 ; -73.329667 ; 20 ; CESAR ; 20400 ; LA JAGUA DE IBIRICO ; Fija ; 24 ; Precipitación Líquida ; mm ; 3.52 
19/06/2011; CORPOCESAR ; ZM02 La Jagua Centro ; Manual ; 9.559417 ; -73.329667 ; 20 ; CESAR ; 20400 ; LA JAGUA DE IBIRICO ; Fija ; 24 ; Precipitación Líquida ; mm ; 1.25 
20/06/2011; CORPOCESAR ; ZM02 La Jagua Centro ; Manual ; 9.559417 ; -73.329667 ; 20 ; CESAR ; 20400 ; LA JAGUA DE IBIRICO ; Fija ; 24 ; Precipitación Líquida ; mm ; 2.52 
21/06/2011; CORPOCESAR ; ZM02 La Jagua Centro ; Manual ; 9.559417 ; -73.329667 ; 20 ; CESAR ; 20400 ; LA JAGUA DE IBIRICO ; Fija ; 24 ; Precipitación Líquida ; mm ; 2.53 
22/06/2011; CORPOCESAR ; ZM02 La Jagua Centro ; Manual ; 9.559417 ; -73.329667 ; 20 ; CESAR ; 20400 ; LA JAGUA DE IBIRICO ; Fija ; 24 ; Precipitación Líquida ; mm ; 0 
24/06/2011; CORPOCESAR ; ZM02 La Jagua Centro ; Manual ; 9.559417 ; -73.329667 ; 20 ; CESAR ; 20400 ; LA JAGUA DE IBIRICO ; Fija ; 24 ; Precipitación Líquida ; mm ; 18.69 
25/06/2011; CORPOCESAR ; ZM02 La Jagua Centro ; Manual ; 9.559417 ; -73.329667 ; 20 ; CESAR ; 20400 ; LA JAGUA DE IBIRICO ; Fija ; 24 ; Precipitación Líquida ; mm ; 9.29 
26/06/2011; CORPOCESAR ; ZM02 La Jagua Centro ; Manual ; 9.559417 ; -73.329667 ; 20 ; CESAR ; 20400 ; LA JAGUA DE IBIRICO ; Fija ; 24 ; Precipitación Líquida ; mm ; 2.75 
27/06/2011; CORPOCESAR ; ZM02 La Jagua Centro ; Manual ; 9.559417 ; -73.329667 ; 20 ; CESAR ; 20400 ; LA JAGUA DE IBIRICO ; Fija ; 24 ; Precipitación Líquida ; mm ; 1 
28/06/2011; CORPOCESAR ; ZM02 La Jagua Centro ; Manual ; 9.559417 ; -73.329667 ; 20 ; CESAR ; 20400 ; LA JAGUA DE IBIRICO ; Fija ; 24 ; Precipitación Líquida ; mm ; 0 
29/06/2011; CORPOCESAR ; ZM02 La Jagua Centro ; Manual ; 9.559417 ; -73.329667 ; 20 ; CESAR ; 20400 ; LA JAGUA DE IBIRICO ; Fija ; 24 ; Precipitación Líquida ; mm ; 0 
30/06/2011; CORPOCESAR ; ZM02 La Jagua Centro ; Manual ; 9.559417 ; -73.329667 ; 20 ; CESAR ; 20400 ; LA JAGUA DE IBIRICO ; Fija ; 24 ; Precipitación Líquida ; mm ; 19.78 
01/07/2011; CORPOCESAR ; ZM02 La Jagua Centro ; Manual ; 9.559417 ; -73.329667 ; 20 ; CESAR ; 20400 ; LA JAGUA DE IBIRICO ; Fija ; 24 ; Precipitación Líquida ; mm ; 0 
04/07/2011; CORPOCESAR ; ZM02 La Jagua Centro ; Manual ; 9.559417 ; -73.329667 ; 20 ; CESAR ; 20400 ; LA JAGUA DE IBIRICO ; Fija ; 24 ; Precipitación Líquida ; mm ; 0 
05/07/2011; CORPOCESAR ; ZM02 La Jagua Centro ; Manual ; 9.559417 ; -73.329667 ; 20 ; CESAR ; 20400 ; LA JAGUA DE IBIRICO ; Fija ; 24 ; Precipitación Líquida ; mm ; 0 
02/08/2011; CORPOCESAR ; ZM02 La Jagua Centro ; Manual ; 9.559417 ; -73.329667 ; 20 ; CESAR ; 20400 ; LA JAGUA DE IBIRICO ; Fija ; 24 ; Precipitación Líquida ; mm ; 0 
03/08/2011; CORPOCESAR ; ZM02 La Jagua Centro ; Manual ; 9.559417 ; -73.329667 ; 20 ; CESAR ; 20400 ; LA JAGUA DE IBIRICO ; Fija ; 24 ; Precipitación Líquida ; mm ; 0 
04/08/2011; CORPOCESAR ; ZM02 La Jagua Centro ; Manual ; 9.559417 ; -73.329667 ; 20 ; CESAR ; 20400 ; LA JAGUA DE IBIRICO ; Fija ; 24 ; Precipitación Líquida ; mm ; 0 
05/08/2011; CORPOCESAR ; ZM02 La Jagua Centro ; Manual ; 9.559417 ; -73.329667 ; 20 ; CESAR ; 20400 ; LA JAGUA DE IBIRICO ; Fija ; 24 ; Precipitación Líquida ; mm ; 0 
11/08/2011; CORPOCESAR ; ZM02 La Jagua Centro ; Manual ; 9.559417 ; -73.329667 ; 20 ; CESAR ; 20400 ; LA JAGUA DE IBIRICO ; Fija ; 24 ; Precipitación Líquida ; mm ; 0 
12/08/2011; CORPOCESAR ; ZM02 La Jagua Centro ; Manual ; 9.559417 ; -73.329667 ; 20 ; CESAR ; 20400 ; LA JAGUA DE IBIRICO ; Fija ; 24 ; Precipitación Líquida ; mm ; 12.68 
13/08/2011; CORPOCESAR ; ZM02 La Jagua Centro ; Manual ; 9.559417 ; -73.329667 ; 20 ; CESAR ; 20400 ; LA JAGUA DE IBIRICO ; Fija ; 24 ; Precipitación Líquida ; mm ; 0 
14/08/2011; CORPOCESAR ; ZM02 La Jagua Centro ; Manual ; 9.559417 ; -73.329667 ; 20 ; CESAR ; 20400 ; LA JAGUA DE IBIRICO ; Fija ; 24 ; Precipitación Líquida ; mm ; 0 
15/08/2011; CORPOCESAR ; ZM02 La Jagua Centro ; Manual ; 9.559417 ; -73.329667 ; 20 ; CESAR ; 20400 ; LA JAGUA DE IBIRICO ; Fija ; 24 ; Precipitación Líquida ; mm ; 45.9 
16/08/2011; CORPOCESAR ; ZM02 La Jagua Centro ; Manual ; 9.559417 ; -73.329667 ; 20 ; CESAR ; 20400 ; LA JAGUA DE IBIRICO ; Fija ; 24 ; Precipitación Líquida ; mm ; 13.69 
17/08/2011; CORPOCESAR ; ZM02 La Jagua Centro ; Manual ; 9.559417 ; -73.329667 ; 20 ; CESAR ; 20400 ; LA JAGUA DE IBIRICO ; Fija ; 24 ; Precipitación Líquida ; mm ; 0.75 
18/08/2011; CORPOCESAR ; ZM02 La Jagua Centro ; Manual ; 9.559417 ; -73.329667 ; 20 ; CESAR ; 20400 ; LA JAGUA DE IBIRICO ; Fija ; 24 ; Precipitación Líquida ; mm ; 27.94 
19/08/2011; CORPOCESAR ; ZM02 La Jagua Centro ; Manual ; 9.559417 ; -73.329667 ; 20 ; CESAR ; 20400 ; LA JAGUA DE IBIRICO ; Fija ; 24 ; Precipitación Líquida ; mm ; 5.27 
20/08/2011; CORPOCESAR ; ZM02 La Jagua Centro ; Manual ; 9.559417 ; -73.329667 ; 20 ; CESAR ; 20400 ; LA JAGUA DE IBIRICO ; Fija ; 24 ; Precipitación Líquida ; mm ; 0.25 
30/08/2011; CORPOCESAR ; ZM02 La Jagua Centro ; Manual ; 9.559417 ; -73.329667 ; 20 ; CESAR ; 20400 ; LA JAGUA DE IBIRICO ; Fija ; 24 ; Precipitación Líquida ; mm ; 0 
31/08/2011; CORPOCESAR ; ZM02 La Jagua Centro ; Manual ; 9.559417 ; -73.329667 ; 20 ; CESAR ; 20400 ; LA JAGUA DE IBIRICO ; Fija ; 24 ; Precipitación Líquida ; mm ; 3.8 
01/09/2011; CORPOCESAR ; ZM02 La Jagua Centro ; Manual ; 9.559417 ; -73.329667 ; 20 ; CESAR ; 20400 ; LA JAGUA DE IBIRICO ; Fija ; 24 ; Precipitación Líquida ; mm ; 4.27 
02/09/2011; CORPOCESAR ; ZM02 La Jagua Centro ; Manual ; 9.559417 ; -73.329667 ; 20 ; CESAR ; 20400 ; LA JAGUA DE IBIRICO ; Fija ; 24 ; Precipitación Líquida ; mm ; 2.25 
03/09/2011; CORPOCESAR ; ZM02 La Jagua Centro ; Manual ; 9.559417 ; -73.329667 ; 20 ; CESAR ; 20400 ; LA JAGUA DE IBIRICO ; Fija ; 24 ; Precipitación Líquida ; mm ; 0.25 
04/09/2011; CORPOCESAR ; ZM02 La Jagua Centro ; Manual ; 9.559417 ; -73.329667 ; 20 ; CESAR ; 20400 ; LA JAGUA DE IBIRICO ; Fija ; 24 ; Precipitación Líquida ; mm ; 0 
05/09/2011; CORPOCESAR ; ZM02 La Jagua Centro ; Manual ; 9.559417 ; -73.329667 ; 20 ; CESAR ; 20400 ; LA JAGUA DE IBIRICO ; Fija ; 24 ; Precipitación Líquida ; mm ; 0 
06/09/2011; CORPOCESAR ; ZM02 La Jagua Centro ; Manual ; 9.559417 ; -73.329667 ; 20 ; CESAR ; 20400 ; LA JAGUA DE IBIRICO ; Fija ; 24 ; Precipitación Líquida ; mm ; 0 
07/09/2011; CORPOCESAR ; ZM02 La Jagua Centro ; Manual ; 9.559417 ; -73.329667 ; 20 ; CESAR ; 20400 ; LA JAGUA DE IBIRICO ; Fija ; 24 ; Precipitación Líquida ; mm ; 14.96 
08/09/2011; CORPOCESAR ; ZM02 La Jagua Centro ; Manual ; 9.559417 ; -73.329667 ; 20 ; CESAR ; 20400 ; LA JAGUA DE IBIRICO ; Fija ; 24 ; Precipitación Líquida ; mm ; 14.2 
22/09/2011; CORPOCESAR ; ZM02 La Jagua Centro ; Manual ; 9.559417 ; -73.329667 ; 20 ; CESAR ; 20400 ; LA JAGUA DE IBIRICO ; Fija ; 24 ; Precipitación Líquida ; mm ; 0 
23/09/2011; CORPOCESAR ; ZM02 La Jagua Centro ; Manual ; 9.559417 ; -73.329667 ; 20 ; CESAR ; 20400 ; LA JAGUA DE IBIRICO ; Fija ; 24 ; Precipitación Líquida ; mm ; 0 
24/09/2011; CORPOCESAR ; ZM02 La Jagua Centro ; Manual ; 9.559417 ; -73.329667 ; 20 ; CESAR ; 20400 ; LA JAGUA DE IBIRICO ; Fija ; 24 ; Precipitación Líquida ; mm ; 18.55 
25/09/2011; CORPOCESAR ; ZM02 La Jagua Centro ; Manual ; 9.559417 ; -73.329667 ; 20 ; CESAR ; 20400 ; LA JAGUA DE IBIRICO ; Fija ; 24 ; Precipitación Líquida ; mm ; 1.25 
26/09/2011; CORPOCESAR ; ZM02 La Jagua Centro ; Manual ; 9.559417 ; -73.329667 ; 20 ; CESAR ; 20400 ; LA JAGUA DE IBIRICO ; Fija ; 24 ; Precipitación Líquida ; mm ; 17.24 
27/09/2011; CORPOCESAR ; ZM02 La Jagua Centro ; Manual ; 9.559417 ; -73.329667 ; 20 ; CESAR ; 20400 ; LA JAGUA DE IBIRICO ; Fija ; 24 ; Precipitación Líquida ; mm ; 0.25 
28/09/2011; CORPOCESAR ; ZM02 La Jagua Centro ; Manual ; 9.559417 ; -73.329667 ; 20 ; CESAR ; 20400 ; LA JAGUA DE IBIRICO ; Fija ; 24 ; Precipitación Líquida ; mm ; 4.82 
29/09/2011; CORPOCESAR ; ZM02 La Jagua Centro ; Manual ; 9.559417 ; -73.329667 ; 20 ; CESAR ; 20400 ; LA JAGUA DE IBIRICO ; Fija ; 24 ; Precipitación Líquida ; mm ; 0 
30/09/2011; CORPOCESAR ; ZM02 La Jagua Centro ; Manual ; 9.559417 ; -73.329667 ; 20 ; CESAR ; 20400 ; LA JAGUA DE IBIRICO ; Fija ; 24 ; Precipitación Líquida ; mm ; 1.52 
01/10/2011; CORPOCESAR ; ZM02 La Jagua Centro ; Manual ; 9.559417 ; -73.329667 ; 20 ; CESAR ; 20400 ; LA JAGUA DE IBIRICO ; Fija ; 24 ; Precipitación Líquida ; mm ; 0.25 
03/10/2011; CORPOCESAR ; ZM02 La Jagua Centro ; Manual ; 9.559417 ; -73.329667 ; 20 ; CESAR ; 20400 ; LA JAGUA DE IBIRICO ; Fija ; 24 ; Precipitación Líquida ; mm ; 4.31 
04/10/2011; CORPOCESAR ; ZM02 La Jagua Centro ; Manual ; 9.559417 ; -73.329667 ; 20 ; CESAR ; 20400 ; LA JAGUA DE IBIRICO ; Fija ; 24 ; Precipitación Líquida ; mm ; 18 
05/10/2011; CORPOCESAR ; ZM02 La Jagua Centro ; Manual ; 9.559417 ; -73.329667 ; 20 ; CESAR ; 20400 ; LA JAGUA DE IBIRICO ; Fija ; 24 ; Precipitación Líquida ; mm ; 13.69 
06/10/2011; CORPOCESAR ; ZM02 La Jagua Centro ; Manual ; 9.559417 ; -73.329667 ; 20 ; CESAR ; 20400 ; LA JAGUA DE IBIRICO ; Fija ; 24 ; Precipitación Líquida ; mm ; 35.03 
07/10/2011; CORPOCESAR ; ZM02 La Jagua Centro ; Manual ; 9.559417 ; -73.329667 ; 20 ; CESAR ; 20400 ; LA JAGUA DE IBIRICO ; Fija ; 24 ; Precipitación Líquida ; mm ; 66.28 
08/10/2011; CORPOCESAR ; ZM02 La Jagua Centro ; Manual ; 9.559417 ; -73.329667 ; 20 ; CESAR ; 20400 ; LA JAGUA DE IBIRICO ; Fija ; 24 ; Precipitación Líquida ; mm ; 76.35 
09/10/2011; CORPOCESAR ; ZM02 La Jagua Centro ; Manual ; 9.559417 ; -73.329667 ; 20 ; CESAR ; 20400 ; LA JAGUA DE IBIRICO ; Fija ; 24 ; Precipitación Líquida ; mm ; 37.27 
10/10/2011; CORPOCESAR ; ZM02 La Jagua Centro ; Manual ; 9.559417 ; -73.329667 ; 20 ; CESAR ; 20400 ; LA JAGUA DE IBIRICO ; Fija ; 24 ; Precipitación Líquida ; mm ; 19.21 
11/10/2011; CORPOCESAR ; ZM02 La Jagua Centro ; Manual ; 9.559417 ; -73.329667 ; 20 ; CESAR ; 20400 ; LA JAGUA DE IBIRICO ; Fija ; 24 ; Precipitación Líquida ; mm ; 1.77 
12/10/2011; CORPOCESAR ; ZM02 La Jagua Centro ; Manual ; 9.559417 ; -73.329667 ; 20 ; CESAR ; 20400 ; LA JAGUA DE IBIRICO ; Fija ; 24 ; Precipitación Líquida ; mm ; 3.52 
13/10/2011; CORPOCESAR ; ZM02 La Jagua Centro ; Manual ; 9.559417 ; -73.329667 ; 20 ; CESAR ; 20400 ; LA JAGUA DE IBIRICO ; Fija ; 24 ; Precipitación Líquida ; mm ; 0 
14/10/2011; CORPOCESAR ; ZM02 La Jagua Centro ; Manual ; 9.559417 ; -73.329667 ; 20 ; CESAR ; 20400 ; LA JAGUA DE IBIRICO ; Fija ; 24 ; Precipitación Líquida ; mm ; 25.13 
15/10/2011; CORPOCESAR ; ZM02 La Jagua Centro ; Manual ; 9.559417 ; -73.329667 ; 20 ; CESAR ; 20400 ; LA JAGUA DE IBIRICO ; Fija ; 24 ; Precipitación Líquida ; mm ; 77.67 
16/10/2011; CORPOCESAR ; ZM02 La Jagua Centro ; Manual ; 9.559417 ; -73.329667 ; 20 ; CESAR ; 20400 ; LA JAGUA DE IBIRICO ; Fija ; 24 ; Precipitación Líquida ; mm ; 9.36 
17/10/2011; CORPOCESAR ; ZM02 La Jagua Centro ; Manual ; 9.559417 ; -73.329667 ; 20 ; CESAR ; 20400 ; LA JAGUA DE IBIRICO ; Fija ; 24 ; Precipitación Líquida ; mm ; 24.49 
18/10/2011; CORPOCESAR ; ZM02 La Jagua Centro ; Manual ; 9.559417 ; -73.329667 ; 20 ; CESAR ; 20400 ; LA JAGUA DE IBIRICO ; Fija ; 24 ; Precipitación Líquida ; mm ; 31.59 
19/10/2011; CORPOCESAR ; ZM02 La Jagua Centro ; Manual ; 9.559417 ; -73.329667 ; 20 ; CESAR ; 20400 ; LA JAGUA DE IBIRICO ; Fija ; 24 ; Precipitación Líquida ; mm ; 0.75 
20/10/2011; CORPOCESAR ; ZM02 La Jagua Centro ; Manual ; 9.559417 ; -73.329667 ; 20 ; CESAR ; 20400 ; LA JAGUA DE IBIRICO ; Fija ; 24 ; Precipitación Líquida ; mm ; 33.96 
21/10/2011; CORPOCESAR ; ZM02 La Jagua Centro ; Manual ; 9.559417 ; -73.329667 ; 20 ; CESAR ; 20400 ; LA JAGUA DE IBIRICO ; Fija ; 24 ; Precipitación Líquida ; mm ; 0.5 
22/10/2011; CORPOCESAR ; ZM02 La Jagua Centro ; Manual ; 9.559417 ; -73.329667 ; 20 ; CESAR ; 20400 ; LA JAGUA DE IBIRICO ; Fija ; 24 ; Precipitación Líquida ; mm ; 0 
23/10/2011; CORPOCESAR ; ZM02 La Jagua Centro ; Manual ; 9.559417 ; -73.329667 ; 20 ; CESAR ; 20400 ; LA JAGUA DE IBIRICO ; Fija ; 24 ; Precipitación Líquida ; mm ; 0 
24/10/2011; CORPOCESAR ; ZM02 La Jagua Centro ; Manual ; 9.559417 ; -73.329667 ; 20 ; CESAR ; 20400 ; LA JAGUA DE IBIRICO ; Fija ; 24 ; Precipitación Líquida ; mm ; 34.28 
25/10/2011; CORPOCESAR ; ZM02 La Jagua Centro ; Manual ; 9.559417 ; -73.329667 ; 20 ; CESAR ; 20400 ; LA JAGUA DE IBIRICO ; Fija ; 24 ; Precipitación Líquida ; mm ; 13.42 
26/10/2011; CORPOCESAR ; ZM02 La Jagua Centro ; Manual ; 9.559417 ; -73.329667 ; 20 ; CESAR ; 20400 ; LA JAGUA DE IBIRICO ; Fija ; 24 ; Precipitación Líquida ; mm ; 0.75 
27/10/2011; CORPOCESAR ; ZM02 La Jagua Centro ; Manual ; 9.559417 ; -73.329667 ; 20 ; CESAR ; 20400 ; LA JAGUA DE IBIRICO ; Fija ; 24 ; Precipitación Líquida ; mm ; 0 
28/10/2011; CORPOCESAR ; ZM02 La Jagua Centro ; Manual ; 9.559417 ; -73.329667 ; 20 ; CESAR ; 20400 ; LA JAGUA DE IBIRICO ; Fija ; 24 ; Precipitación Líquida ; mm ; 1.51 
29/10/2011; CORPOCESAR ; ZM02 La Jagua Centro ; Manual ; 9.559417 ; -73.329667 ; 20 ; CESAR ; 20400 ; LA JAGUA DE IBIRICO ; Fija ; 24 ; Precipitación Líquida ; mm ; 0 
30/10/2011; CORPOCESAR ; ZM02 La Jagua Centro ; Manual ; 9.559417 ; -73.329667 ; 20 ; CESAR ; 20400 ; LA JAGUA DE IBIRICO ; Fija ; 24 ; Precipitación Líquida ; mm ; 40.31 
31/10/2011; CORPOCESAR ; ZM02 La Jagua Centro ; Manual ; 9.559417 ; -73.329667 ; 20 ; CESAR ; 20400 ; LA JAGUA DE IBIRICO ; Fija ; 24 ; Precipitación Líquida ; mm ; 0 
01/11/2011; CORPOCESAR ; ZM02 La Jagua Centro ; Manual ; 9.559417 ; -73.329667 ; 20 ; CESAR ; 20400 ; LA JAGUA DE IBIRICO ; Fija ; 24 ; Precipitación Líquida ; mm ; 0 
02/11/2011; CORPOCESAR ; ZM02 La Jagua Centro ; Manual ; 9.559417 ; -73.329667 ; 20 ; CESAR ; 20400 ; LA JAGUA DE IBIRICO ; Fija ; 24 ; Precipitación Líquida ; mm ; 0 
03/11/2011; CORPOCESAR ; ZM02 La Jagua Centro ; Manual ; 9.559417 ; -73.329667 ; 20 ; CESAR ; 20400 ; LA JAGUA DE IBIRICO ; Fija ; 24 ; Precipitación Líquida ; mm ; 49.77 
04/11/2011; CORPOCESAR ; ZM02 La Jagua Centro ; Manual ; 9.559417 ; -73.329667 ; 20 ; CESAR ; 20400 ; LA JAGUA DE IBIRICO ; Fija ; 24 ; Precipitación Líquida ; mm ; 2.25 
05/11/2011; CORPOCESAR ; ZM02 La Jagua Centro ; Manual ; 9.559417 ; -73.329667 ; 20 ; CESAR ; 20400 ; LA JAGUA DE IBIRICO ; Fija ; 24 ; Precipitación Líquida ; mm ; 18.79 
06/11/2011; CORPOCESAR ; ZM02 La Jagua Centro ; Manual ; 9.559417 ; -73.329667 ; 20 ; CESAR ; 20400 ; LA JAGUA DE IBIRICO ; Fija ; 24 ; Precipitación Líquida ; mm ; 0.75 
07/11/2011; CORPOCESAR ; ZM02 La Jagua Centro ; Manual ; 9.559417 ; -73.329667 ; 20 ; CESAR ; 20400 ; LA JAGUA DE IBIRICO ; Fija ; 24 ; Precipitación Líquida ; mm ; 0 
08/11/2011; CORPOCESAR ; ZM02 La Jagua Centro ; Manual ; 9.559417 ; -73.329667 ; 20 ; CESAR ; 20400 ; LA JAGUA DE IBIRICO ; Fija ; 24 ; Precipitación Líquida ; mm ; 12.94 
09/11/2011; CORPOCESAR ; ZM02 La Jagua Centro ; Manual ; 9.559417 ; -73.329667 ; 20 ; CESAR ; 20400 ; LA JAGUA DE IBIRICO ; Fija ; 24 ; Precipitación Líquida ; mm ; 6.82 
10/11/2011; CORPOCESAR ; ZM02 La Jagua Centro ; Manual ; 9.559417 ; -73.329667 ; 20 ; CESAR ; 20400 ; LA JAGUA DE IBIRICO ; Fija ; 24 ; Precipitación Líquida ; mm ; 31.69 
15/11/2011; CORPOCESAR ; ZM02 La Jagua Centro ; Manual ; 9.559417 ; -73.329667 ; 20 ; CESAR ; 20400 ; LA JAGUA DE IBIRICO ; Fija ; 24 ; Precipitación Líquida ; mm ; 0 
16/11/2011; CORPOCESAR ; ZM02 La Jagua Centro ; Manual ; 9.559417 ; -73.329667 ; 20 ; CESAR ; 20400 ; LA JAGUA DE IBIRICO ; Fija ; 24 ; Precipitación Líquida ; mm ; 50.56 
17/11/2011; CORPOCESAR ; ZM02 La Jagua Centro ; Manual ; 9.559417 ; -73.329667 ; 20 ; CESAR ; 20400 ; LA JAGUA DE IBIRICO ; Fija ; 24 ; Precipitación Líquida ; mm ; 0.75 
18/11/2011; CORPOCESAR ; ZM02 La Jagua Centro ; Manual ; 9.559417 ; -73.329667 ; 20 ; CESAR ; 20400 ; LA JAGUA DE IBIRICO ; Fija ; 24 ; Precipitación Líquida ; mm ; 0.25 
19/11/2011; CORPOCESAR ; ZM02 La Jagua Centro ; Manual ; 9.559417 ; -73.329667 ; 20 ; CESAR ; 20400 ; LA JAGUA DE IBIRICO ; Fija ; 24 ; Precipitación Líquida ; mm ; 31.73 
20/11/2011; CORPOCESAR ; ZM02 La Jagua Centro ; Manual ; 9.559417 ; -73.329667 ; 20 ; CESAR ; 20400 ; LA JAGUA DE IBIRICO ; Fija ; 24 ; Precipitación Líquida ; mm ; 0.25 
21/11/2011; CORPOCESAR ; ZM02 La Jagua Centro ; Manual ; 9.559417 ; -73.329667 ; 20 ; CESAR ; 20400 ; LA JAGUA DE IBIRICO ; Fija ; 24 ; Precipitación Líquida ; mm ; 8.38 
22/11/2011; CORPOCESAR ; ZM02 La Jagua Centro ; Manual ; 9.559417 ; -73.329667 ; 20 ; CESAR ; 20400 ; LA JAGUA DE IBIRICO ; Fija ; 24 ; Precipitación Líquida ; mm ; 0 
23/11/2011; CORPOCESAR ; ZM02 La Jagua Centro ; Manual ; 9.559417 ; -73.329667 ; 20 ; CESAR ; 20400 ; LA JAGUA DE IBIRICO ; Fija ; 24 ; Precipitación Líquida ; mm ; 5.07 
24/11/2011; CORPOCESAR ; ZM02 La Jagua Centro ; Manual ; 9.559417 ; -73.329667 ; 20 ; CESAR ; 20400 ; LA JAGUA DE IBIRICO ; Fija ; 24 ; Precipitación Líquida ; mm ; 0 
26/11/2011; CORPOCESAR ; ZM02 La Jagua Centro ; Manual ; 9.559417 ; -73.329667 ; 20 ; CESAR ; 20400 ; LA JAGUA DE IBIRICO ; Fija ; 24 ; Precipitación Líquida ; mm ; 0 
27/11/2011; CORPOCESAR ; ZM02 La Jagua Centro ; Manual ; 9.559417 ; -73.329667 ; 20 ; CESAR ; 20400 ; LA JAGUA DE IBIRICO ; Fija ; 24 ; Precipitación Líquida ; mm ; 23.84 
28/11/2011; CORPOCESAR ; ZM02 La Jagua Centro ; Manual ; 9.559417 ; -73.329667 ; 20 ; CESAR ; 20400 ; LA JAGUA DE IBIRICO ; Fija ; 24 ; Precipitación Líquida ; mm ; 7.56 
29/11/2011; CORPOCESAR ; ZM02 La Jagua Centro ; Manual ; 9.559417 ; -73.329667 ; 20 ; CESAR ; 20400 ; LA JAGUA DE IBIRICO ; Fija ; 24 ; Precipitación Líquida ; mm ; 12.27 
30/11/2011; CORPOCESAR ; ZM02 La Jagua Centro ; Manual ; 9.559417 ; -73.329667 ; 20 ; CESAR ; 20400 ; LA JAGUA DE IBIRICO ; Fija ; 24 ; Precipitación Líquida ; mm ; 46.91 
01/12/2011; CORPOCESAR ; ZM02 La Jagua Centro ; Manual ; 9.559417 ; -73.329667 ; 20 ; CESAR ; 20400 ; LA JAGUA DE IBIRICO ; Fija ; 24 ; Precipitación Líquida ; mm ; 10.75 
02/12/2011; CORPOCESAR ; ZM02 La Jagua Centro ; Manual ; 9.559417 ; -73.329667 ; 20 ; CESAR ; 20400 ; LA JAGUA DE IBIRICO ; Fija ; 24 ; Precipitación Líquida ; mm ; 12.9 
03/12/2011; CORPOCESAR ; ZM02 La Jagua Centro ; Manual ; 9.559417 ; -73.329667 ; 20 ; CESAR ; 20400 ; LA JAGUA DE IBIRICO ; Fija ; 24 ; Precipitación Líquida ; mm ; 0 
04/12/2011; CORPOCESAR ; ZM02 La Jagua Centro ; Manual ; 9.559417 ; -73.329667 ; 20 ; CESAR ; 20400 ; LA JAGUA DE IBIRICO ; Fija ; 24 ; Precipitación Líquida ; mm ; 0 
05/12/2011; CORPOCESAR ; ZM02 La Jagua Centro ; Manual ; 9.559417 ; -73.329667 ; 20 ; CESAR ; 20400 ; LA JAGUA DE IBIRICO ; Fija ; 24 ; Precipitación Líquida ; mm ; 1.5 
06/12/2011; CORPOCESAR ; ZM02 La Jagua Centro ; Manual ; 9.559417 ; -73.329667 ; 20 ; CESAR ; 20400 ; LA JAGUA DE IBIRICO ; Fija ; 24 ; Precipitación Líquida ; mm ; 16.74 
07/12/2011; CORPOCESAR ; ZM02 La Jagua Centro ; Manual ; 9.559417 ; -73.329667 ; 20 ; CESAR ; 20400 ; LA JAGUA DE IBIRICO ; Fija ; 24 ; Precipitación Líquida ; mm ; 46.71 
08/12/2011; CORPOCESAR ; ZM02 La Jagua Centro ; Manual ; 9.559417 ; -73.329667 ; 20 ; CESAR ; 20400 ; LA JAGUA DE IBIRICO ; Fija ; 24 ; Precipitación Líquida ; mm ; 0.5 
09/12/2011; CORPOCESAR ; ZM02 La Jagua Centro ; Manual ; 9.559417 ; -73.329667 ; 20 ; CESAR ; 20400 ; LA JAGUA DE IBIRICO ; Fija ; 24 ; Precipitación Líquida ; mm ; 0 
10/12/2011; CORPOCESAR ; ZM02 La Jagua Centro ; Manual ; 9.559417 ; -73.329667 ; 20 ; CESAR ; 20400 ; LA JAGUA DE IBIRICO ; Fija ; 24 ; Precipitación Líquida ; mm ; 25.63 
11/12/2011; CORPOCESAR ; ZM02 La Jagua Centro ; Manual ; 9.559417 ; -73.329667 ; 20 ; CESAR ; 20400 ; LA JAGUA DE IBIRICO ; Fija ; 24 ; Precipitación Líquida ; mm ; 32 
12/12/2011; CORPOCESAR ; ZM02 La Jagua Centro ; Manual ; 9.559417 ; -73.329667 ; 20 ; CESAR ; 20400 ; LA JAGUA DE IBIRICO ; Fija ; 24 ; Precipitación Líquida ; mm ; 0 
13/12/2011; CORPOCESAR ; ZM02 La Jagua Centro ; Manual ; 9.559417 ; -73.329667 ; 20 ; CESAR ; 20400 ; LA JAGUA DE IBIRICO ; Fija ; 24 ; Precipitación Líquida ; mm ; 30.2 
14/12/2011; CORPOCESAR ; ZM02 La Jagua Centro ; Manual ; 9.559417 ; -73.329667 ; 20 ; CESAR ; 20400 ; LA JAGUA DE IBIRICO ; Fija ; 24 ; Precipitación Líquida ; mm ; 9.12 
15/12/2011; CORPOCESAR ; ZM02 La Jagua Centro ; Manual ; 9.559417 ; -73.329667 ; 20 ; CESAR ; 20400 ; LA JAGUA DE IBIRICO ; Fija ; 24 ; Precipitación Líquida ; mm ; 22.61 
16/12/2011; CORPOCESAR ; ZM02 La Jagua Centro ; Manual ; 9.559417 ; -73.329667 ; 20 ; CESAR ; 20400 ; LA JAGUA DE IBIRICO ; Fija ; 24 ; Precipitación Líquida ; mm ; 0.25 
17/12/2011; CORPOCESAR ; ZM02 La Jagua Centro ; Manual ; 9.559417 ; -73.329667 ; 20 ; CESAR ; 20400 ; LA JAGUA DE IBIRICO ; Fija ; 24 ; Precipitación Líquida ; mm ; 0 
18/12/2011; CORPOCESAR ; ZM02 La Jagua Centro ; Manual ; 9.559417 ; -73.329667 ; 20 ; CESAR ; 20400 ; LA JAGUA DE IBIRICO ; Fija ; 24 ; Precipitación Líquida ; mm ; 0 
19/12/2011; CORPOCESAR ; ZM02 La Jagua Centro ; Manual ; 9.559417 ; -73.329667 ; 20 ; CESAR ; 20400 ; LA JAGUA DE IBIRICO ; Fija ; 24 ; Precipitación Líquida ; mm ; 0 
20/12/2011; CORPOCESAR ; ZM02 La Jagua Centro ; Manual ; 9.559417 ; -73.329667 ; 20 ; CESAR ; 20400 ; LA JAGUA DE IBIRICO ; Fija ; 24 ; Precipitación Líquida ; mm ; 0 
21/12/2011; CORPOCESAR ; ZM02 La Jagua Centro ; Manual ; 9.559417 ; -73.329667 ; 20 ; CESAR ; 20400 ; LA JAGUA DE IBIRICO ; Fija ; 24 ; Precipitación Líquida ; mm ; 0 
22/12/2011; CORPOCESAR ; ZM02 La Jagua Centro ; Manual ; 9.559417 ; -73.329667 ; 20 ; CESAR ; 20400 ; LA JAGUA DE IBIRICO ; Fija ; 24 ; Precipitación Líquida ; mm ; 0 
23/12/2011; CORPOCESAR ; ZM02 La Jagua Centro ; Manual ; 9.559417 ; -73.329667 ; 20 ; CESAR ; 20400 ; LA JAGUA DE IBIRICO ; Fija ; 24 ; Precipitación Líquida ; mm ; 0 
24/12/2011; CORPOCESAR ; ZM02 La Jagua Centro ; Manual ; 9.559417 ; -73.329667 ; 20 ; CESAR ; 20400 ; LA JAGUA DE IBIRICO ; Fija ; 24 ; Precipitación Líquida ; mm ; 0 
25/12/2011; CORPOCESAR ; ZM02 La Jagua Centro ; Manual ; 9.559417 ; -73.329667 ; 20 ; CESAR ; 20400 ; LA JAGUA DE IBIRICO ; Fija ; 24 ; Precipitación Líquida ; mm ; 0 
26/12/2011; CORPOCESAR ; ZM02 La Jagua Centro ; Manual ; 9.559417 ; -73.329667 ; 20 ; CESAR ; 20400 ; LA JAGUA DE IBIRICO ; Fija ; 24 ; Precipitación Líquida ; mm ; 0 
27/12/2011; CORPOCESAR ; ZM02 La Jagua Centro ; Manual ; 9.559417 ; -73.329667 ; 20 ; CESAR ; 20400 ; LA JAGUA DE IBIRICO ; Fija ; 24 ; Precipitación Líquida ; mm ; 0 
28/12/2011; CORPOCESAR ; ZM02 La Jagua Centro ; Manual ; 9.559417 ; -73.329667 ; 20 ; CESAR ; 20400 ; LA JAGUA DE IBIRICO ; Fija ; 24 ; Precipitación Líquida ; mm ; 0 
29/12/2011; CORPOCESAR ; ZM02 La Jagua Centro ; Manual ; 9.559417 ; -73.329667 ; 20 ; CESAR ; 20400 ; LA JAGUA DE IBIRICO ; Fija ; 24 ; Precipitación Líquida ; mm ; 0 
30/12/2011; CORPOCESAR ; ZM02 La Jagua Centro ; Manual ; 9.559417 ; -73.329667 ; 20 ; CESAR ; 20400 ; LA JAGUA DE IBIRICO ; Fija ; 24 ; Precipitación Líquida ; mm ; 0 
31/12/2011; CORPOCESAR ; ZM02 La Jagua Centro ; Manual ; 9.559417 ; -73.329667 ; 20 ; CESAR ; 20400 ; LA JAGUA DE IBIRICO ; Fija ; 24 ; Precipitación Líquida ; mm ; 0 
01/01/2011; CORPOCESAR ; ZM15 Chiriguaná ; Manual ; 9.363639 ; -73.607083 ; 20 ; CESAR ; 20178 ; CHIRIGUANÁ ; Fija ; 24 ; Precipitación Líquida ; mm ; 0 
02/01/2011; CORPOCESAR ; ZM15 Chiriguaná ; Manual ; 9.363639 ; -73.607083 ; 20 ; CESAR ; 20178 ; CHIRIGUANÁ ; Fija ; 24 ; Precipitación Líquida ; mm ; 0 
03/01/2011; CORPOCESAR ; ZM15 Chiriguaná ; Manual ; 9.363639 ; -73.607083 ; 20 ; CESAR ; 20178 ; CHIRIGUANÁ ; Fija ; 24 ; Precipitación Líquida ; mm ; 0 
04/01/2011; CORPOCESAR ; ZM15 Chiriguaná ; Manual ; 9.363639 ; -73.607083 ; 20 ; CESAR ; 20178 ; CHIRIGUANÁ ; Fija ; 24 ; Precipitación Líquida ; mm ; 0 
05/01/2011; CORPOCESAR ; ZM15 Chiriguaná ; Manual ; 9.363639 ; -73.607083 ; 20 ; CESAR ; 20178 ; CHIRIGUANÁ ; Fija ; 24 ; Precipitación Líquida ; mm ; 0 
06/01/2011; CORPOCESAR ; ZM15 Chiriguaná ; Manual ; 9.363639 ; -73.607083 ; 20 ; CESAR ; 20178 ; CHIRIGUANÁ ; Fija ; 24 ; Precipitación Líquida ; mm ; 0 
07/01/2011; CORPOCESAR ; ZM15 Chiriguaná ; Manual ; 9.363639 ; -73.607083 ; 20 ; CESAR ; 20178 ; CHIRIGUANÁ ; Fija ; 24 ; Precipitación Líquida ; mm ; 0 
08/01/2011; CORPOCESAR ; ZM15 Chiriguaná ; Manual ; 9.363639 ; -73.607083 ; 20 ; CESAR ; 20178 ; CHIRIGUANÁ ; Fija ; 24 ; Precipitación Líquida ; mm ; 3 
09/01/2011; CORPOCESAR ; ZM15 Chiriguaná ; Manual ; 9.363639 ; -73.607083 ; 20 ; CESAR ; 20178 ; CHIRIGUANÁ ; Fija ; 24 ; Precipitación Líquida ; mm ; 0 
10/01/2011; CORPOCESAR ; ZM15 Chiriguaná ; Manual ; 9.363639 ; -73.607083 ; 20 ; CESAR ; 20178 ; CHIRIGUANÁ ; Fija ; 24 ; Precipitación Líquida ; mm ; 0 
11/01/2011; CORPOCESAR ; ZM15 Chiriguaná ; Manual ; 9.363639 ; -73.607083 ; 20 ; CESAR ; 20178 ; CHIRIGUANÁ ; Fija ; 24 ; Precipitación Líquida ; mm ; 0 
12/01/2011; CORPOCESAR ; ZM15 Chiriguaná ; Manual ; 9.363639 ; -73.607083 ; 20 ; CESAR ; 20178 ; CHIRIGUANÁ ; Fija ; 24 ; Precipitación Líquida ; mm ; 0 
13/01/2011; CORPOCESAR ; ZM15 Chiriguaná ; Manual ; 9.363639 ; -73.607083 ; 20 ; CESAR ; 20178 ; CHIRIGUANÁ ; Fija ; 24 ; Precipitación Líquida ; mm ; 0 
14/01/2011; CORPOCESAR ; ZM15 Chiriguaná ; Manual ; 9.363639 ; -73.607083 ; 20 ; CESAR ; 20178 ; CHIRIGUANÁ ; Fija ; 24 ; Precipitación Líquida ; mm ; 0 
15/01/2011; CORPOCESAR ; ZM15 Chiriguaná ; Manual ; 9.363639 ; -73.607083 ; 20 ; CESAR ; 20178 ; CHIRIGUANÁ ; Fija ; 24 ; Precipitación Líquida ; mm ; 0 
16/01/2011; CORPOCESAR ; ZM15 Chiriguaná ; Manual ; 9.363639 ; -73.607083 ; 20 ; CESAR ; 20178 ; CHIRIGUANÁ ; Fija ; 24 ; Precipitación Líquida ; mm ; 0 
17/01/2011; CORPOCESAR ; ZM15 Chiriguaná ; Manual ; 9.363639 ; -73.607083 ; 20 ; CESAR ; 20178 ; CHIRIGUANÁ ; Fija ; 24 ; Precipitación Líquida ; mm ; 0 
18/01/2011; CORPOCESAR ; ZM15 Chiriguaná ; Manual ; 9.363639 ; -73.607083 ; 20 ; CESAR ; 20178 ; CHIRIGUANÁ ; Fija ; 24 ; Precipitación Líquida ; mm ; 0 
19/01/2011; CORPOCESAR ; ZM15 Chiriguaná ; Manual ; 9.363639 ; -73.607083 ; 20 ; CESAR ; 20178 ; CHIRIGUANÁ ; Fija ; 24 ; Precipitación Líquida ; mm ; 0 
20/01/2011; CORPOCESAR ; ZM15 Chiriguaná ; Manual ; 9.363639 ; -73.607083 ; 20 ; CESAR ; 20178 ; CHIRIGUANÁ ; Fija ; 24 ; Precipitación Líquida ; mm ; 0 
21/01/2011; CORPOCESAR ; ZM15 Chiriguaná ; Manual ; 9.363639 ; -73.607083 ; 20 ; CESAR ; 20178 ; CHIRIGUANÁ ; Fija ; 24 ; Precipitación Líquida ; mm ; 0 
22/01/2011; CORPOCESAR ; ZM15 Chiriguaná ; Manual ; 9.363639 ; -73.607083 ; 20 ; CESAR ; 20178 ; CHIRIGUANÁ ; Fija ; 24 ; Precipitación Líquida ; mm ; 0 
23/01/2011; CORPOCESAR ; ZM15 Chiriguaná ; Manual ; 9.363639 ; -73.607083 ; 20 ; CESAR ; 20178 ; CHIRIGUANÁ ; Fija ; 24 ; Precipitación Líquida ; mm ; 0 
24/01/2011; CORPOCESAR ; ZM15 Chiriguaná ; Manual ; 9.363639 ; -73.607083 ; 20 ; CESAR ; 20178 ; CHIRIGUANÁ ; Fija ; 24 ; Precipitación Líquida ; mm ; 0 
25/01/2011; CORPOCESAR ; ZM15 Chiriguaná ; Manual ; 9.363639 ; -73.607083 ; 20 ; CESAR ; 20178 ; CHIRIGUANÁ ; Fija ; 24 ; Precipitación Líquida ; mm ; 0 
26/01/2011; CORPOCESAR ; ZM15 Chiriguaná ; Manual ; 9.363639 ; -73.607083 ; 20 ; CESAR ; 20178 ; CHIRIGUANÁ ; Fija ; 24 ; Precipitación Líquida ; mm ; 0 
27/01/2011; CORPOCESAR ; ZM15 Chiriguaná ; Manual ; 9.363639 ; -73.607083 ; 20 ; CESAR ; 20178 ; CHIRIGUANÁ ; Fija ; 24 ; Precipitación Líquida ; mm ; 0 
28/01/2011; CORPOCESAR ; ZM15 Chiriguaná ; Manual ; 9.363639 ; -73.607083 ; 20 ; CESAR ; 20178 ; CHIRIGUANÁ ; Fija ; 24 ; Precipitación Líquida ; mm ; 0 
29/01/2011; CORPOCESAR ; ZM15 Chiriguaná ; Manual ; 9.363639 ; -73.607083 ; 20 ; CESAR ; 20178 ; CHIRIGUANÁ ; Fija ; 24 ; Precipitación Líquida ; mm ; 0 
30/01/2011; CORPOCESAR ; ZM15 Chiriguaná ; Manual ; 9.363639 ; -73.607083 ; 20 ; CESAR ; 20178 ; CHIRIGUANÁ ; Fija ; 24 ; Precipitación Líquida ; mm ; 0 
31/01/2011; CORPOCESAR ; ZM15 Chiriguaná ; Manual ; 9.363639 ; -73.607083 ; 20 ; CESAR ; 20178 ; CHIRIGUANÁ ; Fija ; 24 ; Precipitación Líquida ; mm ; 0 
01/02/2011; CORPOCESAR ; ZM15 Chiriguaná ; Manual ; 9.363639 ; -73.607083 ; 20 ; CESAR ; 20178 ; CHIRIGUANÁ ; Fija ; 24 ; Precipitación Líquida ; mm ; 1 
02/02/2011; CORPOCESAR ; ZM15 Chiriguaná ; Manual ; 9.363639 ; -73.607083 ; 20 ; CESAR ; 20178 ; CHIRIGUANÁ ; Fija ; 24 ; Precipitación Líquida ; mm ; 0 
03/02/2011; CORPOCESAR ; ZM15 Chiriguaná ; Manual ; 9.363639 ; -73.607083 ; 20 ; CESAR ; 20178 ; CHIRIGUANÁ ; Fija ; 24 ; Precipitación Líquida ; mm ; 0 
04/02/2011; CORPOCESAR ; ZM15 Chiriguaná ; Manual ; 9.363639 ; -73.607083 ; 20 ; CESAR ; 20178 ; CHIRIGUANÁ ; Fija ; 24 ; Precipitación Líquida ; mm ; 0 
05/02/2011; CORPOCESAR ; ZM15 Chiriguaná ; Manual ; 9.363639 ; -73.607083 ; 20 ; CESAR ; 20178 ; CHIRIGUANÁ ; Fija ; 24 ; Precipitación Líquida ; mm ; 0 
06/02/2011; CORPOCESAR ; ZM15 Chiriguaná ; Manual ; 9.363639 ; -73.607083 ; 20 ; CESAR ; 20178 ; CHIRIGUANÁ ; Fija ; 24 ; Precipitación Líquida ; mm ; 0 
07/02/2011; CORPOCESAR ; ZM15 Chiriguaná ; Manual ; 9.363639 ; -73.607083 ; 20 ; CESAR ; 20178 ; CHIRIGUANÁ ; Fija ; 24 ; Precipitación Líquida ; mm ; 0 
08/02/2011; CORPOCESAR ; ZM15 Chiriguaná ; Manual ; 9.363639 ; -73.607083 ; 20 ; CESAR ; 20178 ; CHIRIGUANÁ ; Fija ; 24 ; Precipitación Líquida ; mm ; 0 
09/02/2011; CORPOCESAR ; ZM15 Chiriguaná ; Manual ; 9.363639 ; -73.607083 ; 20 ; CESAR ; 20178 ; CHIRIGUANÁ ; Fija ; 24 ; Precipitación Líquida ; mm ; 0 
10/02/2011; CORPOCESAR ; ZM15 Chiriguaná ; Manual ; 9.363639 ; -73.607083 ; 20 ; CESAR ; 20178 ; CHIRIGUANÁ ; Fija ; 24 ; Precipitación Líquida ; mm ; 0 
11/02/2011; CORPOCESAR ; ZM15 Chiriguaná ; Manual ; 9.363639 ; -73.607083 ; 20 ; CESAR ; 20178 ; CHIRIGUANÁ ; Fija ; 24 ; Precipitación Líquida ; mm ; 0 
12/02/2011; CORPOCESAR ; ZM15 Chiriguaná ; Manual ; 9.363639 ; -73.607083 ; 20 ; CESAR ; 20178 ; CHIRIGUANÁ ; Fija ; 24 ; Precipitación Líquida ; mm ; 0 
13/02/2011; CORPOCESAR ; ZM15 Chiriguaná ; Manual ; 9.363639 ; -73.607083 ; 20 ; CESAR ; 20178 ; CHIRIGUANÁ ; Fija ; 24 ; Precipitación Líquida ; mm ; 0 
14/02/2011; CORPOCESAR ; ZM15 Chiriguaná ; Manual ; 9.363639 ; -73.607083 ; 20 ; CESAR ; 20178 ; CHIRIGUANÁ ; Fija ; 24 ; Precipitación Líquida ; mm ; 0 
15/02/2011; CORPOCESAR ; ZM15 Chiriguaná ; Manual ; 9.363639 ; -73.607083 ; 20 ; CESAR ; 20178 ; CHIRIGUANÁ ; Fija ; 24 ; Precipitación Líquida ; mm ; 0 
16/02/2011; CORPOCESAR ; ZM15 Chiriguaná ; Manual ; 9.363639 ; -73.607083 ; 20 ; CESAR ; 20178 ; CHIRIGUANÁ ; Fija ; 24 ; Precipitación Líquida ; mm ; 18 
17/02/2011; CORPOCESAR ; ZM15 Chiriguaná ; Manual ; 9.363639 ; -73.607083 ; 20 ; CESAR ; 20178 ; CHIRIGUANÁ ; Fija ; 24 ; Precipitación Líquida ; mm ; 5 
18/02/2011; CORPOCESAR ; ZM15 Chiriguaná ; Manual ; 9.363639 ; -73.607083 ; 20 ; CESAR ; 20178 ; CHIRIGUANÁ ; Fija ; 24 ; Precipitación Líquida ; mm ; 0 
19/02/2011; CORPOCESAR ; ZM15 Chiriguaná ; Manual ; 9.363639 ; -73.607083 ; 20 ; CESAR ; 20178 ; CHIRIGUANÁ ; Fija ; 24 ; Precipitación Líquida ; mm ; 0 
20/02/2011; CORPOCESAR ; ZM15 Chiriguaná ; Manual ; 9.363639 ; -73.607083 ; 20 ; CESAR ; 20178 ; CHIRIGUANÁ ; Fija ; 24 ; Precipitación Líquida ; mm ; 0 
21/02/2011; CORPOCESAR ; ZM15 Chiriguaná ; Manual ; 9.363639 ; -73.607083 ; 20 ; CESAR ; 20178 ; CHIRIGUANÁ ; Fija ; 24 ; Precipitación Líquida ; mm ; 0 
22/02/2011; CORPOCESAR ; ZM15 Chiriguaná ; Manual ; 9.363639 ; -73.607083 ; 20 ; CESAR ; 20178 ; CHIRIGUANÁ ; Fija ; 24 ; Precipitación Líquida ; mm ; 0 
23/02/2011; CORPOCESAR ; ZM15 Chiriguaná ; Manual ; 9.363639 ; -73.607083 ; 20 ; CESAR ; 20178 ; CHIRIGUANÁ ; Fija ; 24 ; Precipitación Líquida ; mm ; 0 
24/02/2011; CORPOCESAR ; ZM15 Chiriguaná ; Manual ; 9.363639 ; -73.607083 ; 20 ; CESAR ; 20178 ; CHIRIGUANÁ ; Fija ; 24 ; Precipitación Líquida ; mm ; 4 
25/02/2011; CORPOCESAR ; ZM15 Chiriguaná ; Manual ; 9.363639 ; -73.607083 ; 20 ; CESAR ; 20178 ; CHIRIGUANÁ ; Fija ; 24 ; Precipitación Líquida ; mm ; 0 
26/02/2011; CORPOCESAR ; ZM15 Chiriguaná ; Manual ; 9.363639 ; -73.607083 ; 20 ; CESAR ; 20178 ; CHIRIGUANÁ ; Fija ; 24 ; Precipitación Líquida ; mm ; 0 
27/02/2011; CORPOCESAR ; ZM15 Chiriguaná ; Manual ; 9.363639 ; -73.607083 ; 20 ; CESAR ; 20178 ; CHIRIGUANÁ ; Fija ; 24 ; Precipitación Líquida ; mm ; 0 
28/02/2011; CORPOCESAR ; ZM15 Chiriguaná ; Manual ; 9.363639 ; -73.607083 ; 20 ; CESAR ; 20178 ; CHIRIGUANÁ ; Fija ; 24 ; Precipitación Líquida ; mm ; 0 
01/03/2011; CORPOCESAR ; ZM15 Chiriguaná ; Manual ; 9.363639 ; -73.607083 ; 20 ; CESAR ; 20178 ; CHIRIGUANÁ ; Fija ; 24 ; Precipitación Líquida ; mm ; 0 
02/03/2011; CORPOCESAR ; ZM15 Chiriguaná ; Manual ; 9.363639 ; -73.607083 ; 20 ; CESAR ; 20178 ; CHIRIGUANÁ ; Fija ; 24 ; Precipitación Líquida ; mm ; 7 
03/03/2011; CORPOCESAR ; ZM15 Chiriguaná ; Manual ; 9.363639 ; -73.607083 ; 20 ; CESAR ; 20178 ; CHIRIGUANÁ ; Fija ; 24 ; Precipitación Líquida ; mm ; 3 
04/03/2011; CORPOCESAR ; ZM15 Chiriguaná ; Manual ; 9.363639 ; -73.607083 ; 20 ; CESAR ; 20178 ; CHIRIGUANÁ ; Fija ; 24 ; Precipitación Líquida ; mm ; 0 
05/03/2011; CORPOCESAR ; ZM15 Chiriguaná ; Manual ; 9.363639 ; -73.607083 ; 20 ; CESAR ; 20178 ; CHIRIGUANÁ ; Fija ; 24 ; Precipitación Líquida ; mm ; 0 
06/03/2011; CORPOCESAR ; ZM15 Chiriguaná ; Manual ; 9.363639 ; -73.607083 ; 20 ; CESAR ; 20178 ; CHIRIGUANÁ ; Fija ; 24 ; Precipitación Líquida ; mm ; 19 
07/03/2011; CORPOCESAR ; ZM15 Chiriguaná ; Manual ; 9.363639 ; -73.607083 ; 20 ; CESAR ; 20178 ; CHIRIGUANÁ ; Fija ; 24 ; Precipitación Líquida ; mm ; 1 
08/03/2011; CORPOCESAR ; ZM15 Chiriguaná ; Manual ; 9.363639 ; -73.607083 ; 20 ; CESAR ; 20178 ; CHIRIGUANÁ ; Fija ; 24 ; Precipitación Líquida ; mm ; 0 
09/03/2011; CORPOCESAR ; ZM15 Chiriguaná ; Manual ; 9.363639 ; -73.607083 ; 20 ; CESAR ; 20178 ; CHIRIGUANÁ ; Fija ; 24 ; Precipitación Líquida ; mm ; 4 
10/03/2011; CORPOCESAR ; ZM15 Chiriguaná ; Manual ; 9.363639 ; -73.607083 ; 20 ; CESAR ; 20178 ; CHIRIGUANÁ ; Fija ; 24 ; Precipitación Líquida ; mm ; 0 
11/03/2011; CORPOCESAR ; ZM15 Chiriguaná ; Manual ; 9.363639 ; -73.607083 ; 20 ; CESAR ; 20178 ; CHIRIGUANÁ ; Fija ; 24 ; Precipitación Líquida ; mm ; 0 
12/03/2011; CORPOCESAR ; ZM15 Chiriguaná ; Manual ; 9.363639 ; -73.607083 ; 20 ; CESAR ; 20178 ; CHIRIGUANÁ ; Fija ; 24 ; Precipitación Líquida ; mm ; 0 
13/03/2011; CORPOCESAR ; ZM15 Chiriguaná ; Manual ; 9.363639 ; -73.607083 ; 20 ; CESAR ; 20178 ; CHIRIGUANÁ ; Fija ; 24 ; Precipitación Líquida ; mm ; 0 
14/03/2011; CORPOCESAR ; ZM15 Chiriguaná ; Manual ; 9.363639 ; -73.607083 ; 20 ; CESAR ; 20178 ; CHIRIGUANÁ ; Fija ; 24 ; Precipitación Líquida ; mm ; 0 
15/03/2011; CORPOCESAR ; ZM15 Chiriguaná ; Manual ; 9.363639 ; -73.607083 ; 20 ; CESAR ; 20178 ; CHIRIGUANÁ ; Fija ; 24 ; Precipitación Líquida ; mm ; 0 
16/03/2011; CORPOCESAR ; ZM15 Chiriguaná ; Manual ; 9.363639 ; -73.607083 ; 20 ; CESAR ; 20178 ; CHIRIGUANÁ ; Fija ; 24 ; Precipitación Líquida ; mm ; 0 
17/03/2011; CORPOCESAR ; ZM15 Chiriguaná ; Manual ; 9.363639 ; -73.607083 ; 20 ; CESAR ; 20178 ; CHIRIGUANÁ ; Fija ; 24 ; Precipitación Líquida ; mm ; 0 
18/03/2011; CORPOCESAR ; ZM15 Chiriguaná ; Manual ; 9.363639 ; -73.607083 ; 20 ; CESAR ; 20178 ; CHIRIGUANÁ ; Fija ; 24 ; Precipitación Líquida ; mm ; 20 
19/03/2011; CORPOCESAR ; ZM15 Chiriguaná ; Manual ; 9.363639 ; -73.607083 ; 20 ; CESAR ; 20178 ; CHIRIGUANÁ ; Fija ; 24 ; Precipitación Líquida ; mm ; 0 
20/03/2011; CORPOCESAR ; ZM15 Chiriguaná ; Manual ; 9.363639 ; -73.607083 ; 20 ; CESAR ; 20178 ; CHIRIGUANÁ ; Fija ; 24 ; Precipitación Líquida ; mm ; 0 
21/03/2011; CORPOCESAR ; ZM15 Chiriguaná ; Manual ; 9.363639 ; -73.607083 ; 20 ; CESAR ; 20178 ; CHIRIGUANÁ ; Fija ; 24 ; Precipitación Líquida ; mm ; 4 
22/03/2011; CORPOCESAR ; ZM15 Chiriguaná ; Manual ; 9.363639 ; -73.607083 ; 20 ; CESAR ; 20178 ; CHIRIGUANÁ ; Fija ; 24 ; Precipitación Líquida ; mm ; 0 
23/03/2011; CORPOCESAR ; ZM15 Chiriguaná ; Manual ; 9.363639 ; -73.607083 ; 20 ; CESAR ; 20178 ; CHIRIGUANÁ ; Fija ; 24 ; Precipitación Líquida ; mm ; 0 
24/03/2011; CORPOCESAR ; ZM15 Chiriguaná ; Manual ; 9.363639 ; -73.607083 ; 20 ; CESAR ; 20178 ; CHIRIGUANÁ ; Fija ; 24 ; Precipitación Líquida ; mm ; 0 
25/03/2011; CORPOCESAR ; ZM15 Chiriguaná ; Manual ; 9.363639 ; -73.607083 ; 20 ; CESAR ; 20178 ; CHIRIGUANÁ ; Fija ; 24 ; Precipitación Líquida ; mm ; 0 
26/03/2011; CORPOCESAR ; ZM15 Chiriguaná ; Manual ; 9.363639 ; -73.607083 ; 20 ; CESAR ; 20178 ; CHIRIGUANÁ ; Fija ; 24 ; Precipitación Líquida ; mm ; 0 
27/03/2011; CORPOCESAR ; ZM15 Chiriguaná ; Manual ; 9.363639 ; -73.607083 ; 20 ; CESAR ; 20178 ; CHIRIGUANÁ ; Fija ; 24 ; Precipitación Líquida ; mm ; 0 
28/03/2011; CORPOCESAR ; ZM15 Chiriguaná ; Manual ; 9.363639 ; -73.607083 ; 20 ; CESAR ; 20178 ; CHIRIGUANÁ ; Fija ; 24 ; Precipitación Líquida ; mm ; 0 
29/03/2011; CORPOCESAR ; ZM15 Chiriguaná ; Manual ; 9.363639 ; -73.607083 ; 20 ; CESAR ; 20178 ; CHIRIGUANÁ ; Fija ; 24 ; Precipitación Líquida ; mm ; 0 
30/03/2011; CORPOCESAR ; ZM15 Chiriguaná ; Manual ; 9.363639 ; -73.607083 ; 20 ; CESAR ; 20178 ; CHIRIGUANÁ ; Fija ; 24 ; Precipitación Líquida ; mm ; 0 
31/03/2011; CORPOCESAR ; ZM15 Chiriguaná ; Manual ; 9.363639 ; -73.607083 ; 20 ; CESAR ; 20178 ; CHIRIGUANÁ ; Fija ; 24 ; Precipitación Líquida ; mm ; 1 
01/04/2011; CORPOCESAR ; ZM15 Chiriguaná ; Manual ; 9.363639 ; -73.607083 ; 20 ; CESAR ; 20178 ; CHIRIGUANÁ ; Fija ; 24 ; Precipitación Líquida ; mm ; 1 
02/04/2011; CORPOCESAR ; ZM15 Chiriguaná ; Manual ; 9.363639 ; -73.607083 ; 20 ; CESAR ; 20178 ; CHIRIGUANÁ ; Fija ; 24 ; Precipitación Líquida ; mm ; 0 
03/04/2011; CORPOCESAR ; ZM15 Chiriguaná ; Manual ; 9.363639 ; -73.607083 ; 20 ; CESAR ; 20178 ; CHIRIGUANÁ ; Fija ; 24 ; Precipitación Líquida ; mm ; 0 
04/04/2011; CORPOCESAR ; ZM15 Chiriguaná ; Manual ; 9.363639 ; -73.607083 ; 20 ; CESAR ; 20178 ; CHIRIGUANÁ ; Fija ; 24 ; Precipitación Líquida ; mm ; 0 
05/04/2011; CORPOCESAR ; ZM15 Chiriguaná ; Manual ; 9.363639 ; -73.607083 ; 20 ; CESAR ; 20178 ; CHIRIGUANÁ ; Fija ; 24 ; Precipitación Líquida ; mm ; 26 
06/04/2011; CORPOCESAR ; ZM15 Chiriguaná ; Manual ; 9.363639 ; -73.607083 ; 20 ; CESAR ; 20178 ; CHIRIGUANÁ ; Fija ; 24 ; Precipitación Líquida ; mm ; 22 
07/04/2011; CORPOCESAR ; ZM15 Chiriguaná ; Manual ; 9.363639 ; -73.607083 ; 20 ; CESAR ; 20178 ; CHIRIGUANÁ ; Fija ; 24 ; Precipitación Líquida ; mm ; 0 
08/04/2011; CORPOCESAR ; ZM15 Chiriguaná ; Manual ; 9.363639 ; -73.607083 ; 20 ; CESAR ; 20178 ; CHIRIGUANÁ ; Fija ; 24 ; Precipitación Líquida ; mm ; 0 
09/04/2011; CORPOCESAR ; ZM15 Chiriguaná ; Manual ; 9.363639 ; -73.607083 ; 20 ; CESAR ; 20178 ; CHIRIGUANÁ ; Fija ; 24 ; Precipitación Líquida ; mm ; 16 
10/04/2011; CORPOCESAR ; ZM15 Chiriguaná ; Manual ; 9.363639 ; -73.607083 ; 20 ; CESAR ; 20178 ; CHIRIGUANÁ ; Fija ; 24 ; Precipitación Líquida ; mm ; 3 
11/04/2011; CORPOCESAR ; ZM15 Chiriguaná ; Manual ; 9.363639 ; -73.607083 ; 20 ; CESAR ; 20178 ; CHIRIGUANÁ ; Fija ; 24 ; Precipitación Líquida ; mm ; 3 
12/04/2011; CORPOCESAR ; ZM15 Chiriguaná ; Manual ; 9.363639 ; -73.607083 ; 20 ; CESAR ; 20178 ; CHIRIGUANÁ ; Fija ; 24 ; Precipitación Líquida ; mm ; 0 
13/04/2011; CORPOCESAR ; ZM15 Chiriguaná ; Manual ; 9.363639 ; -73.607083 ; 20 ; CESAR ; 20178 ; CHIRIGUANÁ ; Fija ; 24 ; Precipitación Líquida ; mm ; 1 
14/04/2011; CORPOCESAR ; ZM15 Chiriguaná ; Manual ; 9.363639 ; -73.607083 ; 20 ; CESAR ; 20178 ; CHIRIGUANÁ ; Fija ; 24 ; Precipitación Líquida ; mm ; 2 
15/04/2011; CORPOCESAR ; ZM15 Chiriguaná ; Manual ; 9.363639 ; -73.607083 ; 20 ; CESAR ; 20178 ; CHIRIGUANÁ ; Fija ; 24 ; Precipitación Líquida ; mm ; 41 
16/04/2011; CORPOCESAR ; ZM15 Chiriguaná ; Manual ; 9.363639 ; -73.607083 ; 20 ; CESAR ; 20178 ; CHIRIGUANÁ ; Fija ; 24 ; Precipitación Líquida ; mm ; 16 
17/04/2011; CORPOCESAR ; ZM15 Chiriguaná ; Manual ; 9.363639 ; -73.607083 ; 20 ; CESAR ; 20178 ; CHIRIGUANÁ ; Fija ; 24 ; Precipitación Líquida ; mm ; 1 
18/04/2011; CORPOCESAR ; ZM15 Chiriguaná ; Manual ; 9.363639 ; -73.607083 ; 20 ; CESAR ; 20178 ; CHIRIGUANÁ ; Fija ; 24 ; Precipitación Líquida ; mm ; 0 
19/04/2011; CORPOCESAR ; ZM15 Chiriguaná ; Manual ; 9.363639 ; -73.607083 ; 20 ; CESAR ; 20178 ; CHIRIGUANÁ ; Fija ; 24 ; Precipitación Líquida ; mm ; 0 
20/04/2011; CORPOCESAR ; ZM15 Chiriguaná ; Manual ; 9.363639 ; -73.607083 ; 20 ; CESAR ; 20178 ; CHIRIGUANÁ ; Fija ; 24 ; Precipitación Líquida ; mm ; 32 
21/04/2011; CORPOCESAR ; ZM15 Chiriguaná ; Manual ; 9.363639 ; -73.607083 ; 20 ; CESAR ; 20178 ; CHIRIGUANÁ ; Fija ; 24 ; Precipitación Líquida ; mm ; 85 
22/04/2011; CORPOCESAR ; ZM15 Chiriguaná ; Manual ; 9.363639 ; -73.607083 ; 20 ; CESAR ; 20178 ; CHIRIGUANÁ ; Fija ; 24 ; Precipitación Líquida ; mm ; 0 
23/04/2011; CORPOCESAR ; ZM15 Chiriguaná ; Manual ; 9.363639 ; -73.607083 ; 20 ; CESAR ; 20178 ; CHIRIGUANÁ ; Fija ; 24 ; Precipitación Líquida ; mm ; 1 
24/04/2011; CORPOCESAR ; ZM15 Chiriguaná ; Manual ; 9.363639 ; -73.607083 ; 20 ; CESAR ; 20178 ; CHIRIGUANÁ ; Fija ; 24 ; Precipitación Líquida ; mm ; 3 
25/04/2011; CORPOCESAR ; ZM15 Chiriguaná ; Manual ; 9.363639 ; -73.607083 ; 20 ; CESAR ; 20178 ; CHIRIGUANÁ ; Fija ; 24 ; Precipitación Líquida ; mm ; 1 
26/04/2011; CORPOCESAR ; ZM15 Chiriguaná ; Manual ; 9.363639 ; -73.607083 ; 20 ; CESAR ; 20178 ; CHIRIGUANÁ ; Fija ; 24 ; Precipitación Líquida ; mm ; 4 
27/04/2011; CORPOCESAR ; ZM15 Chiriguaná ; Manual ; 9.363639 ; -73.607083 ; 20 ; CESAR ; 20178 ; CHIRIGUANÁ ; Fija ; 24 ; Precipitación Líquida ; mm ; 21 
28/04/2011; CORPOCESAR ; ZM15 Chiriguaná ; Manual ; 9.363639 ; -73.607083 ; 20 ; CESAR ; 20178 ; CHIRIGUANÁ ; Fija ; 24 ; Precipitación Líquida ; mm ; 0 
29/04/2011; CORPOCESAR ; ZM15 Chiriguaná ; Manual ; 9.363639 ; -73.607083 ; 20 ; CESAR ; 20178 ; CHIRIGUANÁ ; Fija ; 24 ; Precipitación Líquida ; mm ; 0 
30/04/2011; CORPOCESAR ; ZM15 Chiriguaná ; Manual ; 9.363639 ; -73.607083 ; 20 ; CESAR ; 20178 ; CHIRIGUANÁ ; Fija ; 24 ; Precipitación Líquida ; mm ; 11 
01/05/2011; CORPOCESAR ; ZM15 Chiriguaná ; Manual ; 9.363639 ; -73.607083 ; 20 ; CESAR ; 20178 ; CHIRIGUANÁ ; Fija ; 24 ; Precipitación Líquida ; mm ; 0 
02/05/2011; CORPOCESAR ; ZM15 Chiriguaná ; Manual ; 9.363639 ; -73.607083 ; 20 ; CESAR ; 20178 ; CHIRIGUANÁ ; Fija ; 24 ; Precipitación Líquida ; mm ; 0 
03/05/2011; CORPOCESAR ; ZM15 Chiriguaná ; Manual ; 9.363639 ; -73.607083 ; 20 ; CESAR ; 20178 ; CHIRIGUANÁ ; Fija ; 24 ; Precipitación Líquida ; mm ; 0 
04/05/2011; CORPOCESAR ; ZM15 Chiriguaná ; Manual ; 9.363639 ; -73.607083 ; 20 ; CESAR ; 20178 ; CHIRIGUANÁ ; Fija ; 24 ; Precipitación Líquida ; mm ; 5 
05/05/2011; CORPOCESAR ; ZM15 Chiriguaná ; Manual ; 9.363639 ; -73.607083 ; 20 ; CESAR ; 20178 ; CHIRIGUANÁ ; Fija ; 24 ; Precipitación Líquida ; mm ; 0 
06/05/2011; CORPOCESAR ; ZM15 Chiriguaná ; Manual ; 9.363639 ; -73.607083 ; 20 ; CESAR ; 20178 ; CHIRIGUANÁ ; Fija ; 24 ; Precipitación Líquida ; mm ; 0 
07/05/2011; CORPOCESAR ; ZM15 Chiriguaná ; Manual ; 9.363639 ; -73.607083 ; 20 ; CESAR ; 20178 ; CHIRIGUANÁ ; Fija ; 24 ; Precipitación Líquida ; mm ; 8 
08/05/2011; CORPOCESAR ; ZM15 Chiriguaná ; Manual ; 9.363639 ; -73.607083 ; 20 ; CESAR ; 20178 ; CHIRIGUANÁ ; Fija ; 24 ; Precipitación Líquida ; mm ; 0 
09/05/2011; CORPOCESAR ; ZM15 Chiriguaná ; Manual ; 9.363639 ; -73.607083 ; 20 ; CESAR ; 20178 ; CHIRIGUANÁ ; Fija ; 24 ; Precipitación Líquida ; mm ; 1 
10/05/2011; CORPOCESAR ; ZM15 Chiriguaná ; Manual ; 9.363639 ; -73.607083 ; 20 ; CESAR ; 20178 ; CHIRIGUANÁ ; Fija ; 24 ; Precipitación Líquida ; mm ; 1 
11/05/2011; CORPOCESAR ; ZM15 Chiriguaná ; Manual ; 9.363639 ; -73.607083 ; 20 ; CESAR ; 20178 ; CHIRIGUANÁ ; Fija ; 24 ; Precipitación Líquida ; mm ; 0 
12/05/2011; CORPOCESAR ; ZM15 Chiriguaná ; Manual ; 9.363639 ; -73.607083 ; 20 ; CESAR ; 20178 ; CHIRIGUANÁ ; Fija ; 24 ; Precipitación Líquida ; mm ; 0 
13/05/2011; CORPOCESAR ; ZM15 Chiriguaná ; Manual ; 9.363639 ; -73.607083 ; 20 ; CESAR ; 20178 ; CHIRIGUANÁ ; Fija ; 24 ; Precipitación Líquida ; mm ; 15 
14/05/2011; CORPOCESAR ; ZM15 Chiriguaná ; Manual ; 9.363639 ; -73.607083 ; 20 ; CESAR ; 20178 ; CHIRIGUANÁ ; Fija ; 24 ; Precipitación Líquida ; mm ; 8 
15/05/2011; CORPOCESAR ; ZM15 Chiriguaná ; Manual ; 9.363639 ; -73.607083 ; 20 ; CESAR ; 20178 ; CHIRIGUANÁ ; Fija ; 24 ; Precipitación Líquida ; mm ; 0 
16/05/2011; CORPOCESAR ; ZM15 Chiriguaná ; Manual ; 9.363639 ; -73.607083 ; 20 ; CESAR ; 20178 ; CHIRIGUANÁ ; Fija ; 24 ; Precipitación Líquida ; mm ; 9 
17/05/2011; CORPOCESAR ; ZM15 Chiriguaná ; Manual ; 9.363639 ; -73.607083 ; 20 ; CESAR ; 20178 ; CHIRIGUANÁ ; Fija ; 24 ; Precipitación Líquida ; mm ; 0 
18/05/2011; CORPOCESAR ; ZM15 Chiriguaná ; Manual ; 9.363639 ; -73.607083 ; 20 ; CESAR ; 20178 ; CHIRIGUANÁ ; Fija ; 24 ; Precipitación Líquida ; mm ; 0 
19/05/2011; CORPOCESAR ; ZM15 Chiriguaná ; Manual ; 9.363639 ; -73.607083 ; 20 ; CESAR ; 20178 ; CHIRIGUANÁ ; Fija ; 24 ; Precipitación Líquida ; mm ; 0 
20/05/2011; CORPOCESAR ; ZM15 Chiriguaná ; Manual ; 9.363639 ; -73.607083 ; 20 ; CESAR ; 20178 ; CHIRIGUANÁ ; Fija ; 24 ; Precipitación Líquida ; mm ; 0 
21/05/2011; CORPOCESAR ; ZM15 Chiriguaná ; Manual ; 9.363639 ; -73.607083 ; 20 ; CESAR ; 20178 ; CHIRIGUANÁ ; Fija ; 24 ; Precipitación Líquida ; mm ; 15 
22/05/2011; CORPOCESAR ; ZM15 Chiriguaná ; Manual ; 9.363639 ; -73.607083 ; 20 ; CESAR ; 20178 ; CHIRIGUANÁ ; Fija ; 24 ; Precipitación Líquida ; mm ; 4 
23/05/2011; CORPOCESAR ; ZM15 Chiriguaná ; Manual ; 9.363639 ; -73.607083 ; 20 ; CESAR ; 20178 ; CHIRIGUANÁ ; Fija ; 24 ; Precipitación Líquida ; mm ; 1 
24/05/2011; CORPOCESAR ; ZM15 Chiriguaná ; Manual ; 9.363639 ; -73.607083 ; 20 ; CESAR ; 20178 ; CHIRIGUANÁ ; Fija ; 24 ; Precipitación Líquida ; mm ; 6 
25/05/2011; CORPOCESAR ; ZM15 Chiriguaná ; Manual ; 9.363639 ; -73.607083 ; 20 ; CESAR ; 20178 ; CHIRIGUANÁ ; Fija ; 24 ; Precipitación Líquida ; mm ; 0 
26/05/2011; CORPOCESAR ; ZM15 Chiriguaná ; Manual ; 9.363639 ; -73.607083 ; 20 ; CESAR ; 20178 ; CHIRIGUANÁ ; Fija ; 24 ; Precipitación Líquida ; mm ; 10 
27/05/2011; CORPOCESAR ; ZM15 Chiriguaná ; Manual ; 9.363639 ; -73.607083 ; 20 ; CESAR ; 20178 ; CHIRIGUANÁ ; Fija ; 24 ; Precipitación Líquida ; mm ; 0 
28/05/2011; CORPOCESAR ; ZM15 Chiriguaná ; Manual ; 9.363639 ; -73.607083 ; 20 ; CESAR ; 20178 ; CHIRIGUANÁ ; Fija ; 24 ; Precipitación Líquida ; mm ; 0 
29/05/2011; CORPOCESAR ; ZM15 Chiriguaná ; Manual ; 9.363639 ; -73.607083 ; 20 ; CESAR ; 20178 ; CHIRIGUANÁ ; Fija ; 24 ; Precipitación Líquida ; mm ; 6 
30/05/2011; CORPOCESAR ; ZM15 Chiriguaná ; Manual ; 9.363639 ; -73.607083 ; 20 ; CESAR ; 20178 ; CHIRIGUANÁ ; Fija ; 24 ; Precipitación Líquida ; mm ; 0 
31/05/2011; CORPOCESAR ; ZM15 Chiriguaná ; Manual ; 9.363639 ; -73.607083 ; 20 ; CESAR ; 20178 ; CHIRIGUANÁ ; Fija ; 24 ; Precipitación Líquida ; mm ; 1 
01/06/2011; CORPOCESAR ; ZM15 Chiriguaná ; Manual ; 9.363639 ; -73.607083 ; 20 ; CESAR ; 20178 ; CHIRIGUANÁ ; Fija ; 24 ; Precipitación Líquida ; mm ; 1 
02/06/2011; CORPOCESAR ; ZM15 Chiriguaná ; Manual ; 9.363639 ; -73.607083 ; 20 ; CESAR ; 20178 ; CHIRIGUANÁ ; Fija ; 24 ; Precipitación Líquida ; mm ; 10 
03/06/2011; CORPOCESAR ; ZM15 Chiriguaná ; Manual ; 9.363639 ; -73.607083 ; 20 ; CESAR ; 20178 ; CHIRIGUANÁ ; Fija ; 24 ; Precipitación Líquida ; mm ; 1 
04/06/2011; CORPOCESAR ; ZM15 Chiriguaná ; Manual ; 9.363639 ; -73.607083 ; 20 ; CESAR ; 20178 ; CHIRIGUANÁ ; Fija ; 24 ; Precipitación Líquida ; mm ; 1 
05/06/2011; CORPOCESAR ; ZM15 Chiriguaná ; Manual ; 9.363639 ; -73.607083 ; 20 ; CESAR ; 20178 ; CHIRIGUANÁ ; Fija ; 24 ; Precipitación Líquida ; mm ; 4 
06/06/2011; CORPOCESAR ; ZM15 Chiriguaná ; Manual ; 9.363639 ; -73.607083 ; 20 ; CESAR ; 20178 ; CHIRIGUANÁ ; Fija ; 24 ; Precipitación Líquida ; mm ; 0 
07/06/2011; CORPOCESAR ; ZM15 Chiriguaná ; Manual ; 9.363639 ; -73.607083 ; 20 ; CESAR ; 20178 ; CHIRIGUANÁ ; Fija ; 24 ; Precipitación Líquida ; mm ; 1 
08/06/2011; CORPOCESAR ; ZM15 Chiriguaná ; Manual ; 9.363639 ; -73.607083 ; 20 ; CESAR ; 20178 ; CHIRIGUANÁ ; Fija ; 24 ; Precipitación Líquida ; mm ; 0 
09/06/2011; CORPOCESAR ; ZM15 Chiriguaná ; Manual ; 9.363639 ; -73.607083 ; 20 ; CESAR ; 20178 ; CHIRIGUANÁ ; Fija ; 24 ; Precipitación Líquida ; mm ; 0 
10/06/2011; CORPOCESAR ; ZM15 Chiriguaná ; Manual ; 9.363639 ; -73.607083 ; 20 ; CESAR ; 20178 ; CHIRIGUANÁ ; Fija ; 24 ; Precipitación Líquida ; mm ; 0 
11/06/2011; CORPOCESAR ; ZM15 Chiriguaná ; Manual ; 9.363639 ; -73.607083 ; 20 ; CESAR ; 20178 ; CHIRIGUANÁ ; Fija ; 24 ; Precipitación Líquida ; mm ; 0 
12/06/2011; CORPOCESAR ; ZM15 Chiriguaná ; Manual ; 9.363639 ; -73.607083 ; 20 ; CESAR ; 20178 ; CHIRIGUANÁ ; Fija ; 24 ; Precipitación Líquida ; mm ; 0 
13/06/2011; CORPOCESAR ; ZM15 Chiriguaná ; Manual ; 9.363639 ; -73.607083 ; 20 ; CESAR ; 20178 ; CHIRIGUANÁ ; Fija ; 24 ; Precipitación Líquida ; mm ; 0 
14/06/2011; CORPOCESAR ; ZM15 Chiriguaná ; Manual ; 9.363639 ; -73.607083 ; 20 ; CESAR ; 20178 ; CHIRIGUANÁ ; Fija ; 24 ; Precipitación Líquida ; mm ; 0 
15/06/2011; CORPOCESAR ; ZM15 Chiriguaná ; Manual ; 9.363639 ; -73.607083 ; 20 ; CESAR ; 20178 ; CHIRIGUANÁ ; Fija ; 24 ; Precipitación Líquida ; mm ; 33 
16/06/2011; CORPOCESAR ; ZM15 Chiriguaná ; Manual ; 9.363639 ; -73.607083 ; 20 ; CESAR ; 20178 ; CHIRIGUANÁ ; Fija ; 24 ; Precipitación Líquida ; mm ; 2 
17/06/2011; CORPOCESAR ; ZM15 Chiriguaná ; Manual ; 9.363639 ; -73.607083 ; 20 ; CESAR ; 20178 ; CHIRIGUANÁ ; Fija ; 24 ; Precipitación Líquida ; mm ; 0 
18/06/2011; CORPOCESAR ; ZM15 Chiriguaná ; Manual ; 9.363639 ; -73.607083 ; 20 ; CESAR ; 20178 ; CHIRIGUANÁ ; Fija ; 24 ; Precipitación Líquida ; mm ; 0 
19/06/2011; CORPOCESAR ; ZM15 Chiriguaná ; Manual ; 9.363639 ; -73.607083 ; 20 ; CESAR ; 20178 ; CHIRIGUANÁ ; Fija ; 24 ; Precipitación Líquida ; mm ; 10 
20/06/2011; CORPOCESAR ; ZM15 Chiriguaná ; Manual ; 9.363639 ; -73.607083 ; 20 ; CESAR ; 20178 ; CHIRIGUANÁ ; Fija ; 24 ; Precipitación Líquida ; mm ; 5 
21/06/2011; CORPOCESAR ; ZM15 Chiriguaná ; Manual ; 9.363639 ; -73.607083 ; 20 ; CESAR ; 20178 ; CHIRIGUANÁ ; Fija ; 24 ; Precipitación Líquida ; mm ; 0 
22/06/2011; CORPOCESAR ; ZM15 Chiriguaná ; Manual ; 9.363639 ; -73.607083 ; 20 ; CESAR ; 20178 ; CHIRIGUANÁ ; Fija ; 24 ; Precipitación Líquida ; mm ; 4 
23/06/2011; CORPOCESAR ; ZM15 Chiriguaná ; Manual ; 9.363639 ; -73.607083 ; 20 ; CESAR ; 20178 ; CHIRIGUANÁ ; Fija ; 24 ; Precipitación Líquida ; mm ; 1 
24/06/2011; CORPOCESAR ; ZM15 Chiriguaná ; Manual ; 9.363639 ; -73.607083 ; 20 ; CESAR ; 20178 ; CHIRIGUANÁ ; Fija ; 24 ; Precipitación Líquida ; mm ; 20 
25/06/2011; CORPOCESAR ; ZM15 Chiriguaná ; Manual ; 9.363639 ; -73.607083 ; 20 ; CESAR ; 20178 ; CHIRIGUANÁ ; Fija ; 24 ; Precipitación Líquida ; mm ; 5 
26/06/2011; CORPOCESAR ; ZM15 Chiriguaná ; Manual ; 9.363639 ; -73.607083 ; 20 ; CESAR ; 20178 ; CHIRIGUANÁ ; Fija ; 24 ; Precipitación Líquida ; mm ; 0 
27/06/2011; CORPOCESAR ; ZM15 Chiriguaná ; Manual ; 9.363639 ; -73.607083 ; 20 ; CESAR ; 20178 ; CHIRIGUANÁ ; Fija ; 24 ; Precipitación Líquida ; mm ; 0 
28/06/2011; CORPOCESAR ; ZM15 Chiriguaná ; Manual ; 9.363639 ; -73.607083 ; 20 ; CESAR ; 20178 ; CHIRIGUANÁ ; Fija ; 24 ; Precipitación Líquida ; mm ; 0 
29/06/2011; CORPOCESAR ; ZM15 Chiriguaná ; Manual ; 9.363639 ; -73.607083 ; 20 ; CESAR ; 20178 ; CHIRIGUANÁ ; Fija ; 24 ; Precipitación Líquida ; mm ; 0 
30/06/2011; CORPOCESAR ; ZM15 Chiriguaná ; Manual ; 9.363639 ; -73.607083 ; 20 ; CESAR ; 20178 ; CHIRIGUANÁ ; Fija ; 24 ; Precipitación Líquida ; mm ; 0 
01/07/2011; CORPOCESAR ; ZM15 Chiriguaná ; Manual ; 9.363639 ; -73.607083 ; 20 ; CESAR ; 20178 ; CHIRIGUANÁ ; Fija ; 24 ; Precipitación Líquida ; mm ; 0 
02/07/2011; CORPOCESAR ; ZM15 Chiriguaná ; Manual ; 9.363639 ; -73.607083 ; 20 ; CESAR ; 20178 ; CHIRIGUANÁ ; Fija ; 24 ; Precipitación Líquida ; mm ; 9 
03/07/2011; CORPOCESAR ; ZM15 Chiriguaná ; Manual ; 9.363639 ; -73.607083 ; 20 ; CESAR ; 20178 ; CHIRIGUANÁ ; Fija ; 24 ; Precipitación Líquida ; mm ; 17 
04/07/2011; CORPOCESAR ; ZM15 Chiriguaná ; Manual ; 9.363639 ; -73.607083 ; 20 ; CESAR ; 20178 ; CHIRIGUANÁ ; Fija ; 24 ; Precipitación Líquida ; mm ; 2 
05/07/2011; CORPOCESAR ; ZM15 Chiriguaná ; Manual ; 9.363639 ; -73.607083 ; 20 ; CESAR ; 20178 ; CHIRIGUANÁ ; Fija ; 24 ; Precipitación Líquida ; mm ; 0 
06/07/2011; CORPOCESAR ; ZM15 Chiriguaná ; Manual ; 9.363639 ; -73.607083 ; 20 ; CESAR ; 20178 ; CHIRIGUANÁ ; Fija ; 24 ; Precipitación Líquida ; mm ; 0 
07/07/2011; CORPOCESAR ; ZM15 Chiriguaná ; Manual ; 9.363639 ; -73.607083 ; 20 ; CESAR ; 20178 ; CHIRIGUANÁ ; Fija ; 24 ; Precipitación Líquida ; mm ; 6 
08/07/2011; CORPOCESAR ; ZM15 Chiriguaná ; Manual ; 9.363639 ; -73.607083 ; 20 ; CESAR ; 20178 ; CHIRIGUANÁ ; Fija ; 24 ; Precipitación Líquida ; mm ; 0 
09/07/2011; CORPOCESAR ; ZM15 Chiriguaná ; Manual ; 9.363639 ; -73.607083 ; 20 ; CESAR ; 20178 ; CHIRIGUANÁ ; Fija ; 24 ; Precipitación Líquida ; mm ; 0 
10/07/2011; CORPOCESAR ; ZM15 Chiriguaná ; Manual ; 9.363639 ; -73.607083 ; 20 ; CESAR ; 20178 ; CHIRIGUANÁ ; Fija ; 24 ; Precipitación Líquida ; mm ; 0 
11/07/2011; CORPOCESAR ; ZM15 Chiriguaná ; Manual ; 9.363639 ; -73.607083 ; 20 ; CESAR ; 20178 ; CHIRIGUANÁ ; Fija ; 24 ; Precipitación Líquida ; mm ; 2 
12/07/2011; CORPOCESAR ; ZM15 Chiriguaná ; Manual ; 9.363639 ; -73.607083 ; 20 ; CESAR ; 20178 ; CHIRIGUANÁ ; Fija ; 24 ; Precipitación Líquida ; mm ; 25 
13/07/2011; CORPOCESAR ; ZM15 Chiriguaná ; Manual ; 9.363639 ; -73.607083 ; 20 ; CESAR ; 20178 ; CHIRIGUANÁ ; Fija ; 24 ; Precipitación Líquida ; mm ; 89 
14/07/2011; CORPOCESAR ; ZM15 Chiriguaná ; Manual ; 9.363639 ; -73.607083 ; 20 ; CESAR ; 20178 ; CHIRIGUANÁ ; Fija ; 24 ; Precipitación Líquida ; mm ; 0 
15/07/2011; CORPOCESAR ; ZM15 Chiriguaná ; Manual ; 9.363639 ; -73.607083 ; 20 ; CESAR ; 20178 ; CHIRIGUANÁ ; Fija ; 24 ; Precipitación Líquida ; mm ; 0 
16/07/2011; CORPOCESAR ; ZM15 Chiriguaná ; Manual ; 9.363639 ; -73.607083 ; 20 ; CESAR ; 20178 ; CHIRIGUANÁ ; Fija ; 24 ; Precipitación Líquida ; mm ; 0 
17/07/2011; CORPOCESAR ; ZM15 Chiriguaná ; Manual ; 9.363639 ; -73.607083 ; 20 ; CESAR ; 20178 ; CHIRIGUANÁ ; Fija ; 24 ; Precipitación Líquida ; mm ; 0 
18/07/2011; CORPOCESAR ; ZM15 Chiriguaná ; Manual ; 9.363639 ; -73.607083 ; 20 ; CESAR ; 20178 ; CHIRIGUANÁ ; Fija ; 24 ; Precipitación Líquida ; mm ; 5 
19/07/2011; CORPOCESAR ; ZM15 Chiriguaná ; Manual ; 9.363639 ; -73.607083 ; 20 ; CESAR ; 20178 ; CHIRIGUANÁ ; Fija ; 24 ; Precipitación Líquida ; mm ; 0 
20/07/2011; CORPOCESAR ; ZM15 Chiriguaná ; Manual ; 9.363639 ; -73.607083 ; 20 ; CESAR ; 20178 ; CHIRIGUANÁ ; Fija ; 24 ; Precipitación Líquida ; mm ; 0 
21/07/2011; CORPOCESAR ; ZM15 Chiriguaná ; Manual ; 9.363639 ; -73.607083 ; 20 ; CESAR ; 20178 ; CHIRIGUANÁ ; Fija ; 24 ; Precipitación Líquida ; mm ; 2 
22/07/2011; CORPOCESAR ; ZM15 Chiriguaná ; Manual ; 9.363639 ; -73.607083 ; 20 ; CESAR ; 20178 ; CHIRIGUANÁ ; Fija ; 24 ; Precipitación Líquida ; mm ; 0 
23/07/2011; CORPOCESAR ; ZM15 Chiriguaná ; Manual ; 9.363639 ; -73.607083 ; 20 ; CESAR ; 20178 ; CHIRIGUANÁ ; Fija ; 24 ; Precipitación Líquida ; mm ; 0 
24/07/2011; CORPOCESAR ; ZM15 Chiriguaná ; Manual ; 9.363639 ; -73.607083 ; 20 ; CESAR ; 20178 ; CHIRIGUANÁ ; Fija ; 24 ; Precipitación Líquida ; mm ; 0 
25/07/2011; CORPOCESAR ; ZM15 Chiriguaná ; Manual ; 9.363639 ; -73.607083 ; 20 ; CESAR ; 20178 ; CHIRIGUANÁ ; Fija ; 24 ; Precipitación Líquida ; mm ; 0 
26/07/2011; CORPOCESAR ; ZM15 Chiriguaná ; Manual ; 9.363639 ; -73.607083 ; 20 ; CESAR ; 20178 ; CHIRIGUANÁ ; Fija ; 24 ; Precipitación Líquida ; mm ; 1 
27/07/2011; CORPOCESAR ; ZM15 Chiriguaná ; Manual ; 9.363639 ; -73.607083 ; 20 ; CESAR ; 20178 ; CHIRIGUANÁ ; Fija ; 24 ; Precipitación Líquida ; mm ; 0 
28/07/2011; CORPOCESAR ; ZM15 Chiriguaná ; Manual ; 9.363639 ; -73.607083 ; 20 ; CESAR ; 20178 ; CHIRIGUANÁ ; Fija ; 24 ; Precipitación Líquida ; mm ; 11 
29/07/2011; CORPOCESAR ; ZM15 Chiriguaná ; Manual ; 9.363639 ; -73.607083 ; 20 ; CESAR ; 20178 ; CHIRIGUANÁ ; Fija ; 24 ; Precipitación Líquida ; mm ; 9 
30/07/2011; CORPOCESAR ; ZM15 Chiriguaná ; Manual ; 9.363639 ; -73.607083 ; 20 ; CESAR ; 20178 ; CHIRIGUANÁ ; Fija ; 24 ; Precipitación Líquida ; mm ; 67 
31/07/2011; CORPOCESAR ; ZM15 Chiriguaná ; Manual ; 9.363639 ; -73.607083 ; 20 ; CESAR ; 20178 ; CHIRIGUANÁ ; Fija ; 24 ; Precipitación Líquida ; mm ; 0 
01/08/2011; CORPOCESAR ; ZM15 Chiriguaná ; Manual ; 9.363639 ; -73.607083 ; 20 ; CESAR ; 20178 ; CHIRIGUANÁ ; Fija ; 24 ; Precipitación Líquida ; mm ; 0 
18/08/2011; CORPOCESAR ; ZM15 Chiriguaná ; Manual ; 9.363639 ; -73.607083 ; 20 ; CESAR ; 20178 ; CHIRIGUANÁ ; Fija ; 24 ; Precipitación Líquida ; mm ; 16 
19/08/2011; CORPOCESAR ; ZM15 Chiriguaná ; Manual ; 9.363639 ; -73.607083 ; 20 ; CESAR ; 20178 ; CHIRIGUANÁ ; Fija ; 24 ; Precipitación Líquida ; mm ; 6 
20/08/2011; CORPOCESAR ; ZM15 Chiriguaná ; Manual ; 9.363639 ; -73.607083 ; 20 ; CESAR ; 20178 ; CHIRIGUANÁ ; Fija ; 24 ; Precipitación Líquida ; mm ; 4 
21/08/2011; CORPOCESAR ; ZM15 Chiriguaná ; Manual ; 9.363639 ; -73.607083 ; 20 ; CESAR ; 20178 ; CHIRIGUANÁ ; Fija ; 24 ; Precipitación Líquida ; mm ; 0 
22/08/2011; CORPOCESAR ; ZM15 Chiriguaná ; Manual ; 9.363639 ; -73.607083 ; 20 ; CESAR ; 20178 ; CHIRIGUANÁ ; Fija ; 24 ; Precipitación Líquida ; mm ; 0 
23/08/2011; CORPOCESAR ; ZM15 Chiriguaná ; Manual ; 9.363639 ; -73.607083 ; 20 ; CESAR ; 20178 ; CHIRIGUANÁ ; Fija ; 24 ; Precipitación Líquida ; mm ; 32 
24/08/2011; CORPOCESAR ; ZM15 Chiriguaná ; Manual ; 9.363639 ; -73.607083 ; 20 ; CESAR ; 20178 ; CHIRIGUANÁ ; Fija ; 24 ; Precipitación Líquida ; mm ; 0 
25/08/2011; CORPOCESAR ; ZM15 Chiriguaná ; Manual ; 9.363639 ; -73.607083 ; 20 ; CESAR ; 20178 ; CHIRIGUANÁ ; Fija ; 24 ; Precipitación Líquida ; mm ; 0 
26/08/2011; CORPOCESAR ; ZM15 Chiriguaná ; Manual ; 9.363639 ; -73.607083 ; 20 ; CESAR ; 20178 ; CHIRIGUANÁ ; Fija ; 24 ; Precipitación Líquida ; mm ; 21 
27/08/2011; CORPOCESAR ; ZM15 Chiriguaná ; Manual ; 9.363639 ; -73.607083 ; 20 ; CESAR ; 20178 ; CHIRIGUANÁ ; Fija ; 24 ; Precipitación Líquida ; mm ; 0 
28/08/2011; CORPOCESAR ; ZM15 Chiriguaná ; Manual ; 9.363639 ; -73.607083 ; 20 ; CESAR ; 20178 ; CHIRIGUANÁ ; Fija ; 24 ; Precipitación Líquida ; mm ; 7 
29/08/2011; CORPOCESAR ; ZM15 Chiriguaná ; Manual ; 9.363639 ; -73.607083 ; 20 ; CESAR ; 20178 ; CHIRIGUANÁ ; Fija ; 24 ; Precipitación Líquida ; mm ; 0 
30/08/2011; CORPOCESAR ; ZM15 Chiriguaná ; Manual ; 9.363639 ; -73.607083 ; 20 ; CESAR ; 20178 ; CHIRIGUANÁ ; Fija ; 24 ; Precipitación Líquida ; mm ; 0 
31/08/2011; CORPOCESAR ; ZM15 Chiriguaná ; Manual ; 9.363639 ; -73.607083 ; 20 ; CESAR ; 20178 ; CHIRIGUANÁ ; Fija ; 24 ; Precipitación Líquida ; mm ; 0 
01/09/2011; CORPOCESAR ; ZM15 Chiriguaná ; Manual ; 9.363639 ; -73.607083 ; 20 ; CESAR ; 20178 ; CHIRIGUANÁ ; Fija ; 24 ; Precipitación Líquida ; mm ; 3 
02/09/2011; CORPOCESAR ; ZM15 Chiriguaná ; Manual ; 9.363639 ; -73.607083 ; 20 ; CESAR ; 20178 ; CHIRIGUANÁ ; Fija ; 24 ; Precipitación Líquida ; mm ; 0 
03/09/2011; CORPOCESAR ; ZM15 Chiriguaná ; Manual ; 9.363639 ; -73.607083 ; 20 ; CESAR ; 20178 ; CHIRIGUANÁ ; Fija ; 24 ; Precipitación Líquida ; mm ; 5 
04/09/2011; CORPOCESAR ; ZM15 Chiriguaná ; Manual ; 9.363639 ; -73.607083 ; 20 ; CESAR ; 20178 ; CHIRIGUANÁ ; Fija ; 24 ; Precipitación Líquida ; mm ; 0 
05/09/2011; CORPOCESAR ; ZM15 Chiriguaná ; Manual ; 9.363639 ; -73.607083 ; 20 ; CESAR ; 20178 ; CHIRIGUANÁ ; Fija ; 24 ; Precipitación Líquida ; mm ; 0 
06/09/2011; CORPOCESAR ; ZM15 Chiriguaná ; Manual ; 9.363639 ; -73.607083 ; 20 ; CESAR ; 20178 ; CHIRIGUANÁ ; Fija ; 24 ; Precipitación Líquida ; mm ; 0 
07/09/2011; CORPOCESAR ; ZM15 Chiriguaná ; Manual ; 9.363639 ; -73.607083 ; 20 ; CESAR ; 20178 ; CHIRIGUANÁ ; Fija ; 24 ; Precipitación Líquida ; mm ; 0 
08/09/2011; CORPOCESAR ; ZM15 Chiriguaná ; Manual ; 9.363639 ; -73.607083 ; 20 ; CESAR ; 20178 ; CHIRIGUANÁ ; Fija ; 24 ; Precipitación Líquida ; mm ; 39 
09/09/2011; CORPOCESAR ; ZM15 Chiriguaná ; Manual ; 9.363639 ; -73.607083 ; 20 ; CESAR ; 20178 ; CHIRIGUANÁ ; Fija ; 24 ; Precipitación Líquida ; mm ; 7 
10/09/2011; CORPOCESAR ; ZM15 Chiriguaná ; Manual ; 9.363639 ; -73.607083 ; 20 ; CESAR ; 20178 ; CHIRIGUANÁ ; Fija ; 24 ; Precipitación Líquida ; mm ; 17 
11/09/2011; CORPOCESAR ; ZM15 Chiriguaná ; Manual ; 9.363639 ; -73.607083 ; 20 ; CESAR ; 20178 ; CHIRIGUANÁ ; Fija ; 24 ; Precipitación Líquida ; mm ; 7 
12/09/2011; CORPOCESAR ; ZM15 Chiriguaná ; Manual ; 9.363639 ; -73.607083 ; 20 ; CESAR ; 20178 ; CHIRIGUANÁ ; Fija ; 24 ; Precipitación Líquida ; mm ; 0 
13/09/2011; CORPOCESAR ; ZM15 Chiriguaná ; Manual ; 9.363639 ; -73.607083 ; 20 ; CESAR ; 20178 ; CHIRIGUANÁ ; Fija ; 24 ; Precipitación Líquida ; mm ; 0 
14/09/2011; CORPOCESAR ; ZM15 Chiriguaná ; Manual ; 9.363639 ; -73.607083 ; 20 ; CESAR ; 20178 ; CHIRIGUANÁ ; Fija ; 24 ; Precipitación Líquida ; mm ; 0 
15/09/2011; CORPOCESAR ; ZM15 Chiriguaná ; Manual ; 9.363639 ; -73.607083 ; 20 ; CESAR ; 20178 ; CHIRIGUANÁ ; Fija ; 24 ; Precipitación Líquida ; mm ; 0 
16/09/2011; CORPOCESAR ; ZM15 Chiriguaná ; Manual ; 9.363639 ; -73.607083 ; 20 ; CESAR ; 20178 ; CHIRIGUANÁ ; Fija ; 24 ; Precipitación Líquida ; mm ; 0 
17/09/2011; CORPOCESAR ; ZM15 Chiriguaná ; Manual ; 9.363639 ; -73.607083 ; 20 ; CESAR ; 20178 ; CHIRIGUANÁ ; Fija ; 24 ; Precipitación Líquida ; mm ; 8 
18/09/2011; CORPOCESAR ; ZM15 Chiriguaná ; Manual ; 9.363639 ; -73.607083 ; 20 ; CESAR ; 20178 ; CHIRIGUANÁ ; Fija ; 24 ; Precipitación Líquida ; mm ; 21 
19/09/2011; CORPOCESAR ; ZM15 Chiriguaná ; Manual ; 9.363639 ; -73.607083 ; 20 ; CESAR ; 20178 ; CHIRIGUANÁ ; Fija ; 24 ; Precipitación Líquida ; mm ; 10 
20/09/2011; CORPOCESAR ; ZM15 Chiriguaná ; Manual ; 9.363639 ; -73.607083 ; 20 ; CESAR ; 20178 ; CHIRIGUANÁ ; Fija ; 24 ; Precipitación Líquida ; mm ; 22 
21/09/2011; CORPOCESAR ; ZM15 Chiriguaná ; Manual ; 9.363639 ; -73.607083 ; 20 ; CESAR ; 20178 ; CHIRIGUANÁ ; Fija ; 24 ; Precipitación Líquida ; mm ; 0 
22/09/2011; CORPOCESAR ; ZM15 Chiriguaná ; Manual ; 9.363639 ; -73.607083 ; 20 ; CESAR ; 20178 ; CHIRIGUANÁ ; Fija ; 24 ; Precipitación Líquida ; mm ; 0 
23/09/2011; CORPOCESAR ; ZM15 Chiriguaná ; Manual ; 9.363639 ; -73.607083 ; 20 ; CESAR ; 20178 ; CHIRIGUANÁ ; Fija ; 24 ; Precipitación Líquida ; mm ; 0 
24/09/2011; CORPOCESAR ; ZM15 Chiriguaná ; Manual ; 9.363639 ; -73.607083 ; 20 ; CESAR ; 20178 ; CHIRIGUANÁ ; Fija ; 24 ; Precipitación Líquida ; mm ; 0 
25/09/2011; CORPOCESAR ; ZM15 Chiriguaná ; Manual ; 9.363639 ; -73.607083 ; 20 ; CESAR ; 20178 ; CHIRIGUANÁ ; Fija ; 24 ; Precipitación Líquida ; mm ; 0 
26/09/2011; CORPOCESAR ; ZM15 Chiriguaná ; Manual ; 9.363639 ; -73.607083 ; 20 ; CESAR ; 20178 ; CHIRIGUANÁ ; Fija ; 24 ; Precipitación Líquida ; mm ; 42 
27/09/2011; CORPOCESAR ; ZM15 Chiriguaná ; Manual ; 9.363639 ; -73.607083 ; 20 ; CESAR ; 20178 ; CHIRIGUANÁ ; Fija ; 24 ; Precipitación Líquida ; mm ; 0 
28/09/2011; CORPOCESAR ; ZM15 Chiriguaná ; Manual ; 9.363639 ; -73.607083 ; 20 ; CESAR ; 20178 ; CHIRIGUANÁ ; Fija ; 24 ; Precipitación Líquida ; mm ; 0 
29/09/2011; CORPOCESAR ; ZM15 Chiriguaná ; Manual ; 9.363639 ; -73.607083 ; 20 ; CESAR ; 20178 ; CHIRIGUANÁ ; Fija ; 24 ; Precipitación Líquida ; mm ; 0 
30/09/2011; CORPOCESAR ; ZM15 Chiriguaná ; Manual ; 9.363639 ; -73.607083 ; 20 ; CESAR ; 20178 ; CHIRIGUANÁ ; Fija ; 24 ; Precipitación Líquida ; mm ; 36 
01/10/2011; CORPOCESAR ; ZM15 Chiriguaná ; Manual ; 9.363639 ; -73.607083 ; 20 ; CESAR ; 20178 ; CHIRIGUANÁ ; Fija ; 24 ; Precipitación Líquida ; mm ; 0 
02/10/2011; CORPOCESAR ; ZM15 Chiriguaná ; Manual ; 9.363639 ; -73.607083 ; 20 ; CESAR ; 20178 ; CHIRIGUANÁ ; Fija ; 24 ; Precipitación Líquida ; mm ; 0 
03/10/2011; CORPOCESAR ; ZM15 Chiriguaná ; Manual ; 9.363639 ; -73.607083 ; 20 ; CESAR ; 20178 ; CHIRIGUANÁ ; Fija ; 24 ; Precipitación Líquida ; mm ; 0 
04/10/2011; CORPOCESAR ; ZM15 Chiriguaná ; Manual ; 9.363639 ; -73.607083 ; 20 ; CESAR ; 20178 ; CHIRIGUANÁ ; Fija ; 24 ; Precipitación Líquida ; mm ; 2 
05/10/2011; CORPOCESAR ; ZM15 Chiriguaná ; Manual ; 9.363639 ; -73.607083 ; 20 ; CESAR ; 20178 ; CHIRIGUANÁ ; Fija ; 24 ; Precipitación Líquida ; mm ; 0 
06/10/2011; CORPOCESAR ; ZM15 Chiriguaná ; Manual ; 9.363639 ; -73.607083 ; 20 ; CESAR ; 20178 ; CHIRIGUANÁ ; Fija ; 24 ; Precipitación Líquida ; mm ; 25 
07/10/2011; CORPOCESAR ; ZM15 Chiriguaná ; Manual ; 9.363639 ; -73.607083 ; 20 ; CESAR ; 20178 ; CHIRIGUANÁ ; Fija ; 24 ; Precipitación Líquida ; mm ; 0 
08/10/2011; CORPOCESAR ; ZM15 Chiriguaná ; Manual ; 9.363639 ; -73.607083 ; 20 ; CESAR ; 20178 ; CHIRIGUANÁ ; Fija ; 24 ; Precipitación Líquida ; mm ; 6 
09/10/2011; CORPOCESAR ; ZM15 Chiriguaná ; Manual ; 9.363639 ; -73.607083 ; 20 ; CESAR ; 20178 ; CHIRIGUANÁ ; Fija ; 24 ; Precipitación Líquida ; mm ; 6 
10/10/2011; CORPOCESAR ; ZM15 Chiriguaná ; Manual ; 9.363639 ; -73.607083 ; 20 ; CESAR ; 20178 ; CHIRIGUANÁ ; Fija ; 24 ; Precipitación Líquida ; mm ; 8 
11/10/2011; CORPOCESAR ; ZM15 Chiriguaná ; Manual ; 9.363639 ; -73.607083 ; 20 ; CESAR ; 20178 ; CHIRIGUANÁ ; Fija ; 24 ; Precipitación Líquida ; mm ; 25 
12/10/2011; CORPOCESAR ; ZM15 Chiriguaná ; Manual ; 9.363639 ; -73.607083 ; 20 ; CESAR ; 20178 ; CHIRIGUANÁ ; Fija ; 24 ; Precipitación Líquida ; mm ; 33 
13/10/2011; CORPOCESAR ; ZM15 Chiriguaná ; Manual ; 9.363639 ; -73.607083 ; 20 ; CESAR ; 20178 ; CHIRIGUANÁ ; Fija ; 24 ; Precipitación Líquida ; mm ; 28 
14/10/2011; CORPOCESAR ; ZM15 Chiriguaná ; Manual ; 9.363639 ; -73.607083 ; 20 ; CESAR ; 20178 ; CHIRIGUANÁ ; Fija ; 24 ; Precipitación Líquida ; mm ; 34 
15/10/2011; CORPOCESAR ; ZM15 Chiriguaná ; Manual ; 9.363639 ; -73.607083 ; 20 ; CESAR ; 20178 ; CHIRIGUANÁ ; Fija ; 24 ; Precipitación Líquida ; mm ; 67 
16/10/2011; CORPOCESAR ; ZM15 Chiriguaná ; Manual ; 9.363639 ; -73.607083 ; 20 ; CESAR ; 20178 ; CHIRIGUANÁ ; Fija ; 24 ; Precipitación Líquida ; mm ; 39 
17/10/2011; CORPOCESAR ; ZM15 Chiriguaná ; Manual ; 9.363639 ; -73.607083 ; 20 ; CESAR ; 20178 ; CHIRIGUANÁ ; Fija ; 24 ; Precipitación Líquida ; mm ; 22 
18/10/2011; CORPOCESAR ; ZM15 Chiriguaná ; Manual ; 9.363639 ; -73.607083 ; 20 ; CESAR ; 20178 ; CHIRIGUANÁ ; Fija ; 24 ; Precipitación Líquida ; mm ; 41 
19/10/2011; CORPOCESAR ; ZM15 Chiriguaná ; Manual ; 9.363639 ; -73.607083 ; 20 ; CESAR ; 20178 ; CHIRIGUANÁ ; Fija ; 24 ; Precipitación Líquida ; mm ; 1 
20/10/2011; CORPOCESAR ; ZM15 Chiriguaná ; Manual ; 9.363639 ; -73.607083 ; 20 ; CESAR ; 20178 ; CHIRIGUANÁ ; Fija ; 24 ; Precipitación Líquida ; mm ; 22 
21/10/2011; CORPOCESAR ; ZM15 Chiriguaná ; Manual ; 9.363639 ; -73.607083 ; 20 ; CESAR ; 20178 ; CHIRIGUANÁ ; Fija ; 24 ; Precipitación Líquida ; mm ; 0 
22/10/2011; CORPOCESAR ; ZM15 Chiriguaná ; Manual ; 9.363639 ; -73.607083 ; 20 ; CESAR ; 20178 ; CHIRIGUANÁ ; Fija ; 24 ; Precipitación Líquida ; mm ; 0 
23/10/2011; CORPOCESAR ; ZM15 Chiriguaná ; Manual ; 9.363639 ; -73.607083 ; 20 ; CESAR ; 20178 ; CHIRIGUANÁ ; Fija ; 24 ; Precipitación Líquida ; mm ; 0 
24/10/2011; CORPOCESAR ; ZM15 Chiriguaná ; Manual ; 9.363639 ; -73.607083 ; 20 ; CESAR ; 20178 ; CHIRIGUANÁ ; Fija ; 24 ; Precipitación Líquida ; mm ; 1 
25/10/2011; CORPOCESAR ; ZM15 Chiriguaná ; Manual ; 9.363639 ; -73.607083 ; 20 ; CESAR ; 20178 ; CHIRIGUANÁ ; Fija ; 24 ; Precipitación Líquida ; mm ; 0 
26/10/2011; CORPOCESAR ; ZM15 Chiriguaná ; Manual ; 9.363639 ; -73.607083 ; 20 ; CESAR ; 20178 ; CHIRIGUANÁ ; Fija ; 24 ; Precipitación Líquida ; mm ; 1 
27/10/2011; CORPOCESAR ; ZM15 Chiriguaná ; Manual ; 9.363639 ; -73.607083 ; 20 ; CESAR ; 20178 ; CHIRIGUANÁ ; Fija ; 24 ; Precipitación Líquida ; mm ; 1 
28/10/2011; CORPOCESAR ; ZM15 Chiriguaná ; Manual ; 9.363639 ; -73.607083 ; 20 ; CESAR ; 20178 ; CHIRIGUANÁ ; Fija ; 24 ; Precipitación Líquida ; mm ; 1 
29/10/2011; CORPOCESAR ; ZM15 Chiriguaná ; Manual ; 9.363639 ; -73.607083 ; 20 ; CESAR ; 20178 ; CHIRIGUANÁ ; Fija ; 24 ; Precipitación Líquida ; mm ; 0 
30/10/2011; CORPOCESAR ; ZM15 Chiriguaná ; Manual ; 9.363639 ; -73.607083 ; 20 ; CESAR ; 20178 ; CHIRIGUANÁ ; Fija ; 24 ; Precipitación Líquida ; mm ; 83 
31/10/2011; CORPOCESAR ; ZM15 Chiriguaná ; Manual ; 9.363639 ; -73.607083 ; 20 ; CESAR ; 20178 ; CHIRIGUANÁ ; Fija ; 24 ; Precipitación Líquida ; mm ; 0 
01/11/2011; CORPOCESAR ; ZM15 Chiriguaná ; Manual ; 9.363639 ; -73.607083 ; 20 ; CESAR ; 20178 ; CHIRIGUANÁ ; Fija ; 24 ; Precipitación Líquida ; mm ; 0 
02/11/2011; CORPOCESAR ; ZM15 Chiriguaná ; Manual ; 9.363639 ; -73.607083 ; 20 ; CESAR ; 20178 ; CHIRIGUANÁ ; Fija ; 24 ; Precipitación Líquida ; mm ; 0 
03/11/2011; CORPOCESAR ; ZM15 Chiriguaná ; Manual ; 9.363639 ; -73.607083 ; 20 ; CESAR ; 20178 ; CHIRIGUANÁ ; Fija ; 24 ; Precipitación Líquida ; mm ; 0 
04/11/2011; CORPOCESAR ; ZM15 Chiriguaná ; Manual ; 9.363639 ; -73.607083 ; 20 ; CESAR ; 20178 ; CHIRIGUANÁ ; Fija ; 24 ; Precipitación Líquida ; mm ; 0 
05/11/2011; CORPOCESAR ; ZM15 Chiriguaná ; Manual ; 9.363639 ; -73.607083 ; 20 ; CESAR ; 20178 ; CHIRIGUANÁ ; Fija ; 24 ; Precipitación Líquida ; mm ; 0 
06/11/2011; CORPOCESAR ; ZM15 Chiriguaná ; Manual ; 9.363639 ; -73.607083 ; 20 ; CESAR ; 20178 ; CHIRIGUANÁ ; Fija ; 24 ; Precipitación Líquida ; mm ; 0 
07/11/2011; CORPOCESAR ; ZM15 Chiriguaná ; Manual ; 9.363639 ; -73.607083 ; 20 ; CESAR ; 20178 ; CHIRIGUANÁ ; Fija ; 24 ; Precipitación Líquida ; mm ; 0 
08/11/2011; CORPOCESAR ; ZM15 Chiriguaná ; Manual ; 9.363639 ; -73.607083 ; 20 ; CESAR ; 20178 ; CHIRIGUANÁ ; Fija ; 24 ; Precipitación Líquida ; mm ; 20 
09/11/2011; CORPOCESAR ; ZM15 Chiriguaná ; Manual ; 9.363639 ; -73.607083 ; 20 ; CESAR ; 20178 ; CHIRIGUANÁ ; Fija ; 24 ; Precipitación Líquida ; mm ; 71 
10/11/2011; CORPOCESAR ; ZM15 Chiriguaná ; Manual ; 9.363639 ; -73.607083 ; 20 ; CESAR ; 20178 ; CHIRIGUANÁ ; Fija ; 24 ; Precipitación Líquida ; mm ; 18 
11/11/2011; CORPOCESAR ; ZM15 Chiriguaná ; Manual ; 9.363639 ; -73.607083 ; 20 ; CESAR ; 20178 ; CHIRIGUANÁ ; Fija ; 24 ; Precipitación Líquida ; mm ; 7 
12/11/2011; CORPOCESAR ; ZM15 Chiriguaná ; Manual ; 9.363639 ; -73.607083 ; 20 ; CESAR ; 20178 ; CHIRIGUANÁ ; Fija ; 24 ; Precipitación Líquida ; mm ; 8 
13/11/2011; CORPOCESAR ; ZM15 Chiriguaná ; Manual ; 9.363639 ; -73.607083 ; 20 ; CESAR ; 20178 ; CHIRIGUANÁ ; Fija ; 24 ; Precipitación Líquida ; mm ; 7 
14/11/2011; CORPOCESAR ; ZM15 Chiriguaná ; Manual ; 9.363639 ; -73.607083 ; 20 ; CESAR ; 20178 ; CHIRIGUANÁ ; Fija ; 24 ; Precipitación Líquida ; mm ; 2 
15/11/2011; CORPOCESAR ; ZM15 Chiriguaná ; Manual ; 9.363639 ; -73.607083 ; 20 ; CESAR ; 20178 ; CHIRIGUANÁ ; Fija ; 24 ; Precipitación Líquida ; mm ; 0 
16/11/2011; CORPOCESAR ; ZM15 Chiriguaná ; Manual ; 9.363639 ; -73.607083 ; 20 ; CESAR ; 20178 ; CHIRIGUANÁ ; Fija ; 24 ; Precipitación Líquida ; mm ; 8 
17/11/2011; CORPOCESAR ; ZM15 Chiriguaná ; Manual ; 9.363639 ; -73.607083 ; 20 ; CESAR ; 20178 ; CHIRIGUANÁ ; Fija ; 24 ; Precipitación Líquida ; mm ; 1 
18/11/2011; CORPOCESAR ; ZM15 Chiriguaná ; Manual ; 9.363639 ; -73.607083 ; 20 ; CESAR ; 20178 ; CHIRIGUANÁ ; Fija ; 24 ; Precipitación Líquida ; mm ; 3 
19/11/2011; CORPOCESAR ; ZM15 Chiriguaná ; Manual ; 9.363639 ; -73.607083 ; 20 ; CESAR ; 20178 ; CHIRIGUANÁ ; Fija ; 24 ; Precipitación Líquida ; mm ; 90 
20/11/2011; CORPOCESAR ; ZM15 Chiriguaná ; Manual ; 9.363639 ; -73.607083 ; 20 ; CESAR ; 20178 ; CHIRIGUANÁ ; Fija ; 24 ; Precipitación Líquida ; mm ; 66 
21/11/2011; CORPOCESAR ; ZM15 Chiriguaná ; Manual ; 9.363639 ; -73.607083 ; 20 ; CESAR ; 20178 ; CHIRIGUANÁ ; Fija ; 24 ; Precipitación Líquida ; mm ; 7 
22/11/2011; CORPOCESAR ; ZM15 Chiriguaná ; Manual ; 9.363639 ; -73.607083 ; 20 ; CESAR ; 20178 ; CHIRIGUANÁ ; Fija ; 24 ; Precipitación Líquida ; mm ; 0 
23/11/2011; CORPOCESAR ; ZM15 Chiriguaná ; Manual ; 9.363639 ; -73.607083 ; 20 ; CESAR ; 20178 ; CHIRIGUANÁ ; Fija ; 24 ; Precipitación Líquida ; mm ; 0 
24/11/2011; CORPOCESAR ; ZM15 Chiriguaná ; Manual ; 9.363639 ; -73.607083 ; 20 ; CESAR ; 20178 ; CHIRIGUANÁ ; Fija ; 24 ; Precipitación Líquida ; mm ; 0 
25/11/2011; CORPOCESAR ; ZM15 Chiriguaná ; Manual ; 9.363639 ; -73.607083 ; 20 ; CESAR ; 20178 ; CHIRIGUANÁ ; Fija ; 24 ; Precipitación Líquida ; mm ; 0 
26/11/2011; CORPOCESAR ; ZM15 Chiriguaná ; Manual ; 9.363639 ; -73.607083 ; 20 ; CESAR ; 20178 ; CHIRIGUANÁ ; Fija ; 24 ; Precipitación Líquida ; mm ; 52 
27/11/2011; CORPOCESAR ; ZM15 Chiriguaná ; Manual ; 9.363639 ; -73.607083 ; 20 ; CESAR ; 20178 ; CHIRIGUANÁ ; Fija ; 24 ; Precipitación Líquida ; mm ; 0 
28/11/2011; CORPOCESAR ; ZM15 Chiriguaná ; Manual ; 9.363639 ; -73.607083 ; 20 ; CESAR ; 20178 ; CHIRIGUANÁ ; Fija ; 24 ; Precipitación Líquida ; mm ; 28 
29/11/2011; CORPOCESAR ; ZM15 Chiriguaná ; Manual ; 9.363639 ; -73.607083 ; 20 ; CESAR ; 20178 ; CHIRIGUANÁ ; Fija ; 24 ; Precipitación Líquida ; mm ; 0 
30/11/2011; CORPOCESAR ; ZM15 Chiriguaná ; Manual ; 9.363639 ; -73.607083 ; 20 ; CESAR ; 20178 ; CHIRIGUANÁ ; Fija ; 24 ; Precipitación Líquida ; mm ; 0 
01/12/2011; CORPOCESAR ; ZM15 Chiriguaná ; Manual ; 9.363639 ; -73.607083 ; 20 ; CESAR ; 20178 ; CHIRIGUANÁ ; Fija ; 24 ; Precipitación Líquida ; mm ; 0 
02/12/2011; CORPOCESAR ; ZM15 Chiriguaná ; Manual ; 9.363639 ; -73.607083 ; 20 ; CESAR ; 20178 ; CHIRIGUANÁ ; Fija ; 24 ; Precipitación Líquida ; mm ; 1 
03/12/2011; CORPOCESAR ; ZM15 Chiriguaná ; Manual ; 9.363639 ; -73.607083 ; 20 ; CESAR ; 20178 ; CHIRIGUANÁ ; Fija ; 24 ; Precipitación Líquida ; mm ; 0 
04/12/2011; CORPOCESAR ; ZM15 Chiriguaná ; Manual ; 9.363639 ; -73.607083 ; 20 ; CESAR ; 20178 ; CHIRIGUANÁ ; Fija ; 24 ; Precipitación Líquida ; mm ; 0 
05/12/2011; CORPOCESAR ; ZM15 Chiriguaná ; Manual ; 9.363639 ; -73.607083 ; 20 ; CESAR ; 20178 ; CHIRIGUANÁ ; Fija ; 24 ; Precipitación Líquida ; mm ; 12 
06/12/2011; CORPOCESAR ; ZM15 Chiriguaná ; Manual ; 9.363639 ; -73.607083 ; 20 ; CESAR ; 20178 ; CHIRIGUANÁ ; Fija ; 24 ; Precipitación Líquida ; mm ; 30 
07/12/2011; CORPOCESAR ; ZM15 Chiriguaná ; Manual ; 9.363639 ; -73.607083 ; 20 ; CESAR ; 20178 ; CHIRIGUANÁ ; Fija ; 24 ; Precipitación Líquida ; mm ; 29 
08/12/2011; CORPOCESAR ; ZM15 Chiriguaná ; Manual ; 9.363639 ; -73.607083 ; 20 ; CESAR ; 20178 ; CHIRIGUANÁ ; Fija ; 24 ; Precipitación Líquida ; mm ; 3 
09/12/2011; CORPOCESAR ; ZM15 Chiriguaná ; Manual ; 9.363639 ; -73.607083 ; 20 ; CESAR ; 20178 ; CHIRIGUANÁ ; Fija ; 24 ; Precipitación Líquida ; mm ; 0 
10/12/2011; CORPOCESAR ; ZM15 Chiriguaná ; Manual ; 9.363639 ; -73.607083 ; 20 ; CESAR ; 20178 ; CHIRIGUANÁ ; Fija ; 24 ; Precipitación Líquida ; mm ; 0 
11/12/2011; CORPOCESAR ; ZM15 Chiriguaná ; Manual ; 9.363639 ; -73.607083 ; 20 ; CESAR ; 20178 ; CHIRIGUANÁ ; Fija ; 24 ; Precipitación Líquida ; mm ; 20 
12/12/2011; CORPOCESAR ; ZM15 Chiriguaná ; Manual ; 9.363639 ; -73.607083 ; 20 ; CESAR ; 20178 ; CHIRIGUANÁ ; Fija ; 24 ; Precipitación Líquida ; mm ; 0 
13/12/2011; CORPOCESAR ; ZM15 Chiriguaná ; Manual ; 9.363639 ; -73.607083 ; 20 ; CESAR ; 20178 ; CHIRIGUANÁ ; Fija ; 24 ; Precipitación Líquida ; mm ; 23 
14/12/2011; CORPOCESAR ; ZM15 Chiriguaná ; Manual ; 9.363639 ; -73.607083 ; 20 ; CESAR ; 20178 ; CHIRIGUANÁ ; Fija ; 24 ; Precipitación Líquida ; mm ; 0 
15/12/2011; CORPOCESAR ; ZM15 Chiriguaná ; Manual ; 9.363639 ; -73.607083 ; 20 ; CESAR ; 20178 ; CHIRIGUANÁ ; Fija ; 24 ; Precipitación Líquida ; mm ; 13 
16/12/2011; CORPOCESAR ; ZM15 Chiriguaná ; Manual ; 9.363639 ; -73.607083 ; 20 ; CESAR ; 20178 ; CHIRIGUANÁ ; Fija ; 24 ; Precipitación Líquida ; mm ; 41 
17/12/2011; CORPOCESAR ; ZM15 Chiriguaná ; Manual ; 9.363639 ; -73.607083 ; 20 ; CESAR ; 20178 ; CHIRIGUANÁ ; Fija ; 24 ; Precipitación Líquida ; mm ; 0 
18/12/2011; CORPOCESAR ; ZM15 Chiriguaná ; Manual ; 9.363639 ; -73.607083 ; 20 ; CESAR ; 20178 ; CHIRIGUANÁ ; Fija ; 24 ; Precipitación Líquida ; mm ; 0 
19/12/2011; CORPOCESAR ; ZM15 Chiriguaná ; Manual ; 9.363639 ; -73.607083 ; 20 ; CESAR ; 20178 ; CHIRIGUANÁ ; Fija ; 24 ; Precipitación Líquida ; mm ; 0 
20/12/2011; CORPOCESAR ; ZM15 Chiriguaná ; Manual ; 9.363639 ; -73.607083 ; 20 ; CESAR ; 20178 ; CHIRIGUANÁ ; Fija ; 24 ; Precipitación Líquida ; mm ; 0 
21/12/2011; CORPOCESAR ; ZM15 Chiriguaná ; Manual ; 9.363639 ; -73.607083 ; 20 ; CESAR ; 20178 ; CHIRIGUANÁ ; Fija ; 24 ; Precipitación Líquida ; mm ; 0 
22/12/2011; CORPOCESAR ; ZM15 Chiriguaná ; Manual ; 9.363639 ; -73.607083 ; 20 ; CESAR ; 20178 ; CHIRIGUANÁ ; Fija ; 24 ; Precipitación Líquida ; mm ; 0 
23/12/2011; CORPOCESAR ; ZM15 Chiriguaná ; Manual ; 9.363639 ; -73.607083 ; 20 ; CESAR ; 20178 ; CHIRIGUANÁ ; Fija ; 24 ; Precipitación Líquida ; mm ; 0 
24/12/2011; CORPOCESAR ; ZM15 Chiriguaná ; Manual ; 9.363639 ; -73.607083 ; 20 ; CESAR ; 20178 ; CHIRIGUANÁ ; Fija ; 24 ; Precipitación Líquida ; mm ; 0 
25/12/2011; CORPOCESAR ; ZM15 Chiriguaná ; Manual ; 9.363639 ; -73.607083 ; 20 ; CESAR ; 20178 ; CHIRIGUANÁ ; Fija ; 24 ; Precipitación Líquida ; mm ; 0 
26/12/2011; CORPOCESAR ; ZM15 Chiriguaná ; Manual ; 9.363639 ; -73.607083 ; 20 ; CESAR ; 20178 ; CHIRIGUANÁ ; Fija ; 24 ; Precipitación Líquida ; mm ; 0 
27/12/2011; CORPOCESAR ; ZM15 Chiriguaná ; Manual ; 9.363639 ; -73.607083 ; 20 ; CESAR ; 20178 ; CHIRIGUANÁ ; Fija ; 24 ; Precipitación Líquida ; mm ; 0 
28/12/2011; CORPOCESAR ; ZM15 Chiriguaná ; Manual ; 9.363639 ; -73.607083 ; 20 ; CESAR ; 20178 ; CHIRIGUANÁ ; Fija ; 24 ; Precipitación Líquida ; mm ; 0 
29/12/2011; CORPOCESAR ; ZM15 Chiriguaná ; Manual ; 9.363639 ; -73.607083 ; 20 ; CESAR ; 20178 ; CHIRIGUANÁ ; Fija ; 24 ; Precipitación Líquida ; mm ; 0 
30/12/2011; CORPOCESAR ; ZM15 Chiriguaná ; Manual ; 9.363639 ; -73.607083 ; 20 ; CESAR ; 20178 ; CHIRIGUANÁ ; Fija ; 24 ; Precipitación Líquida ; mm ; 0 
31/12/2011; CORPOCESAR ; ZM15 Chiriguaná ; Manual ; 9.363639 ; -73.607083 ; 20 ; CESAR ; 20178 ; CHIRIGUANÁ ; Fija ; 24 ; Precipitación Líquida ; mm ; 0 
