08/04/2013; CORTOLIMA ; CORTOLIMA ; Automática ; 4.433181 ; -75.211139 ; 73 ; TOLIMA ; 73001 ; IBAGUÉ ; Fija ; 1 ; Precipitación Líquida ; mm ; 0 
08/04/2013; CORTOLIMA ; CORTOLIMA ; Automática ; 4.433181 ; -75.211139 ; 73 ; TOLIMA ; 73001 ; IBAGUÉ ; Fija ; 1 ; Precipitación Líquida ; mm ; 0 
08/04/2013; CORTOLIMA ; CORTOLIMA ; Automática ; 4.433181 ; -75.211139 ; 73 ; TOLIMA ; 73001 ; IBAGUÉ ; Fija ; 1 ; Precipitación Líquida ; mm ; 0 
08/04/2013; CORTOLIMA ; CORTOLIMA ; Automática ; 4.433181 ; -75.211139 ; 73 ; TOLIMA ; 73001 ; IBAGUÉ ; Fija ; 1 ; Precipitación Líquida ; mm ; 0 
08/04/2013; CORTOLIMA ; CORTOLIMA ; Automática ; 4.433181 ; -75.211139 ; 73 ; TOLIMA ; 73001 ; IBAGUÉ ; Fija ; 1 ; Precipitación Líquida ; mm ; 0 
08/04/2013; CORTOLIMA ; CORTOLIMA ; Automática ; 4.433181 ; -75.211139 ; 73 ; TOLIMA ; 73001 ; IBAGUÉ ; Fija ; 1 ; Precipitación Líquida ; mm ; 0 
08/04/2013; CORTOLIMA ; CORTOLIMA ; Automática ; 4.433181 ; -75.211139 ; 73 ; TOLIMA ; 73001 ; IBAGUÉ ; Fija ; 1 ; Precipitación Líquida ; mm ; 0 
08/04/2013; CORTOLIMA ; CORTOLIMA ; Automática ; 4.433181 ; -75.211139 ; 73 ; TOLIMA ; 73001 ; IBAGUÉ ; Fija ; 1 ; Precipitación Líquida ; mm ; 0 
09/04/2013; CORTOLIMA ; CORTOLIMA ; Automática ; 4.433181 ; -75.211139 ; 73 ; TOLIMA ; 73001 ; IBAGUÉ ; Fija ; 1 ; Precipitación Líquida ; mm ; 0 
09/04/2013; CORTOLIMA ; CORTOLIMA ; Automática ; 4.433181 ; -75.211139 ; 73 ; TOLIMA ; 73001 ; IBAGUÉ ; Fija ; 1 ; Precipitación Líquida ; mm ; 0 
09/04/2013; CORTOLIMA ; CORTOLIMA ; Automática ; 4.433181 ; -75.211139 ; 73 ; TOLIMA ; 73001 ; IBAGUÉ ; Fija ; 1 ; Precipitación Líquida ; mm ; 0 
09/04/2013; CORTOLIMA ; CORTOLIMA ; Automática ; 4.433181 ; -75.211139 ; 73 ; TOLIMA ; 73001 ; IBAGUÉ ; Fija ; 1 ; Precipitación Líquida ; mm ; 0 
09/04/2013; CORTOLIMA ; CORTOLIMA ; Automática ; 4.433181 ; -75.211139 ; 73 ; TOLIMA ; 73001 ; IBAGUÉ ; Fija ; 1 ; Precipitación Líquida ; mm ; 0 
09/04/2013; CORTOLIMA ; CORTOLIMA ; Automática ; 4.433181 ; -75.211139 ; 73 ; TOLIMA ; 73001 ; IBAGUÉ ; Fija ; 1 ; Precipitación Líquida ; mm ; 0 
09/04/2013; CORTOLIMA ; CORTOLIMA ; Automática ; 4.433181 ; -75.211139 ; 73 ; TOLIMA ; 73001 ; IBAGUÉ ; Fija ; 1 ; Precipitación Líquida ; mm ; 0 
09/04/2013; CORTOLIMA ; CORTOLIMA ; Automática ; 4.433181 ; -75.211139 ; 73 ; TOLIMA ; 73001 ; IBAGUÉ ; Fija ; 1 ; Precipitación Líquida ; mm ; 0 
09/04/2013; CORTOLIMA ; CORTOLIMA ; Automática ; 4.433181 ; -75.211139 ; 73 ; TOLIMA ; 73001 ; IBAGUÉ ; Fija ; 1 ; Precipitación Líquida ; mm ; 0 
09/04/2013; CORTOLIMA ; CORTOLIMA ; Automática ; 4.433181 ; -75.211139 ; 73 ; TOLIMA ; 73001 ; IBAGUÉ ; Fija ; 1 ; Precipitación Líquida ; mm ; 0 
09/04/2013; CORTOLIMA ; CORTOLIMA ; Automática ; 4.433181 ; -75.211139 ; 73 ; TOLIMA ; 73001 ; IBAGUÉ ; Fija ; 1 ; Precipitación Líquida ; mm ; 0 
09/04/2013; CORTOLIMA ; CORTOLIMA ; Automática ; 4.433181 ; -75.211139 ; 73 ; TOLIMA ; 73001 ; IBAGUÉ ; Fija ; 1 ; Precipitación Líquida ; mm ; 0 
09/04/2013; CORTOLIMA ; CORTOLIMA ; Automática ; 4.433181 ; -75.211139 ; 73 ; TOLIMA ; 73001 ; IBAGUÉ ; Fija ; 1 ; Precipitación Líquida ; mm ; 0 
09/04/2013; CORTOLIMA ; CORTOLIMA ; Automática ; 4.433181 ; -75.211139 ; 73 ; TOLIMA ; 73001 ; IBAGUÉ ; Fija ; 1 ; Precipitación Líquida ; mm ; 0 
09/04/2013; CORTOLIMA ; CORTOLIMA ; Automática ; 4.433181 ; -75.211139 ; 73 ; TOLIMA ; 73001 ; IBAGUÉ ; Fija ; 1 ; Precipitación Líquida ; mm ; 0 
09/04/2013; CORTOLIMA ; CORTOLIMA ; Automática ; 4.433181 ; -75.211139 ; 73 ; TOLIMA ; 73001 ; IBAGUÉ ; Fija ; 1 ; Precipitación Líquida ; mm ; 0 
09/04/2013; CORTOLIMA ; CORTOLIMA ; Automática ; 4.433181 ; -75.211139 ; 73 ; TOLIMA ; 73001 ; IBAGUÉ ; Fija ; 1 ; Precipitación Líquida ; mm ; 0 
09/04/2013; CORTOLIMA ; CORTOLIMA ; Automática ; 4.433181 ; -75.211139 ; 73 ; TOLIMA ; 73001 ; IBAGUÉ ; Fija ; 1 ; Precipitación Líquida ; mm ; 0 
09/04/2013; CORTOLIMA ; CORTOLIMA ; Automática ; 4.433181 ; -75.211139 ; 73 ; TOLIMA ; 73001 ; IBAGUÉ ; Fija ; 1 ; Precipitación Líquida ; mm ; 0 
09/04/2013; CORTOLIMA ; CORTOLIMA ; Automática ; 4.433181 ; -75.211139 ; 73 ; TOLIMA ; 73001 ; IBAGUÉ ; Fija ; 1 ; Precipitación Líquida ; mm ; 0 
09/04/2013; CORTOLIMA ; CORTOLIMA ; Automática ; 4.433181 ; -75.211139 ; 73 ; TOLIMA ; 73001 ; IBAGUÉ ; Fija ; 1 ; Precipitación Líquida ; mm ; 0 
09/04/2013; CORTOLIMA ; CORTOLIMA ; Automática ; 4.433181 ; -75.211139 ; 73 ; TOLIMA ; 73001 ; IBAGUÉ ; Fija ; 1 ; Precipitación Líquida ; mm ; 0 
09/04/2013; CORTOLIMA ; CORTOLIMA ; Automática ; 4.433181 ; -75.211139 ; 73 ; TOLIMA ; 73001 ; IBAGUÉ ; Fija ; 1 ; Precipitación Líquida ; mm ; 0 
09/04/2013; CORTOLIMA ; CORTOLIMA ; Automática ; 4.433181 ; -75.211139 ; 73 ; TOLIMA ; 73001 ; IBAGUÉ ; Fija ; 1 ; Precipitación Líquida ; mm ; 0 
10/04/2013; CORTOLIMA ; CORTOLIMA ; Automática ; 4.433181 ; -75.211139 ; 73 ; TOLIMA ; 73001 ; IBAGUÉ ; Fija ; 1 ; Precipitación Líquida ; mm ; 0 
10/04/2013; CORTOLIMA ; CORTOLIMA ; Automática ; 4.433181 ; -75.211139 ; 73 ; TOLIMA ; 73001 ; IBAGUÉ ; Fija ; 1 ; Precipitación Líquida ; mm ; 0 
10/04/2013; CORTOLIMA ; CORTOLIMA ; Automática ; 4.433181 ; -75.211139 ; 73 ; TOLIMA ; 73001 ; IBAGUÉ ; Fija ; 1 ; Precipitación Líquida ; mm ; 0 
10/04/2013; CORTOLIMA ; CORTOLIMA ; Automática ; 4.433181 ; -75.211139 ; 73 ; TOLIMA ; 73001 ; IBAGUÉ ; Fija ; 1 ; Precipitación Líquida ; mm ; 0 
10/04/2013; CORTOLIMA ; CORTOLIMA ; Automática ; 4.433181 ; -75.211139 ; 73 ; TOLIMA ; 73001 ; IBAGUÉ ; Fija ; 1 ; Precipitación Líquida ; mm ; 0 
10/04/2013; CORTOLIMA ; CORTOLIMA ; Automática ; 4.433181 ; -75.211139 ; 73 ; TOLIMA ; 73001 ; IBAGUÉ ; Fija ; 1 ; Precipitación Líquida ; mm ; 0 
10/04/2013; CORTOLIMA ; CORTOLIMA ; Automática ; 4.433181 ; -75.211139 ; 73 ; TOLIMA ; 73001 ; IBAGUÉ ; Fija ; 1 ; Precipitación Líquida ; mm ; 0 
10/04/2013; CORTOLIMA ; CORTOLIMA ; Automática ; 4.433181 ; -75.211139 ; 73 ; TOLIMA ; 73001 ; IBAGUÉ ; Fija ; 1 ; Precipitación Líquida ; mm ; 0 
10/04/2013; CORTOLIMA ; CORTOLIMA ; Automática ; 4.433181 ; -75.211139 ; 73 ; TOLIMA ; 73001 ; IBAGUÉ ; Fija ; 1 ; Precipitación Líquida ; mm ; 0 
10/04/2013; CORTOLIMA ; CORTOLIMA ; Automática ; 4.433181 ; -75.211139 ; 73 ; TOLIMA ; 73001 ; IBAGUÉ ; Fija ; 1 ; Precipitación Líquida ; mm ; 0 
10/04/2013; CORTOLIMA ; CORTOLIMA ; Automática ; 4.433181 ; -75.211139 ; 73 ; TOLIMA ; 73001 ; IBAGUÉ ; Fija ; 1 ; Precipitación Líquida ; mm ; 0 
10/04/2013; CORTOLIMA ; CORTOLIMA ; Automática ; 4.433181 ; -75.211139 ; 73 ; TOLIMA ; 73001 ; IBAGUÉ ; Fija ; 1 ; Precipitación Líquida ; mm ; 0 
10/04/2013; CORTOLIMA ; CORTOLIMA ; Automática ; 4.433181 ; -75.211139 ; 73 ; TOLIMA ; 73001 ; IBAGUÉ ; Fija ; 1 ; Precipitación Líquida ; mm ; 0 
10/04/2013; CORTOLIMA ; CORTOLIMA ; Automática ; 4.433181 ; -75.211139 ; 73 ; TOLIMA ; 73001 ; IBAGUÉ ; Fija ; 1 ; Precipitación Líquida ; mm ; 0 
10/04/2013; CORTOLIMA ; CORTOLIMA ; Automática ; 4.433181 ; -75.211139 ; 73 ; TOLIMA ; 73001 ; IBAGUÉ ; Fija ; 1 ; Precipitación Líquida ; mm ; 0 
10/04/2013; CORTOLIMA ; CORTOLIMA ; Automática ; 4.433181 ; -75.211139 ; 73 ; TOLIMA ; 73001 ; IBAGUÉ ; Fija ; 1 ; Precipitación Líquida ; mm ; 0 
10/04/2013; CORTOLIMA ; CORTOLIMA ; Automática ; 4.433181 ; -75.211139 ; 73 ; TOLIMA ; 73001 ; IBAGUÉ ; Fija ; 1 ; Precipitación Líquida ; mm ; 0 
10/04/2013; CORTOLIMA ; CORTOLIMA ; Automática ; 4.433181 ; -75.211139 ; 73 ; TOLIMA ; 73001 ; IBAGUÉ ; Fija ; 1 ; Precipitación Líquida ; mm ; 0 
10/04/2013; CORTOLIMA ; CORTOLIMA ; Automática ; 4.433181 ; -75.211139 ; 73 ; TOLIMA ; 73001 ; IBAGUÉ ; Fija ; 1 ; Precipitación Líquida ; mm ; 0 
10/04/2013; CORTOLIMA ; CORTOLIMA ; Automática ; 4.433181 ; -75.211139 ; 73 ; TOLIMA ; 73001 ; IBAGUÉ ; Fija ; 1 ; Precipitación Líquida ; mm ; 0 
10/04/2013; CORTOLIMA ; CORTOLIMA ; Automática ; 4.433181 ; -75.211139 ; 73 ; TOLIMA ; 73001 ; IBAGUÉ ; Fija ; 1 ; Precipitación Líquida ; mm ; 0 
10/04/2013; CORTOLIMA ; CORTOLIMA ; Automática ; 4.433181 ; -75.211139 ; 73 ; TOLIMA ; 73001 ; IBAGUÉ ; Fija ; 1 ; Precipitación Líquida ; mm ; 0 
10/04/2013; CORTOLIMA ; CORTOLIMA ; Automática ; 4.433181 ; -75.211139 ; 73 ; TOLIMA ; 73001 ; IBAGUÉ ; Fija ; 1 ; Precipitación Líquida ; mm ; 0 
10/04/2013; CORTOLIMA ; CORTOLIMA ; Automática ; 4.433181 ; -75.211139 ; 73 ; TOLIMA ; 73001 ; IBAGUÉ ; Fija ; 1 ; Precipitación Líquida ; mm ; 0 
11/04/2013; CORTOLIMA ; CORTOLIMA ; Automática ; 4.433181 ; -75.211139 ; 73 ; TOLIMA ; 73001 ; IBAGUÉ ; Fija ; 1 ; Precipitación Líquida ; mm ; 0 
11/04/2013; CORTOLIMA ; CORTOLIMA ; Automática ; 4.433181 ; -75.211139 ; 73 ; TOLIMA ; 73001 ; IBAGUÉ ; Fija ; 1 ; Precipitación Líquida ; mm ; 0 
11/04/2013; CORTOLIMA ; CORTOLIMA ; Automática ; 4.433181 ; -75.211139 ; 73 ; TOLIMA ; 73001 ; IBAGUÉ ; Fija ; 1 ; Precipitación Líquida ; mm ; 0 
11/04/2013; CORTOLIMA ; CORTOLIMA ; Automática ; 4.433181 ; -75.211139 ; 73 ; TOLIMA ; 73001 ; IBAGUÉ ; Fija ; 1 ; Precipitación Líquida ; mm ; 0 
11/04/2013; CORTOLIMA ; CORTOLIMA ; Automática ; 4.433181 ; -75.211139 ; 73 ; TOLIMA ; 73001 ; IBAGUÉ ; Fija ; 1 ; Precipitación Líquida ; mm ; 0 
11/04/2013; CORTOLIMA ; CORTOLIMA ; Automática ; 4.433181 ; -75.211139 ; 73 ; TOLIMA ; 73001 ; IBAGUÉ ; Fija ; 1 ; Precipitación Líquida ; mm ; 0 
11/04/2013; CORTOLIMA ; CORTOLIMA ; Automática ; 4.433181 ; -75.211139 ; 73 ; TOLIMA ; 73001 ; IBAGUÉ ; Fija ; 1 ; Precipitación Líquida ; mm ; 0 
11/04/2013; CORTOLIMA ; CORTOLIMA ; Automática ; 4.433181 ; -75.211139 ; 73 ; TOLIMA ; 73001 ; IBAGUÉ ; Fija ; 1 ; Precipitación Líquida ; mm ; 0 
11/04/2013; CORTOLIMA ; CORTOLIMA ; Automática ; 4.433181 ; -75.211139 ; 73 ; TOLIMA ; 73001 ; IBAGUÉ ; Fija ; 1 ; Precipitación Líquida ; mm ; 0 
11/04/2013; CORTOLIMA ; CORTOLIMA ; Automática ; 4.433181 ; -75.211139 ; 73 ; TOLIMA ; 73001 ; IBAGUÉ ; Fija ; 1 ; Precipitación Líquida ; mm ; 0 
11/04/2013; CORTOLIMA ; CORTOLIMA ; Automática ; 4.433181 ; -75.211139 ; 73 ; TOLIMA ; 73001 ; IBAGUÉ ; Fija ; 1 ; Precipitación Líquida ; mm ; 0 
11/04/2013; CORTOLIMA ; CORTOLIMA ; Automática ; 4.433181 ; -75.211139 ; 73 ; TOLIMA ; 73001 ; IBAGUÉ ; Fija ; 1 ; Precipitación Líquida ; mm ; 0 
11/04/2013; CORTOLIMA ; CORTOLIMA ; Automática ; 4.433181 ; -75.211139 ; 73 ; TOLIMA ; 73001 ; IBAGUÉ ; Fija ; 1 ; Precipitación Líquida ; mm ; 0 
11/04/2013; CORTOLIMA ; CORTOLIMA ; Automática ; 4.433181 ; -75.211139 ; 73 ; TOLIMA ; 73001 ; IBAGUÉ ; Fija ; 1 ; Precipitación Líquida ; mm ; 0 
11/04/2013; CORTOLIMA ; CORTOLIMA ; Automática ; 4.433181 ; -75.211139 ; 73 ; TOLIMA ; 73001 ; IBAGUÉ ; Fija ; 1 ; Precipitación Líquida ; mm ; 0 
11/04/2013; CORTOLIMA ; CORTOLIMA ; Automática ; 4.433181 ; -75.211139 ; 73 ; TOLIMA ; 73001 ; IBAGUÉ ; Fija ; 1 ; Precipitación Líquida ; mm ; 0 
11/04/2013; CORTOLIMA ; CORTOLIMA ; Automática ; 4.433181 ; -75.211139 ; 73 ; TOLIMA ; 73001 ; IBAGUÉ ; Fija ; 1 ; Precipitación Líquida ; mm ; 0 
11/04/2013; CORTOLIMA ; CORTOLIMA ; Automática ; 4.433181 ; -75.211139 ; 73 ; TOLIMA ; 73001 ; IBAGUÉ ; Fija ; 1 ; Precipitación Líquida ; mm ; 0 
11/04/2013; CORTOLIMA ; CORTOLIMA ; Automática ; 4.433181 ; -75.211139 ; 73 ; TOLIMA ; 73001 ; IBAGUÉ ; Fija ; 1 ; Precipitación Líquida ; mm ; 0 
11/04/2013; CORTOLIMA ; CORTOLIMA ; Automática ; 4.433181 ; -75.211139 ; 73 ; TOLIMA ; 73001 ; IBAGUÉ ; Fija ; 1 ; Precipitación Líquida ; mm ; 0 
11/04/2013; CORTOLIMA ; CORTOLIMA ; Automática ; 4.433181 ; -75.211139 ; 73 ; TOLIMA ; 73001 ; IBAGUÉ ; Fija ; 1 ; Precipitación Líquida ; mm ; 0 
11/04/2013; CORTOLIMA ; CORTOLIMA ; Automática ; 4.433181 ; -75.211139 ; 73 ; TOLIMA ; 73001 ; IBAGUÉ ; Fija ; 1 ; Precipitación Líquida ; mm ; 0 
11/04/2013; CORTOLIMA ; CORTOLIMA ; Automática ; 4.433181 ; -75.211139 ; 73 ; TOLIMA ; 73001 ; IBAGUÉ ; Fija ; 1 ; Precipitación Líquida ; mm ; 0 
11/04/2013; CORTOLIMA ; CORTOLIMA ; Automática ; 4.433181 ; -75.211139 ; 73 ; TOLIMA ; 73001 ; IBAGUÉ ; Fija ; 1 ; Precipitación Líquida ; mm ; 0 
12/04/2013; CORTOLIMA ; CORTOLIMA ; Automática ; 4.433181 ; -75.211139 ; 73 ; TOLIMA ; 73001 ; IBAGUÉ ; Fija ; 1 ; Precipitación Líquida ; mm ; 0 
12/04/2013; CORTOLIMA ; CORTOLIMA ; Automática ; 4.433181 ; -75.211139 ; 73 ; TOLIMA ; 73001 ; IBAGUÉ ; Fija ; 1 ; Precipitación Líquida ; mm ; 0 
12/04/2013; CORTOLIMA ; CORTOLIMA ; Automática ; 4.433181 ; -75.211139 ; 73 ; TOLIMA ; 73001 ; IBAGUÉ ; Fija ; 1 ; Precipitación Líquida ; mm ; 0 
12/04/2013; CORTOLIMA ; CORTOLIMA ; Automática ; 4.433181 ; -75.211139 ; 73 ; TOLIMA ; 73001 ; IBAGUÉ ; Fija ; 1 ; Precipitación Líquida ; mm ; 0 
12/04/2013; CORTOLIMA ; CORTOLIMA ; Automática ; 4.433181 ; -75.211139 ; 73 ; TOLIMA ; 73001 ; IBAGUÉ ; Fija ; 1 ; Precipitación Líquida ; mm ; 0 
12/04/2013; CORTOLIMA ; CORTOLIMA ; Automática ; 4.433181 ; -75.211139 ; 73 ; TOLIMA ; 73001 ; IBAGUÉ ; Fija ; 1 ; Precipitación Líquida ; mm ; 0 
12/04/2013; CORTOLIMA ; CORTOLIMA ; Automática ; 4.433181 ; -75.211139 ; 73 ; TOLIMA ; 73001 ; IBAGUÉ ; Fija ; 1 ; Precipitación Líquida ; mm ; 0 
12/04/2013; CORTOLIMA ; CORTOLIMA ; Automática ; 4.433181 ; -75.211139 ; 73 ; TOLIMA ; 73001 ; IBAGUÉ ; Fija ; 1 ; Precipitación Líquida ; mm ; 0 
12/04/2013; CORTOLIMA ; CORTOLIMA ; Automática ; 4.433181 ; -75.211139 ; 73 ; TOLIMA ; 73001 ; IBAGUÉ ; Fija ; 1 ; Precipitación Líquida ; mm ; 0 
12/04/2013; CORTOLIMA ; CORTOLIMA ; Automática ; 4.433181 ; -75.211139 ; 73 ; TOLIMA ; 73001 ; IBAGUÉ ; Fija ; 1 ; Precipitación Líquida ; mm ; 0 
12/04/2013; CORTOLIMA ; CORTOLIMA ; Automática ; 4.433181 ; -75.211139 ; 73 ; TOLIMA ; 73001 ; IBAGUÉ ; Fija ; 1 ; Precipitación Líquida ; mm ; 0 
12/04/2013; CORTOLIMA ; CORTOLIMA ; Automática ; 4.433181 ; -75.211139 ; 73 ; TOLIMA ; 73001 ; IBAGUÉ ; Fija ; 1 ; Precipitación Líquida ; mm ; 0 
12/04/2013; CORTOLIMA ; CORTOLIMA ; Automática ; 4.433181 ; -75.211139 ; 73 ; TOLIMA ; 73001 ; IBAGUÉ ; Fija ; 1 ; Precipitación Líquida ; mm ; 0 
12/04/2013; CORTOLIMA ; CORTOLIMA ; Automática ; 4.433181 ; -75.211139 ; 73 ; TOLIMA ; 73001 ; IBAGUÉ ; Fija ; 1 ; Precipitación Líquida ; mm ; 0 
12/04/2013; CORTOLIMA ; CORTOLIMA ; Automática ; 4.433181 ; -75.211139 ; 73 ; TOLIMA ; 73001 ; IBAGUÉ ; Fija ; 1 ; Precipitación Líquida ; mm ; 0 
12/04/2013; CORTOLIMA ; CORTOLIMA ; Automática ; 4.433181 ; -75.211139 ; 73 ; TOLIMA ; 73001 ; IBAGUÉ ; Fija ; 1 ; Precipitación Líquida ; mm ; 0 
12/04/2013; CORTOLIMA ; CORTOLIMA ; Automática ; 4.433181 ; -75.211139 ; 73 ; TOLIMA ; 73001 ; IBAGUÉ ; Fija ; 1 ; Precipitación Líquida ; mm ; 0 
12/04/2013; CORTOLIMA ; CORTOLIMA ; Automática ; 4.433181 ; -75.211139 ; 73 ; TOLIMA ; 73001 ; IBAGUÉ ; Fija ; 1 ; Precipitación Líquida ; mm ; 0 
12/04/2013; CORTOLIMA ; CORTOLIMA ; Automática ; 4.433181 ; -75.211139 ; 73 ; TOLIMA ; 73001 ; IBAGUÉ ; Fija ; 1 ; Precipitación Líquida ; mm ; 0 
12/04/2013; CORTOLIMA ; CORTOLIMA ; Automática ; 4.433181 ; -75.211139 ; 73 ; TOLIMA ; 73001 ; IBAGUÉ ; Fija ; 1 ; Precipitación Líquida ; mm ; 0 
12/04/2013; CORTOLIMA ; CORTOLIMA ; Automática ; 4.433181 ; -75.211139 ; 73 ; TOLIMA ; 73001 ; IBAGUÉ ; Fija ; 1 ; Precipitación Líquida ; mm ; 0 
12/04/2013; CORTOLIMA ; CORTOLIMA ; Automática ; 4.433181 ; -75.211139 ; 73 ; TOLIMA ; 73001 ; IBAGUÉ ; Fija ; 1 ; Precipitación Líquida ; mm ; 0 
12/04/2013; CORTOLIMA ; CORTOLIMA ; Automática ; 4.433181 ; -75.211139 ; 73 ; TOLIMA ; 73001 ; IBAGUÉ ; Fija ; 1 ; Precipitación Líquida ; mm ; 0 
12/04/2013; CORTOLIMA ; CORTOLIMA ; Automática ; 4.433181 ; -75.211139 ; 73 ; TOLIMA ; 73001 ; IBAGUÉ ; Fija ; 1 ; Precipitación Líquida ; mm ; 0 
13/04/2013; CORTOLIMA ; CORTOLIMA ; Automática ; 4.433181 ; -75.211139 ; 73 ; TOLIMA ; 73001 ; IBAGUÉ ; Fija ; 1 ; Precipitación Líquida ; mm ; 0 
13/04/2013; CORTOLIMA ; CORTOLIMA ; Automática ; 4.433181 ; -75.211139 ; 73 ; TOLIMA ; 73001 ; IBAGUÉ ; Fija ; 1 ; Precipitación Líquida ; mm ; 0 
13/04/2013; CORTOLIMA ; CORTOLIMA ; Automática ; 4.433181 ; -75.211139 ; 73 ; TOLIMA ; 73001 ; IBAGUÉ ; Fija ; 1 ; Precipitación Líquida ; mm ; 0 
13/04/2013; CORTOLIMA ; CORTOLIMA ; Automática ; 4.433181 ; -75.211139 ; 73 ; TOLIMA ; 73001 ; IBAGUÉ ; Fija ; 1 ; Precipitación Líquida ; mm ; 0 
13/04/2013; CORTOLIMA ; CORTOLIMA ; Automática ; 4.433181 ; -75.211139 ; 73 ; TOLIMA ; 73001 ; IBAGUÉ ; Fija ; 1 ; Precipitación Líquida ; mm ; 0 
13/04/2013; CORTOLIMA ; CORTOLIMA ; Automática ; 4.433181 ; -75.211139 ; 73 ; TOLIMA ; 73001 ; IBAGUÉ ; Fija ; 1 ; Precipitación Líquida ; mm ; 0 
13/04/2013; CORTOLIMA ; CORTOLIMA ; Automática ; 4.433181 ; -75.211139 ; 73 ; TOLIMA ; 73001 ; IBAGUÉ ; Fija ; 1 ; Precipitación Líquida ; mm ; 0 
13/04/2013; CORTOLIMA ; CORTOLIMA ; Automática ; 4.433181 ; -75.211139 ; 73 ; TOLIMA ; 73001 ; IBAGUÉ ; Fija ; 1 ; Precipitación Líquida ; mm ; 0 
13/04/2013; CORTOLIMA ; CORTOLIMA ; Automática ; 4.433181 ; -75.211139 ; 73 ; TOLIMA ; 73001 ; IBAGUÉ ; Fija ; 1 ; Precipitación Líquida ; mm ; 0 
13/04/2013; CORTOLIMA ; CORTOLIMA ; Automática ; 4.433181 ; -75.211139 ; 73 ; TOLIMA ; 73001 ; IBAGUÉ ; Fija ; 1 ; Precipitación Líquida ; mm ; 0 
13/04/2013; CORTOLIMA ; CORTOLIMA ; Automática ; 4.433181 ; -75.211139 ; 73 ; TOLIMA ; 73001 ; IBAGUÉ ; Fija ; 1 ; Precipitación Líquida ; mm ; 0 
13/04/2013; CORTOLIMA ; CORTOLIMA ; Automática ; 4.433181 ; -75.211139 ; 73 ; TOLIMA ; 73001 ; IBAGUÉ ; Fija ; 1 ; Precipitación Líquida ; mm ; 0 
13/04/2013; CORTOLIMA ; CORTOLIMA ; Automática ; 4.433181 ; -75.211139 ; 73 ; TOLIMA ; 73001 ; IBAGUÉ ; Fija ; 1 ; Precipitación Líquida ; mm ; 0 
13/04/2013; CORTOLIMA ; CORTOLIMA ; Automática ; 4.433181 ; -75.211139 ; 73 ; TOLIMA ; 73001 ; IBAGUÉ ; Fija ; 1 ; Precipitación Líquida ; mm ; 0 
13/04/2013; CORTOLIMA ; CORTOLIMA ; Automática ; 4.433181 ; -75.211139 ; 73 ; TOLIMA ; 73001 ; IBAGUÉ ; Fija ; 1 ; Precipitación Líquida ; mm ; 0 
13/04/2013; CORTOLIMA ; CORTOLIMA ; Automática ; 4.433181 ; -75.211139 ; 73 ; TOLIMA ; 73001 ; IBAGUÉ ; Fija ; 1 ; Precipitación Líquida ; mm ; 0 
13/04/2013; CORTOLIMA ; CORTOLIMA ; Automática ; 4.433181 ; -75.211139 ; 73 ; TOLIMA ; 73001 ; IBAGUÉ ; Fija ; 1 ; Precipitación Líquida ; mm ; 0 
13/04/2013; CORTOLIMA ; CORTOLIMA ; Automática ; 4.433181 ; -75.211139 ; 73 ; TOLIMA ; 73001 ; IBAGUÉ ; Fija ; 1 ; Precipitación Líquida ; mm ; 0 
13/04/2013; CORTOLIMA ; CORTOLIMA ; Automática ; 4.433181 ; -75.211139 ; 73 ; TOLIMA ; 73001 ; IBAGUÉ ; Fija ; 1 ; Precipitación Líquida ; mm ; 0 
13/04/2013; CORTOLIMA ; CORTOLIMA ; Automática ; 4.433181 ; -75.211139 ; 73 ; TOLIMA ; 73001 ; IBAGUÉ ; Fija ; 1 ; Precipitación Líquida ; mm ; 0 
13/04/2013; CORTOLIMA ; CORTOLIMA ; Automática ; 4.433181 ; -75.211139 ; 73 ; TOLIMA ; 73001 ; IBAGUÉ ; Fija ; 1 ; Precipitación Líquida ; mm ; 0 
13/04/2013; CORTOLIMA ; CORTOLIMA ; Automática ; 4.433181 ; -75.211139 ; 73 ; TOLIMA ; 73001 ; IBAGUÉ ; Fija ; 1 ; Precipitación Líquida ; mm ; 0 
13/04/2013; CORTOLIMA ; CORTOLIMA ; Automática ; 4.433181 ; -75.211139 ; 73 ; TOLIMA ; 73001 ; IBAGUÉ ; Fija ; 1 ; Precipitación Líquida ; mm ; 0 
13/04/2013; CORTOLIMA ; CORTOLIMA ; Automática ; 4.433181 ; -75.211139 ; 73 ; TOLIMA ; 73001 ; IBAGUÉ ; Fija ; 1 ; Precipitación Líquida ; mm ; 0 
14/04/2013; CORTOLIMA ; CORTOLIMA ; Automática ; 4.433181 ; -75.211139 ; 73 ; TOLIMA ; 73001 ; IBAGUÉ ; Fija ; 1 ; Precipitación Líquida ; mm ; 0 
14/04/2013; CORTOLIMA ; CORTOLIMA ; Automática ; 4.433181 ; -75.211139 ; 73 ; TOLIMA ; 73001 ; IBAGUÉ ; Fija ; 1 ; Precipitación Líquida ; mm ; 0 
14/04/2013; CORTOLIMA ; CORTOLIMA ; Automática ; 4.433181 ; -75.211139 ; 73 ; TOLIMA ; 73001 ; IBAGUÉ ; Fija ; 1 ; Precipitación Líquida ; mm ; 0 
14/04/2013; CORTOLIMA ; CORTOLIMA ; Automática ; 4.433181 ; -75.211139 ; 73 ; TOLIMA ; 73001 ; IBAGUÉ ; Fija ; 1 ; Precipitación Líquida ; mm ; 0 
14/04/2013; CORTOLIMA ; CORTOLIMA ; Automática ; 4.433181 ; -75.211139 ; 73 ; TOLIMA ; 73001 ; IBAGUÉ ; Fija ; 1 ; Precipitación Líquida ; mm ; 0 
14/04/2013; CORTOLIMA ; CORTOLIMA ; Automática ; 4.433181 ; -75.211139 ; 73 ; TOLIMA ; 73001 ; IBAGUÉ ; Fija ; 1 ; Precipitación Líquida ; mm ; 0 
14/04/2013; CORTOLIMA ; CORTOLIMA ; Automática ; 4.433181 ; -75.211139 ; 73 ; TOLIMA ; 73001 ; IBAGUÉ ; Fija ; 1 ; Precipitación Líquida ; mm ; 0 
14/04/2013; CORTOLIMA ; CORTOLIMA ; Automática ; 4.433181 ; -75.211139 ; 73 ; TOLIMA ; 73001 ; IBAGUÉ ; Fija ; 1 ; Precipitación Líquida ; mm ; 0 
14/04/2013; CORTOLIMA ; CORTOLIMA ; Automática ; 4.433181 ; -75.211139 ; 73 ; TOLIMA ; 73001 ; IBAGUÉ ; Fija ; 1 ; Precipitación Líquida ; mm ; 0 
14/04/2013; CORTOLIMA ; CORTOLIMA ; Automática ; 4.433181 ; -75.211139 ; 73 ; TOLIMA ; 73001 ; IBAGUÉ ; Fija ; 1 ; Precipitación Líquida ; mm ; 0 
14/04/2013; CORTOLIMA ; CORTOLIMA ; Automática ; 4.433181 ; -75.211139 ; 73 ; TOLIMA ; 73001 ; IBAGUÉ ; Fija ; 1 ; Precipitación Líquida ; mm ; 0 
14/04/2013; CORTOLIMA ; CORTOLIMA ; Automática ; 4.433181 ; -75.211139 ; 73 ; TOLIMA ; 73001 ; IBAGUÉ ; Fija ; 1 ; Precipitación Líquida ; mm ; 0 
14/04/2013; CORTOLIMA ; CORTOLIMA ; Automática ; 4.433181 ; -75.211139 ; 73 ; TOLIMA ; 73001 ; IBAGUÉ ; Fija ; 1 ; Precipitación Líquida ; mm ; 0 
14/04/2013; CORTOLIMA ; CORTOLIMA ; Automática ; 4.433181 ; -75.211139 ; 73 ; TOLIMA ; 73001 ; IBAGUÉ ; Fija ; 1 ; Precipitación Líquida ; mm ; 0 
14/04/2013; CORTOLIMA ; CORTOLIMA ; Automática ; 4.433181 ; -75.211139 ; 73 ; TOLIMA ; 73001 ; IBAGUÉ ; Fija ; 1 ; Precipitación Líquida ; mm ; 0 
14/04/2013; CORTOLIMA ; CORTOLIMA ; Automática ; 4.433181 ; -75.211139 ; 73 ; TOLIMA ; 73001 ; IBAGUÉ ; Fija ; 1 ; Precipitación Líquida ; mm ; 0 
14/04/2013; CORTOLIMA ; CORTOLIMA ; Automática ; 4.433181 ; -75.211139 ; 73 ; TOLIMA ; 73001 ; IBAGUÉ ; Fija ; 1 ; Precipitación Líquida ; mm ; 0 
14/04/2013; CORTOLIMA ; CORTOLIMA ; Automática ; 4.433181 ; -75.211139 ; 73 ; TOLIMA ; 73001 ; IBAGUÉ ; Fija ; 1 ; Precipitación Líquida ; mm ; 0 
14/04/2013; CORTOLIMA ; CORTOLIMA ; Automática ; 4.433181 ; -75.211139 ; 73 ; TOLIMA ; 73001 ; IBAGUÉ ; Fija ; 1 ; Precipitación Líquida ; mm ; 0 
14/04/2013; CORTOLIMA ; CORTOLIMA ; Automática ; 4.433181 ; -75.211139 ; 73 ; TOLIMA ; 73001 ; IBAGUÉ ; Fija ; 1 ; Precipitación Líquida ; mm ; 0 
14/04/2013; CORTOLIMA ; CORTOLIMA ; Automática ; 4.433181 ; -75.211139 ; 73 ; TOLIMA ; 73001 ; IBAGUÉ ; Fija ; 1 ; Precipitación Líquida ; mm ; 0 
14/04/2013; CORTOLIMA ; CORTOLIMA ; Automática ; 4.433181 ; -75.211139 ; 73 ; TOLIMA ; 73001 ; IBAGUÉ ; Fija ; 1 ; Precipitación Líquida ; mm ; 0 
14/04/2013; CORTOLIMA ; CORTOLIMA ; Automática ; 4.433181 ; -75.211139 ; 73 ; TOLIMA ; 73001 ; IBAGUÉ ; Fija ; 1 ; Precipitación Líquida ; mm ; 0 
14/04/2013; CORTOLIMA ; CORTOLIMA ; Automática ; 4.433181 ; -75.211139 ; 73 ; TOLIMA ; 73001 ; IBAGUÉ ; Fija ; 1 ; Precipitación Líquida ; mm ; 0 
15/04/2013; CORTOLIMA ; CORTOLIMA ; Automática ; 4.433181 ; -75.211139 ; 73 ; TOLIMA ; 73001 ; IBAGUÉ ; Fija ; 1 ; Precipitación Líquida ; mm ; 0 
15/04/2013; CORTOLIMA ; CORTOLIMA ; Automática ; 4.433181 ; -75.211139 ; 73 ; TOLIMA ; 73001 ; IBAGUÉ ; Fija ; 1 ; Precipitación Líquida ; mm ; 0 
15/04/2013; CORTOLIMA ; CORTOLIMA ; Automática ; 4.433181 ; -75.211139 ; 73 ; TOLIMA ; 73001 ; IBAGUÉ ; Fija ; 1 ; Precipitación Líquida ; mm ; 0 
15/04/2013; CORTOLIMA ; CORTOLIMA ; Automática ; 4.433181 ; -75.211139 ; 73 ; TOLIMA ; 73001 ; IBAGUÉ ; Fija ; 1 ; Precipitación Líquida ; mm ; 0 
15/04/2013; CORTOLIMA ; CORTOLIMA ; Automática ; 4.433181 ; -75.211139 ; 73 ; TOLIMA ; 73001 ; IBAGUÉ ; Fija ; 1 ; Precipitación Líquida ; mm ; 0 
15/04/2013; CORTOLIMA ; CORTOLIMA ; Automática ; 4.433181 ; -75.211139 ; 73 ; TOLIMA ; 73001 ; IBAGUÉ ; Fija ; 1 ; Precipitación Líquida ; mm ; 0 
15/04/2013; CORTOLIMA ; CORTOLIMA ; Automática ; 4.433181 ; -75.211139 ; 73 ; TOLIMA ; 73001 ; IBAGUÉ ; Fija ; 1 ; Precipitación Líquida ; mm ; 0 
15/04/2013; CORTOLIMA ; CORTOLIMA ; Automática ; 4.433181 ; -75.211139 ; 73 ; TOLIMA ; 73001 ; IBAGUÉ ; Fija ; 1 ; Precipitación Líquida ; mm ; 0 
15/04/2013; CORTOLIMA ; CORTOLIMA ; Automática ; 4.433181 ; -75.211139 ; 73 ; TOLIMA ; 73001 ; IBAGUÉ ; Fija ; 1 ; Precipitación Líquida ; mm ; 0 
15/04/2013; CORTOLIMA ; CORTOLIMA ; Automática ; 4.433181 ; -75.211139 ; 73 ; TOLIMA ; 73001 ; IBAGUÉ ; Fija ; 1 ; Precipitación Líquida ; mm ; 0 
15/04/2013; CORTOLIMA ; CORTOLIMA ; Automática ; 4.433181 ; -75.211139 ; 73 ; TOLIMA ; 73001 ; IBAGUÉ ; Fija ; 1 ; Precipitación Líquida ; mm ; 0 
15/04/2013; CORTOLIMA ; CORTOLIMA ; Automática ; 4.433181 ; -75.211139 ; 73 ; TOLIMA ; 73001 ; IBAGUÉ ; Fija ; 1 ; Precipitación Líquida ; mm ; 0 
15/04/2013; CORTOLIMA ; CORTOLIMA ; Automática ; 4.433181 ; -75.211139 ; 73 ; TOLIMA ; 73001 ; IBAGUÉ ; Fija ; 1 ; Precipitación Líquida ; mm ; 0 
15/04/2013; CORTOLIMA ; CORTOLIMA ; Automática ; 4.433181 ; -75.211139 ; 73 ; TOLIMA ; 73001 ; IBAGUÉ ; Fija ; 1 ; Precipitación Líquida ; mm ; 0 
15/04/2013; CORTOLIMA ; CORTOLIMA ; Automática ; 4.433181 ; -75.211139 ; 73 ; TOLIMA ; 73001 ; IBAGUÉ ; Fija ; 1 ; Precipitación Líquida ; mm ; 0 
15/04/2013; CORTOLIMA ; CORTOLIMA ; Automática ; 4.433181 ; -75.211139 ; 73 ; TOLIMA ; 73001 ; IBAGUÉ ; Fija ; 1 ; Precipitación Líquida ; mm ; 0 
15/04/2013; CORTOLIMA ; CORTOLIMA ; Automática ; 4.433181 ; -75.211139 ; 73 ; TOLIMA ; 73001 ; IBAGUÉ ; Fija ; 1 ; Precipitación Líquida ; mm ; 0 
15/04/2013; CORTOLIMA ; CORTOLIMA ; Automática ; 4.433181 ; -75.211139 ; 73 ; TOLIMA ; 73001 ; IBAGUÉ ; Fija ; 1 ; Precipitación Líquida ; mm ; 0 
15/04/2013; CORTOLIMA ; CORTOLIMA ; Automática ; 4.433181 ; -75.211139 ; 73 ; TOLIMA ; 73001 ; IBAGUÉ ; Fija ; 1 ; Precipitación Líquida ; mm ; 0 
15/04/2013; CORTOLIMA ; CORTOLIMA ; Automática ; 4.433181 ; -75.211139 ; 73 ; TOLIMA ; 73001 ; IBAGUÉ ; Fija ; 1 ; Precipitación Líquida ; mm ; 0 
15/04/2013; CORTOLIMA ; CORTOLIMA ; Automática ; 4.433181 ; -75.211139 ; 73 ; TOLIMA ; 73001 ; IBAGUÉ ; Fija ; 1 ; Precipitación Líquida ; mm ; 0 
15/04/2013; CORTOLIMA ; CORTOLIMA ; Automática ; 4.433181 ; -75.211139 ; 73 ; TOLIMA ; 73001 ; IBAGUÉ ; Fija ; 1 ; Precipitación Líquida ; mm ; 0 
15/04/2013; CORTOLIMA ; CORTOLIMA ; Automática ; 4.433181 ; -75.211139 ; 73 ; TOLIMA ; 73001 ; IBAGUÉ ; Fija ; 1 ; Precipitación Líquida ; mm ; 0 
15/04/2013; CORTOLIMA ; CORTOLIMA ; Automática ; 4.433181 ; -75.211139 ; 73 ; TOLIMA ; 73001 ; IBAGUÉ ; Fija ; 1 ; Precipitación Líquida ; mm ; 0 
16/04/2013; CORTOLIMA ; CORTOLIMA ; Automática ; 4.433181 ; -75.211139 ; 73 ; TOLIMA ; 73001 ; IBAGUÉ ; Fija ; 1 ; Precipitación Líquida ; mm ; 0 
16/04/2013; CORTOLIMA ; CORTOLIMA ; Automática ; 4.433181 ; -75.211139 ; 73 ; TOLIMA ; 73001 ; IBAGUÉ ; Fija ; 1 ; Precipitación Líquida ; mm ; 0 
16/04/2013; CORTOLIMA ; CORTOLIMA ; Automática ; 4.433181 ; -75.211139 ; 73 ; TOLIMA ; 73001 ; IBAGUÉ ; Fija ; 1 ; Precipitación Líquida ; mm ; 0 
16/04/2013; CORTOLIMA ; CORTOLIMA ; Automática ; 4.433181 ; -75.211139 ; 73 ; TOLIMA ; 73001 ; IBAGUÉ ; Fija ; 1 ; Precipitación Líquida ; mm ; 0 
16/04/2013; CORTOLIMA ; CORTOLIMA ; Automática ; 4.433181 ; -75.211139 ; 73 ; TOLIMA ; 73001 ; IBAGUÉ ; Fija ; 1 ; Precipitación Líquida ; mm ; 0 
16/04/2013; CORTOLIMA ; CORTOLIMA ; Automática ; 4.433181 ; -75.211139 ; 73 ; TOLIMA ; 73001 ; IBAGUÉ ; Fija ; 1 ; Precipitación Líquida ; mm ; 0 
16/04/2013; CORTOLIMA ; CORTOLIMA ; Automática ; 4.433181 ; -75.211139 ; 73 ; TOLIMA ; 73001 ; IBAGUÉ ; Fija ; 1 ; Precipitación Líquida ; mm ; 0 
16/04/2013; CORTOLIMA ; CORTOLIMA ; Automática ; 4.433181 ; -75.211139 ; 73 ; TOLIMA ; 73001 ; IBAGUÉ ; Fija ; 1 ; Precipitación Líquida ; mm ; 0 
16/04/2013; CORTOLIMA ; CORTOLIMA ; Automática ; 4.433181 ; -75.211139 ; 73 ; TOLIMA ; 73001 ; IBAGUÉ ; Fija ; 1 ; Precipitación Líquida ; mm ; 0 
16/04/2013; CORTOLIMA ; CORTOLIMA ; Automática ; 4.433181 ; -75.211139 ; 73 ; TOLIMA ; 73001 ; IBAGUÉ ; Fija ; 1 ; Precipitación Líquida ; mm ; 0 
16/04/2013; CORTOLIMA ; CORTOLIMA ; Automática ; 4.433181 ; -75.211139 ; 73 ; TOLIMA ; 73001 ; IBAGUÉ ; Fija ; 1 ; Precipitación Líquida ; mm ; 0 
16/04/2013; CORTOLIMA ; CORTOLIMA ; Automática ; 4.433181 ; -75.211139 ; 73 ; TOLIMA ; 73001 ; IBAGUÉ ; Fija ; 1 ; Precipitación Líquida ; mm ; 0 
16/04/2013; CORTOLIMA ; CORTOLIMA ; Automática ; 4.433181 ; -75.211139 ; 73 ; TOLIMA ; 73001 ; IBAGUÉ ; Fija ; 1 ; Precipitación Líquida ; mm ; 0 
16/04/2013; CORTOLIMA ; CORTOLIMA ; Automática ; 4.433181 ; -75.211139 ; 73 ; TOLIMA ; 73001 ; IBAGUÉ ; Fija ; 1 ; Precipitación Líquida ; mm ; 0 
16/04/2013; CORTOLIMA ; CORTOLIMA ; Automática ; 4.433181 ; -75.211139 ; 73 ; TOLIMA ; 73001 ; IBAGUÉ ; Fija ; 1 ; Precipitación Líquida ; mm ; 0 
16/04/2013; CORTOLIMA ; CORTOLIMA ; Automática ; 4.433181 ; -75.211139 ; 73 ; TOLIMA ; 73001 ; IBAGUÉ ; Fija ; 1 ; Precipitación Líquida ; mm ; 0 
16/04/2013; CORTOLIMA ; CORTOLIMA ; Automática ; 4.433181 ; -75.211139 ; 73 ; TOLIMA ; 73001 ; IBAGUÉ ; Fija ; 1 ; Precipitación Líquida ; mm ; 0 
16/04/2013; CORTOLIMA ; CORTOLIMA ; Automática ; 4.433181 ; -75.211139 ; 73 ; TOLIMA ; 73001 ; IBAGUÉ ; Fija ; 1 ; Precipitación Líquida ; mm ; 0 
16/04/2013; CORTOLIMA ; CORTOLIMA ; Automática ; 4.433181 ; -75.211139 ; 73 ; TOLIMA ; 73001 ; IBAGUÉ ; Fija ; 1 ; Precipitación Líquida ; mm ; 0 
16/04/2013; CORTOLIMA ; CORTOLIMA ; Automática ; 4.433181 ; -75.211139 ; 73 ; TOLIMA ; 73001 ; IBAGUÉ ; Fija ; 1 ; Precipitación Líquida ; mm ; 0 
16/04/2013; CORTOLIMA ; CORTOLIMA ; Automática ; 4.433181 ; -75.211139 ; 73 ; TOLIMA ; 73001 ; IBAGUÉ ; Fija ; 1 ; Precipitación Líquida ; mm ; 0 
16/04/2013; CORTOLIMA ; CORTOLIMA ; Automática ; 4.433181 ; -75.211139 ; 73 ; TOLIMA ; 73001 ; IBAGUÉ ; Fija ; 1 ; Precipitación Líquida ; mm ; 0 
16/04/2013; CORTOLIMA ; CORTOLIMA ; Automática ; 4.433181 ; -75.211139 ; 73 ; TOLIMA ; 73001 ; IBAGUÉ ; Fija ; 1 ; Precipitación Líquida ; mm ; 0 
16/04/2013; CORTOLIMA ; CORTOLIMA ; Automática ; 4.433181 ; -75.211139 ; 73 ; TOLIMA ; 73001 ; IBAGUÉ ; Fija ; 1 ; Precipitación Líquida ; mm ; 0 
17/04/2013; CORTOLIMA ; CORTOLIMA ; Automática ; 4.433181 ; -75.211139 ; 73 ; TOLIMA ; 73001 ; IBAGUÉ ; Fija ; 1 ; Precipitación Líquida ; mm ; 0 
17/04/2013; CORTOLIMA ; CORTOLIMA ; Automática ; 4.433181 ; -75.211139 ; 73 ; TOLIMA ; 73001 ; IBAGUÉ ; Fija ; 1 ; Precipitación Líquida ; mm ; 0 
17/04/2013; CORTOLIMA ; CORTOLIMA ; Automática ; 4.433181 ; -75.211139 ; 73 ; TOLIMA ; 73001 ; IBAGUÉ ; Fija ; 1 ; Precipitación Líquida ; mm ; 0 
17/04/2013; CORTOLIMA ; CORTOLIMA ; Automática ; 4.433181 ; -75.211139 ; 73 ; TOLIMA ; 73001 ; IBAGUÉ ; Fija ; 1 ; Precipitación Líquida ; mm ; 0 
17/04/2013; CORTOLIMA ; CORTOLIMA ; Automática ; 4.433181 ; -75.211139 ; 73 ; TOLIMA ; 73001 ; IBAGUÉ ; Fija ; 1 ; Precipitación Líquida ; mm ; 0 
17/04/2013; CORTOLIMA ; CORTOLIMA ; Automática ; 4.433181 ; -75.211139 ; 73 ; TOLIMA ; 73001 ; IBAGUÉ ; Fija ; 1 ; Precipitación Líquida ; mm ; 0 
17/04/2013; CORTOLIMA ; CORTOLIMA ; Automática ; 4.433181 ; -75.211139 ; 73 ; TOLIMA ; 73001 ; IBAGUÉ ; Fija ; 1 ; Precipitación Líquida ; mm ; 0 
17/04/2013; CORTOLIMA ; CORTOLIMA ; Automática ; 4.433181 ; -75.211139 ; 73 ; TOLIMA ; 73001 ; IBAGUÉ ; Fija ; 1 ; Precipitación Líquida ; mm ; 0 
17/04/2013; CORTOLIMA ; CORTOLIMA ; Automática ; 4.433181 ; -75.211139 ; 73 ; TOLIMA ; 73001 ; IBAGUÉ ; Fija ; 1 ; Precipitación Líquida ; mm ; 0 
17/04/2013; CORTOLIMA ; CORTOLIMA ; Automática ; 4.433181 ; -75.211139 ; 73 ; TOLIMA ; 73001 ; IBAGUÉ ; Fija ; 1 ; Precipitación Líquida ; mm ; 0 
17/04/2013; CORTOLIMA ; CORTOLIMA ; Automática ; 4.433181 ; -75.211139 ; 73 ; TOLIMA ; 73001 ; IBAGUÉ ; Fija ; 1 ; Precipitación Líquida ; mm ; 0 
17/04/2013; CORTOLIMA ; CORTOLIMA ; Automática ; 4.433181 ; -75.211139 ; 73 ; TOLIMA ; 73001 ; IBAGUÉ ; Fija ; 1 ; Precipitación Líquida ; mm ; 0 
17/04/2013; CORTOLIMA ; CORTOLIMA ; Automática ; 4.433181 ; -75.211139 ; 73 ; TOLIMA ; 73001 ; IBAGUÉ ; Fija ; 1 ; Precipitación Líquida ; mm ; 0 
17/04/2013; CORTOLIMA ; CORTOLIMA ; Automática ; 4.433181 ; -75.211139 ; 73 ; TOLIMA ; 73001 ; IBAGUÉ ; Fija ; 1 ; Precipitación Líquida ; mm ; 0 
17/04/2013; CORTOLIMA ; CORTOLIMA ; Automática ; 4.433181 ; -75.211139 ; 73 ; TOLIMA ; 73001 ; IBAGUÉ ; Fija ; 1 ; Precipitación Líquida ; mm ; 0 
17/04/2013; CORTOLIMA ; CORTOLIMA ; Automática ; 4.433181 ; -75.211139 ; 73 ; TOLIMA ; 73001 ; IBAGUÉ ; Fija ; 1 ; Precipitación Líquida ; mm ; 0 
17/04/2013; CORTOLIMA ; CORTOLIMA ; Automática ; 4.433181 ; -75.211139 ; 73 ; TOLIMA ; 73001 ; IBAGUÉ ; Fija ; 1 ; Precipitación Líquida ; mm ; 0 
17/04/2013; CORTOLIMA ; CORTOLIMA ; Automática ; 4.433181 ; -75.211139 ; 73 ; TOLIMA ; 73001 ; IBAGUÉ ; Fija ; 1 ; Precipitación Líquida ; mm ; 0 
17/04/2013; CORTOLIMA ; CORTOLIMA ; Automática ; 4.433181 ; -75.211139 ; 73 ; TOLIMA ; 73001 ; IBAGUÉ ; Fija ; 1 ; Precipitación Líquida ; mm ; 0 
17/04/2013; CORTOLIMA ; CORTOLIMA ; Automática ; 4.433181 ; -75.211139 ; 73 ; TOLIMA ; 73001 ; IBAGUÉ ; Fija ; 1 ; Precipitación Líquida ; mm ; 0 
17/04/2013; CORTOLIMA ; CORTOLIMA ; Automática ; 4.433181 ; -75.211139 ; 73 ; TOLIMA ; 73001 ; IBAGUÉ ; Fija ; 1 ; Precipitación Líquida ; mm ; 0 
17/04/2013; CORTOLIMA ; CORTOLIMA ; Automática ; 4.433181 ; -75.211139 ; 73 ; TOLIMA ; 73001 ; IBAGUÉ ; Fija ; 1 ; Precipitación Líquida ; mm ; 0 
17/04/2013; CORTOLIMA ; CORTOLIMA ; Automática ; 4.433181 ; -75.211139 ; 73 ; TOLIMA ; 73001 ; IBAGUÉ ; Fija ; 1 ; Precipitación Líquida ; mm ; 0 
17/04/2013; CORTOLIMA ; CORTOLIMA ; Automática ; 4.433181 ; -75.211139 ; 73 ; TOLIMA ; 73001 ; IBAGUÉ ; Fija ; 1 ; Precipitación Líquida ; mm ; 0 
18/04/2013; CORTOLIMA ; CORTOLIMA ; Automática ; 4.433181 ; -75.211139 ; 73 ; TOLIMA ; 73001 ; IBAGUÉ ; Fija ; 1 ; Precipitación Líquida ; mm ; 2.03 
18/04/2013; CORTOLIMA ; CORTOLIMA ; Automática ; 4.433181 ; -75.211139 ; 73 ; TOLIMA ; 73001 ; IBAGUÉ ; Fija ; 1 ; Precipitación Líquida ; mm ; 1.52 
18/04/2013; CORTOLIMA ; CORTOLIMA ; Automática ; 4.433181 ; -75.211139 ; 73 ; TOLIMA ; 73001 ; IBAGUÉ ; Fija ; 1 ; Precipitación Líquida ; mm ; 2.54 
18/04/2013; CORTOLIMA ; CORTOLIMA ; Automática ; 4.433181 ; -75.211139 ; 73 ; TOLIMA ; 73001 ; IBAGUÉ ; Fija ; 1 ; Precipitación Líquida ; mm ; 0.51 
18/04/2013; CORTOLIMA ; CORTOLIMA ; Automática ; 4.433181 ; -75.211139 ; 73 ; TOLIMA ; 73001 ; IBAGUÉ ; Fija ; 1 ; Precipitación Líquida ; mm ; 0.25 
18/04/2013; CORTOLIMA ; CORTOLIMA ; Automática ; 4.433181 ; -75.211139 ; 73 ; TOLIMA ; 73001 ; IBAGUÉ ; Fija ; 1 ; Precipitación Líquida ; mm ; 0 
18/04/2013; CORTOLIMA ; CORTOLIMA ; Automática ; 4.433181 ; -75.211139 ; 73 ; TOLIMA ; 73001 ; IBAGUÉ ; Fija ; 1 ; Precipitación Líquida ; mm ; 0 
18/04/2013; CORTOLIMA ; CORTOLIMA ; Automática ; 4.433181 ; -75.211139 ; 73 ; TOLIMA ; 73001 ; IBAGUÉ ; Fija ; 1 ; Precipitación Líquida ; mm ; 0 
18/04/2013; CORTOLIMA ; CORTOLIMA ; Automática ; 4.433181 ; -75.211139 ; 73 ; TOLIMA ; 73001 ; IBAGUÉ ; Fija ; 1 ; Precipitación Líquida ; mm ; 0 
18/04/2013; CORTOLIMA ; CORTOLIMA ; Automática ; 4.433181 ; -75.211139 ; 73 ; TOLIMA ; 73001 ; IBAGUÉ ; Fija ; 1 ; Precipitación Líquida ; mm ; 0 
18/04/2013; CORTOLIMA ; CORTOLIMA ; Automática ; 4.433181 ; -75.211139 ; 73 ; TOLIMA ; 73001 ; IBAGUÉ ; Fija ; 1 ; Precipitación Líquida ; mm ; 0 
18/04/2013; CORTOLIMA ; CORTOLIMA ; Automática ; 4.433181 ; -75.211139 ; 73 ; TOLIMA ; 73001 ; IBAGUÉ ; Fija ; 1 ; Precipitación Líquida ; mm ; 0 
18/04/2013; CORTOLIMA ; CORTOLIMA ; Automática ; 4.433181 ; -75.211139 ; 73 ; TOLIMA ; 73001 ; IBAGUÉ ; Fija ; 1 ; Precipitación Líquida ; mm ; 0 
18/04/2013; CORTOLIMA ; CORTOLIMA ; Automática ; 4.433181 ; -75.211139 ; 73 ; TOLIMA ; 73001 ; IBAGUÉ ; Fija ; 1 ; Precipitación Líquida ; mm ; 0 
18/04/2013; CORTOLIMA ; CORTOLIMA ; Automática ; 4.433181 ; -75.211139 ; 73 ; TOLIMA ; 73001 ; IBAGUÉ ; Fija ; 1 ; Precipitación Líquida ; mm ; 0 
18/04/2013; CORTOLIMA ; CORTOLIMA ; Automática ; 4.433181 ; -75.211139 ; 73 ; TOLIMA ; 73001 ; IBAGUÉ ; Fija ; 1 ; Precipitación Líquida ; mm ; 9.65 
18/04/2013; CORTOLIMA ; CORTOLIMA ; Automática ; 4.433181 ; -75.211139 ; 73 ; TOLIMA ; 73001 ; IBAGUÉ ; Fija ; 1 ; Precipitación Líquida ; mm ; 0.51 
18/04/2013; CORTOLIMA ; CORTOLIMA ; Automática ; 4.433181 ; -75.211139 ; 73 ; TOLIMA ; 73001 ; IBAGUÉ ; Fija ; 1 ; Precipitación Líquida ; mm ; 0 
18/04/2013; CORTOLIMA ; CORTOLIMA ; Automática ; 4.433181 ; -75.211139 ; 73 ; TOLIMA ; 73001 ; IBAGUÉ ; Fija ; 1 ; Precipitación Líquida ; mm ; 0 
18/04/2013; CORTOLIMA ; CORTOLIMA ; Automática ; 4.433181 ; -75.211139 ; 73 ; TOLIMA ; 73001 ; IBAGUÉ ; Fija ; 1 ; Precipitación Líquida ; mm ; 0 
18/04/2013; CORTOLIMA ; CORTOLIMA ; Automática ; 4.433181 ; -75.211139 ; 73 ; TOLIMA ; 73001 ; IBAGUÉ ; Fija ; 1 ; Precipitación Líquida ; mm ; 0 
18/04/2013; CORTOLIMA ; CORTOLIMA ; Automática ; 4.433181 ; -75.211139 ; 73 ; TOLIMA ; 73001 ; IBAGUÉ ; Fija ; 1 ; Precipitación Líquida ; mm ; 3.56 
18/04/2013; CORTOLIMA ; CORTOLIMA ; Automática ; 4.433181 ; -75.211139 ; 73 ; TOLIMA ; 73001 ; IBAGUÉ ; Fija ; 1 ; Precipitación Líquida ; mm ; 8.13 
18/04/2013; CORTOLIMA ; CORTOLIMA ; Automática ; 4.433181 ; -75.211139 ; 73 ; TOLIMA ; 73001 ; IBAGUÉ ; Fija ; 1 ; Precipitación Líquida ; mm ; 7.87 
19/04/2013; CORTOLIMA ; CORTOLIMA ; Automática ; 4.433181 ; -75.211139 ; 73 ; TOLIMA ; 73001 ; IBAGUÉ ; Fija ; 1 ; Precipitación Líquida ; mm ; 2.54 
19/04/2013; CORTOLIMA ; CORTOLIMA ; Automática ; 4.433181 ; -75.211139 ; 73 ; TOLIMA ; 73001 ; IBAGUÉ ; Fija ; 1 ; Precipitación Líquida ; mm ; 3.05 
19/04/2013; CORTOLIMA ; CORTOLIMA ; Automática ; 4.433181 ; -75.211139 ; 73 ; TOLIMA ; 73001 ; IBAGUÉ ; Fija ; 1 ; Precipitación Líquida ; mm ; 2.54 
19/04/2013; CORTOLIMA ; CORTOLIMA ; Automática ; 4.433181 ; -75.211139 ; 73 ; TOLIMA ; 73001 ; IBAGUÉ ; Fija ; 1 ; Precipitación Líquida ; mm ; 0.76 
19/04/2013; CORTOLIMA ; CORTOLIMA ; Automática ; 4.433181 ; -75.211139 ; 73 ; TOLIMA ; 73001 ; IBAGUÉ ; Fija ; 1 ; Precipitación Líquida ; mm ; 0.25 
19/04/2013; CORTOLIMA ; CORTOLIMA ; Automática ; 4.433181 ; -75.211139 ; 73 ; TOLIMA ; 73001 ; IBAGUÉ ; Fija ; 1 ; Precipitación Líquida ; mm ; 0.76 
19/04/2013; CORTOLIMA ; CORTOLIMA ; Automática ; 4.433181 ; -75.211139 ; 73 ; TOLIMA ; 73001 ; IBAGUÉ ; Fija ; 1 ; Precipitación Líquida ; mm ; 9.65 
19/04/2013; CORTOLIMA ; CORTOLIMA ; Automática ; 4.433181 ; -75.211139 ; 73 ; TOLIMA ; 73001 ; IBAGUÉ ; Fija ; 1 ; Precipitación Líquida ; mm ; 0.25 
19/04/2013; CORTOLIMA ; CORTOLIMA ; Automática ; 4.433181 ; -75.211139 ; 73 ; TOLIMA ; 73001 ; IBAGUÉ ; Fija ; 1 ; Precipitación Líquida ; mm ; 0 
19/04/2013; CORTOLIMA ; CORTOLIMA ; Automática ; 4.433181 ; -75.211139 ; 73 ; TOLIMA ; 73001 ; IBAGUÉ ; Fija ; 1 ; Precipitación Líquida ; mm ; 0 
19/04/2013; CORTOLIMA ; CORTOLIMA ; Automática ; 4.433181 ; -75.211139 ; 73 ; TOLIMA ; 73001 ; IBAGUÉ ; Fija ; 1 ; Precipitación Líquida ; mm ; 0 
19/04/2013; CORTOLIMA ; CORTOLIMA ; Automática ; 4.433181 ; -75.211139 ; 73 ; TOLIMA ; 73001 ; IBAGUÉ ; Fija ; 1 ; Precipitación Líquida ; mm ; 0 
19/04/2013; CORTOLIMA ; CORTOLIMA ; Automática ; 4.433181 ; -75.211139 ; 73 ; TOLIMA ; 73001 ; IBAGUÉ ; Fija ; 1 ; Precipitación Líquida ; mm ; 0 
19/04/2013; CORTOLIMA ; CORTOLIMA ; Automática ; 4.433181 ; -75.211139 ; 73 ; TOLIMA ; 73001 ; IBAGUÉ ; Fija ; 1 ; Precipitación Líquida ; mm ; 5.59 
19/04/2013; CORTOLIMA ; CORTOLIMA ; Automática ; 4.433181 ; -75.211139 ; 73 ; TOLIMA ; 73001 ; IBAGUÉ ; Fija ; 1 ; Precipitación Líquida ; mm ; 23.37 
19/04/2013; CORTOLIMA ; CORTOLIMA ; Automática ; 4.433181 ; -75.211139 ; 73 ; TOLIMA ; 73001 ; IBAGUÉ ; Fija ; 1 ; Precipitación Líquida ; mm ; 0 
19/04/2013; CORTOLIMA ; CORTOLIMA ; Automática ; 4.433181 ; -75.211139 ; 73 ; TOLIMA ; 73001 ; IBAGUÉ ; Fija ; 1 ; Precipitación Líquida ; mm ; 1.78 
19/04/2013; CORTOLIMA ; CORTOLIMA ; Automática ; 4.433181 ; -75.211139 ; 73 ; TOLIMA ; 73001 ; IBAGUÉ ; Fija ; 1 ; Precipitación Líquida ; mm ; 3.56 
19/04/2013; CORTOLIMA ; CORTOLIMA ; Automática ; 4.433181 ; -75.211139 ; 73 ; TOLIMA ; 73001 ; IBAGUÉ ; Fija ; 1 ; Precipitación Líquida ; mm ; 0.51 
19/04/2013; CORTOLIMA ; CORTOLIMA ; Automática ; 4.433181 ; -75.211139 ; 73 ; TOLIMA ; 73001 ; IBAGUÉ ; Fija ; 1 ; Precipitación Líquida ; mm ; 0.25 
19/04/2013; CORTOLIMA ; CORTOLIMA ; Automática ; 4.433181 ; -75.211139 ; 73 ; TOLIMA ; 73001 ; IBAGUÉ ; Fija ; 1 ; Precipitación Líquida ; mm ; 0 
19/04/2013; CORTOLIMA ; CORTOLIMA ; Automática ; 4.433181 ; -75.211139 ; 73 ; TOLIMA ; 73001 ; IBAGUÉ ; Fija ; 1 ; Precipitación Líquida ; mm ; 0 
19/04/2013; CORTOLIMA ; CORTOLIMA ; Automática ; 4.433181 ; -75.211139 ; 73 ; TOLIMA ; 73001 ; IBAGUÉ ; Fija ; 1 ; Precipitación Líquida ; mm ; 0 
19/04/2013; CORTOLIMA ; CORTOLIMA ; Automática ; 4.433181 ; -75.211139 ; 73 ; TOLIMA ; 73001 ; IBAGUÉ ; Fija ; 1 ; Precipitación Líquida ; mm ; 0 
20/04/2013; CORTOLIMA ; CORTOLIMA ; Automática ; 4.433181 ; -75.211139 ; 73 ; TOLIMA ; 73001 ; IBAGUÉ ; Fija ; 1 ; Precipitación Líquida ; mm ; 0 
20/04/2013; CORTOLIMA ; CORTOLIMA ; Automática ; 4.433181 ; -75.211139 ; 73 ; TOLIMA ; 73001 ; IBAGUÉ ; Fija ; 1 ; Precipitación Líquida ; mm ; 0 
20/04/2013; CORTOLIMA ; CORTOLIMA ; Automática ; 4.433181 ; -75.211139 ; 73 ; TOLIMA ; 73001 ; IBAGUÉ ; Fija ; 1 ; Precipitación Líquida ; mm ; 0 
20/04/2013; CORTOLIMA ; CORTOLIMA ; Automática ; 4.433181 ; -75.211139 ; 73 ; TOLIMA ; 73001 ; IBAGUÉ ; Fija ; 1 ; Precipitación Líquida ; mm ; 0 
20/04/2013; CORTOLIMA ; CORTOLIMA ; Automática ; 4.433181 ; -75.211139 ; 73 ; TOLIMA ; 73001 ; IBAGUÉ ; Fija ; 1 ; Precipitación Líquida ; mm ; 0 
20/04/2013; CORTOLIMA ; CORTOLIMA ; Automática ; 4.433181 ; -75.211139 ; 73 ; TOLIMA ; 73001 ; IBAGUÉ ; Fija ; 1 ; Precipitación Líquida ; mm ; 0 
20/04/2013; CORTOLIMA ; CORTOLIMA ; Automática ; 4.433181 ; -75.211139 ; 73 ; TOLIMA ; 73001 ; IBAGUÉ ; Fija ; 1 ; Precipitación Líquida ; mm ; 0 
20/04/2013; CORTOLIMA ; CORTOLIMA ; Automática ; 4.433181 ; -75.211139 ; 73 ; TOLIMA ; 73001 ; IBAGUÉ ; Fija ; 1 ; Precipitación Líquida ; mm ; 0 
20/04/2013; CORTOLIMA ; CORTOLIMA ; Automática ; 4.433181 ; -75.211139 ; 73 ; TOLIMA ; 73001 ; IBAGUÉ ; Fija ; 1 ; Precipitación Líquida ; mm ; 0 
20/04/2013; CORTOLIMA ; CORTOLIMA ; Automática ; 4.433181 ; -75.211139 ; 73 ; TOLIMA ; 73001 ; IBAGUÉ ; Fija ; 1 ; Precipitación Líquida ; mm ; 0 
20/04/2013; CORTOLIMA ; CORTOLIMA ; Automática ; 4.433181 ; -75.211139 ; 73 ; TOLIMA ; 73001 ; IBAGUÉ ; Fija ; 1 ; Precipitación Líquida ; mm ; 0 
20/04/2013; CORTOLIMA ; CORTOLIMA ; Automática ; 4.433181 ; -75.211139 ; 73 ; TOLIMA ; 73001 ; IBAGUÉ ; Fija ; 1 ; Precipitación Líquida ; mm ; 0 
20/04/2013; CORTOLIMA ; CORTOLIMA ; Automática ; 4.433181 ; -75.211139 ; 73 ; TOLIMA ; 73001 ; IBAGUÉ ; Fija ; 1 ; Precipitación Líquida ; mm ; 0 
20/04/2013; CORTOLIMA ; CORTOLIMA ; Automática ; 4.433181 ; -75.211139 ; 73 ; TOLIMA ; 73001 ; IBAGUÉ ; Fija ; 1 ; Precipitación Líquida ; mm ; 0 
20/04/2013; CORTOLIMA ; CORTOLIMA ; Automática ; 4.433181 ; -75.211139 ; 73 ; TOLIMA ; 73001 ; IBAGUÉ ; Fija ; 1 ; Precipitación Líquida ; mm ; 0 
20/04/2013; CORTOLIMA ; CORTOLIMA ; Automática ; 4.433181 ; -75.211139 ; 73 ; TOLIMA ; 73001 ; IBAGUÉ ; Fija ; 1 ; Precipitación Líquida ; mm ; 0 
20/04/2013; CORTOLIMA ; CORTOLIMA ; Automática ; 4.433181 ; -75.211139 ; 73 ; TOLIMA ; 73001 ; IBAGUÉ ; Fija ; 1 ; Precipitación Líquida ; mm ; 1.02 
20/04/2013; CORTOLIMA ; CORTOLIMA ; Automática ; 4.433181 ; -75.211139 ; 73 ; TOLIMA ; 73001 ; IBAGUÉ ; Fija ; 1 ; Precipitación Líquida ; mm ; 0.25 
20/04/2013; CORTOLIMA ; CORTOLIMA ; Automática ; 4.433181 ; -75.211139 ; 73 ; TOLIMA ; 73001 ; IBAGUÉ ; Fija ; 1 ; Precipitación Líquida ; mm ; 0 
20/04/2013; CORTOLIMA ; CORTOLIMA ; Automática ; 4.433181 ; -75.211139 ; 73 ; TOLIMA ; 73001 ; IBAGUÉ ; Fija ; 1 ; Precipitación Líquida ; mm ; 0 
20/04/2013; CORTOLIMA ; CORTOLIMA ; Automática ; 4.433181 ; -75.211139 ; 73 ; TOLIMA ; 73001 ; IBAGUÉ ; Fija ; 1 ; Precipitación Líquida ; mm ; 0 
20/04/2013; CORTOLIMA ; CORTOLIMA ; Automática ; 4.433181 ; -75.211139 ; 73 ; TOLIMA ; 73001 ; IBAGUÉ ; Fija ; 1 ; Precipitación Líquida ; mm ; 0 
20/04/2013; CORTOLIMA ; CORTOLIMA ; Automática ; 4.433181 ; -75.211139 ; 73 ; TOLIMA ; 73001 ; IBAGUÉ ; Fija ; 1 ; Precipitación Líquida ; mm ; 0 
20/04/2013; CORTOLIMA ; CORTOLIMA ; Automática ; 4.433181 ; -75.211139 ; 73 ; TOLIMA ; 73001 ; IBAGUÉ ; Fija ; 1 ; Precipitación Líquida ; mm ; 0 
21/04/2013; CORTOLIMA ; CORTOLIMA ; Automática ; 4.433181 ; -75.211139 ; 73 ; TOLIMA ; 73001 ; IBAGUÉ ; Fija ; 1 ; Precipitación Líquida ; mm ; 0 
21/04/2013; CORTOLIMA ; CORTOLIMA ; Automática ; 4.433181 ; -75.211139 ; 73 ; TOLIMA ; 73001 ; IBAGUÉ ; Fija ; 1 ; Precipitación Líquida ; mm ; 0 
21/04/2013; CORTOLIMA ; CORTOLIMA ; Automática ; 4.433181 ; -75.211139 ; 73 ; TOLIMA ; 73001 ; IBAGUÉ ; Fija ; 1 ; Precipitación Líquida ; mm ; 0 
21/04/2013; CORTOLIMA ; CORTOLIMA ; Automática ; 4.433181 ; -75.211139 ; 73 ; TOLIMA ; 73001 ; IBAGUÉ ; Fija ; 1 ; Precipitación Líquida ; mm ; 0 
21/04/2013; CORTOLIMA ; CORTOLIMA ; Automática ; 4.433181 ; -75.211139 ; 73 ; TOLIMA ; 73001 ; IBAGUÉ ; Fija ; 1 ; Precipitación Líquida ; mm ; 0 
21/04/2013; CORTOLIMA ; CORTOLIMA ; Automática ; 4.433181 ; -75.211139 ; 73 ; TOLIMA ; 73001 ; IBAGUÉ ; Fija ; 1 ; Precipitación Líquida ; mm ; 0 
21/04/2013; CORTOLIMA ; CORTOLIMA ; Automática ; 4.433181 ; -75.211139 ; 73 ; TOLIMA ; 73001 ; IBAGUÉ ; Fija ; 1 ; Precipitación Líquida ; mm ; 0.25 
21/04/2013; CORTOLIMA ; CORTOLIMA ; Automática ; 4.433181 ; -75.211139 ; 73 ; TOLIMA ; 73001 ; IBAGUÉ ; Fija ; 1 ; Precipitación Líquida ; mm ; 0 
21/04/2013; CORTOLIMA ; CORTOLIMA ; Automática ; 4.433181 ; -75.211139 ; 73 ; TOLIMA ; 73001 ; IBAGUÉ ; Fija ; 1 ; Precipitación Líquida ; mm ; 0 
21/04/2013; CORTOLIMA ; CORTOLIMA ; Automática ; 4.433181 ; -75.211139 ; 73 ; TOLIMA ; 73001 ; IBAGUÉ ; Fija ; 1 ; Precipitación Líquida ; mm ; 0 
21/04/2013; CORTOLIMA ; CORTOLIMA ; Automática ; 4.433181 ; -75.211139 ; 73 ; TOLIMA ; 73001 ; IBAGUÉ ; Fija ; 1 ; Precipitación Líquida ; mm ; 0.25 
21/04/2013; CORTOLIMA ; CORTOLIMA ; Automática ; 4.433181 ; -75.211139 ; 73 ; TOLIMA ; 73001 ; IBAGUÉ ; Fija ; 1 ; Precipitación Líquida ; mm ; 0.76 
21/04/2013; CORTOLIMA ; CORTOLIMA ; Automática ; 4.433181 ; -75.211139 ; 73 ; TOLIMA ; 73001 ; IBAGUÉ ; Fija ; 1 ; Precipitación Líquida ; mm ; 0.51 
21/04/2013; CORTOLIMA ; CORTOLIMA ; Automática ; 4.433181 ; -75.211139 ; 73 ; TOLIMA ; 73001 ; IBAGUÉ ; Fija ; 1 ; Precipitación Líquida ; mm ; 0.25 
21/04/2013; CORTOLIMA ; CORTOLIMA ; Automática ; 4.433181 ; -75.211139 ; 73 ; TOLIMA ; 73001 ; IBAGUÉ ; Fija ; 1 ; Precipitación Líquida ; mm ; 0 
21/04/2013; CORTOLIMA ; CORTOLIMA ; Automática ; 4.433181 ; -75.211139 ; 73 ; TOLIMA ; 73001 ; IBAGUÉ ; Fija ; 1 ; Precipitación Líquida ; mm ; 0 
21/04/2013; CORTOLIMA ; CORTOLIMA ; Automática ; 4.433181 ; -75.211139 ; 73 ; TOLIMA ; 73001 ; IBAGUÉ ; Fija ; 1 ; Precipitación Líquida ; mm ; 0 
21/04/2013; CORTOLIMA ; CORTOLIMA ; Automática ; 4.433181 ; -75.211139 ; 73 ; TOLIMA ; 73001 ; IBAGUÉ ; Fija ; 1 ; Precipitación Líquida ; mm ; 0 
21/04/2013; CORTOLIMA ; CORTOLIMA ; Automática ; 4.433181 ; -75.211139 ; 73 ; TOLIMA ; 73001 ; IBAGUÉ ; Fija ; 1 ; Precipitación Líquida ; mm ; 0 
21/04/2013; CORTOLIMA ; CORTOLIMA ; Automática ; 4.433181 ; -75.211139 ; 73 ; TOLIMA ; 73001 ; IBAGUÉ ; Fija ; 1 ; Precipitación Líquida ; mm ; 0 
21/04/2013; CORTOLIMA ; CORTOLIMA ; Automática ; 4.433181 ; -75.211139 ; 73 ; TOLIMA ; 73001 ; IBAGUÉ ; Fija ; 1 ; Precipitación Líquida ; mm ; 0 
21/04/2013; CORTOLIMA ; CORTOLIMA ; Automática ; 4.433181 ; -75.211139 ; 73 ; TOLIMA ; 73001 ; IBAGUÉ ; Fija ; 1 ; Precipitación Líquida ; mm ; 0 
21/04/2013; CORTOLIMA ; CORTOLIMA ; Automática ; 4.433181 ; -75.211139 ; 73 ; TOLIMA ; 73001 ; IBAGUÉ ; Fija ; 1 ; Precipitación Líquida ; mm ; 0 
21/04/2013; CORTOLIMA ; CORTOLIMA ; Automática ; 4.433181 ; -75.211139 ; 73 ; TOLIMA ; 73001 ; IBAGUÉ ; Fija ; 1 ; Precipitación Líquida ; mm ; 0 
22/04/2013; CORTOLIMA ; CORTOLIMA ; Automática ; 4.433181 ; -75.211139 ; 73 ; TOLIMA ; 73001 ; IBAGUÉ ; Fija ; 1 ; Precipitación Líquida ; mm ; 0 
22/04/2013; CORTOLIMA ; CORTOLIMA ; Automática ; 4.433181 ; -75.211139 ; 73 ; TOLIMA ; 73001 ; IBAGUÉ ; Fija ; 1 ; Precipitación Líquida ; mm ; 0 
22/04/2013; CORTOLIMA ; CORTOLIMA ; Automática ; 4.433181 ; -75.211139 ; 73 ; TOLIMA ; 73001 ; IBAGUÉ ; Fija ; 1 ; Precipitación Líquida ; mm ; 0 
22/04/2013; CORTOLIMA ; CORTOLIMA ; Automática ; 4.433181 ; -75.211139 ; 73 ; TOLIMA ; 73001 ; IBAGUÉ ; Fija ; 1 ; Precipitación Líquida ; mm ; 0 
22/04/2013; CORTOLIMA ; CORTOLIMA ; Automática ; 4.433181 ; -75.211139 ; 73 ; TOLIMA ; 73001 ; IBAGUÉ ; Fija ; 1 ; Precipitación Líquida ; mm ; 0 
22/04/2013; CORTOLIMA ; CORTOLIMA ; Automática ; 4.433181 ; -75.211139 ; 73 ; TOLIMA ; 73001 ; IBAGUÉ ; Fija ; 1 ; Precipitación Líquida ; mm ; 0 
22/04/2013; CORTOLIMA ; CORTOLIMA ; Automática ; 4.433181 ; -75.211139 ; 73 ; TOLIMA ; 73001 ; IBAGUÉ ; Fija ; 1 ; Precipitación Líquida ; mm ; 0 
22/04/2013; CORTOLIMA ; CORTOLIMA ; Automática ; 4.433181 ; -75.211139 ; 73 ; TOLIMA ; 73001 ; IBAGUÉ ; Fija ; 1 ; Precipitación Líquida ; mm ; 0 
22/04/2013; CORTOLIMA ; CORTOLIMA ; Automática ; 4.433181 ; -75.211139 ; 73 ; TOLIMA ; 73001 ; IBAGUÉ ; Fija ; 1 ; Precipitación Líquida ; mm ; 0 
22/04/2013; CORTOLIMA ; CORTOLIMA ; Automática ; 4.433181 ; -75.211139 ; 73 ; TOLIMA ; 73001 ; IBAGUÉ ; Fija ; 1 ; Precipitación Líquida ; mm ; 0 
22/04/2013; CORTOLIMA ; CORTOLIMA ; Automática ; 4.433181 ; -75.211139 ; 73 ; TOLIMA ; 73001 ; IBAGUÉ ; Fija ; 1 ; Precipitación Líquida ; mm ; 0 
22/04/2013; CORTOLIMA ; CORTOLIMA ; Automática ; 4.433181 ; -75.211139 ; 73 ; TOLIMA ; 73001 ; IBAGUÉ ; Fija ; 1 ; Precipitación Líquida ; mm ; 0 
22/04/2013; CORTOLIMA ; CORTOLIMA ; Automática ; 4.433181 ; -75.211139 ; 73 ; TOLIMA ; 73001 ; IBAGUÉ ; Fija ; 1 ; Precipitación Líquida ; mm ; 0 
22/04/2013; CORTOLIMA ; CORTOLIMA ; Automática ; 4.433181 ; -75.211139 ; 73 ; TOLIMA ; 73001 ; IBAGUÉ ; Fija ; 1 ; Precipitación Líquida ; mm ; 0 
22/04/2013; CORTOLIMA ; CORTOLIMA ; Automática ; 4.433181 ; -75.211139 ; 73 ; TOLIMA ; 73001 ; IBAGUÉ ; Fija ; 1 ; Precipitación Líquida ; mm ; 0 
22/04/2013; CORTOLIMA ; CORTOLIMA ; Automática ; 4.433181 ; -75.211139 ; 73 ; TOLIMA ; 73001 ; IBAGUÉ ; Fija ; 1 ; Precipitación Líquida ; mm ; 0 
22/04/2013; CORTOLIMA ; CORTOLIMA ; Automática ; 4.433181 ; -75.211139 ; 73 ; TOLIMA ; 73001 ; IBAGUÉ ; Fija ; 1 ; Precipitación Líquida ; mm ; 0 
22/04/2013; CORTOLIMA ; CORTOLIMA ; Automática ; 4.433181 ; -75.211139 ; 73 ; TOLIMA ; 73001 ; IBAGUÉ ; Fija ; 1 ; Precipitación Líquida ; mm ; 0 
22/04/2013; CORTOLIMA ; CORTOLIMA ; Automática ; 4.433181 ; -75.211139 ; 73 ; TOLIMA ; 73001 ; IBAGUÉ ; Fija ; 1 ; Precipitación Líquida ; mm ; 0 
22/04/2013; CORTOLIMA ; CORTOLIMA ; Automática ; 4.433181 ; -75.211139 ; 73 ; TOLIMA ; 73001 ; IBAGUÉ ; Fija ; 1 ; Precipitación Líquida ; mm ; 0 
22/04/2013; CORTOLIMA ; CORTOLIMA ; Automática ; 4.433181 ; -75.211139 ; 73 ; TOLIMA ; 73001 ; IBAGUÉ ; Fija ; 1 ; Precipitación Líquida ; mm ; 0 
22/04/2013; CORTOLIMA ; CORTOLIMA ; Automática ; 4.433181 ; -75.211139 ; 73 ; TOLIMA ; 73001 ; IBAGUÉ ; Fija ; 1 ; Precipitación Líquida ; mm ; 0 
22/04/2013; CORTOLIMA ; CORTOLIMA ; Automática ; 4.433181 ; -75.211139 ; 73 ; TOLIMA ; 73001 ; IBAGUÉ ; Fija ; 1 ; Precipitación Líquida ; mm ; 0 
22/04/2013; CORTOLIMA ; CORTOLIMA ; Automática ; 4.433181 ; -75.211139 ; 73 ; TOLIMA ; 73001 ; IBAGUÉ ; Fija ; 1 ; Precipitación Líquida ; mm ; 0 
23/04/2013; CORTOLIMA ; CORTOLIMA ; Automática ; 4.433181 ; -75.211139 ; 73 ; TOLIMA ; 73001 ; IBAGUÉ ; Fija ; 1 ; Precipitación Líquida ; mm ; 0 
23/04/2013; CORTOLIMA ; CORTOLIMA ; Automática ; 4.433181 ; -75.211139 ; 73 ; TOLIMA ; 73001 ; IBAGUÉ ; Fija ; 1 ; Precipitación Líquida ; mm ; 0 
23/04/2013; CORTOLIMA ; CORTOLIMA ; Automática ; 4.433181 ; -75.211139 ; 73 ; TOLIMA ; 73001 ; IBAGUÉ ; Fija ; 1 ; Precipitación Líquida ; mm ; 0 
23/04/2013; CORTOLIMA ; CORTOLIMA ; Automática ; 4.433181 ; -75.211139 ; 73 ; TOLIMA ; 73001 ; IBAGUÉ ; Fija ; 1 ; Precipitación Líquida ; mm ; 0 
23/04/2013; CORTOLIMA ; CORTOLIMA ; Automática ; 4.433181 ; -75.211139 ; 73 ; TOLIMA ; 73001 ; IBAGUÉ ; Fija ; 1 ; Precipitación Líquida ; mm ; 0 
23/04/2013; CORTOLIMA ; CORTOLIMA ; Automática ; 4.433181 ; -75.211139 ; 73 ; TOLIMA ; 73001 ; IBAGUÉ ; Fija ; 1 ; Precipitación Líquida ; mm ; 0 
23/04/2013; CORTOLIMA ; CORTOLIMA ; Automática ; 4.433181 ; -75.211139 ; 73 ; TOLIMA ; 73001 ; IBAGUÉ ; Fija ; 1 ; Precipitación Líquida ; mm ; 0 
23/04/2013; CORTOLIMA ; CORTOLIMA ; Automática ; 4.433181 ; -75.211139 ; 73 ; TOLIMA ; 73001 ; IBAGUÉ ; Fija ; 1 ; Precipitación Líquida ; mm ; 0 
23/04/2013; CORTOLIMA ; CORTOLIMA ; Automática ; 4.433181 ; -75.211139 ; 73 ; TOLIMA ; 73001 ; IBAGUÉ ; Fija ; 1 ; Precipitación Líquida ; mm ; 9.4 
23/04/2013; CORTOLIMA ; CORTOLIMA ; Automática ; 4.433181 ; -75.211139 ; 73 ; TOLIMA ; 73001 ; IBAGUÉ ; Fija ; 1 ; Precipitación Líquida ; mm ; 1.02 
23/04/2013; CORTOLIMA ; CORTOLIMA ; Automática ; 4.433181 ; -75.211139 ; 73 ; TOLIMA ; 73001 ; IBAGUÉ ; Fija ; 1 ; Precipitación Líquida ; mm ; 0.76 
23/04/2013; CORTOLIMA ; CORTOLIMA ; Automática ; 4.433181 ; -75.211139 ; 73 ; TOLIMA ; 73001 ; IBAGUÉ ; Fija ; 1 ; Precipitación Líquida ; mm ; 0 
23/04/2013; CORTOLIMA ; CORTOLIMA ; Automática ; 4.433181 ; -75.211139 ; 73 ; TOLIMA ; 73001 ; IBAGUÉ ; Fija ; 1 ; Precipitación Líquida ; mm ; 0 
23/04/2013; CORTOLIMA ; CORTOLIMA ; Automática ; 4.433181 ; -75.211139 ; 73 ; TOLIMA ; 73001 ; IBAGUÉ ; Fija ; 1 ; Precipitación Líquida ; mm ; 0 
23/04/2013; CORTOLIMA ; CORTOLIMA ; Automática ; 4.433181 ; -75.211139 ; 73 ; TOLIMA ; 73001 ; IBAGUÉ ; Fija ; 1 ; Precipitación Líquida ; mm ; 0 
23/04/2013; CORTOLIMA ; CORTOLIMA ; Automática ; 4.433181 ; -75.211139 ; 73 ; TOLIMA ; 73001 ; IBAGUÉ ; Fija ; 1 ; Precipitación Líquida ; mm ; 0 
23/04/2013; CORTOLIMA ; CORTOLIMA ; Automática ; 4.433181 ; -75.211139 ; 73 ; TOLIMA ; 73001 ; IBAGUÉ ; Fija ; 1 ; Precipitación Líquida ; mm ; 0 
23/04/2013; CORTOLIMA ; CORTOLIMA ; Automática ; 4.433181 ; -75.211139 ; 73 ; TOLIMA ; 73001 ; IBAGUÉ ; Fija ; 1 ; Precipitación Líquida ; mm ; 0 
23/04/2013; CORTOLIMA ; CORTOLIMA ; Automática ; 4.433181 ; -75.211139 ; 73 ; TOLIMA ; 73001 ; IBAGUÉ ; Fija ; 1 ; Precipitación Líquida ; mm ; 0 
23/04/2013; CORTOLIMA ; CORTOLIMA ; Automática ; 4.433181 ; -75.211139 ; 73 ; TOLIMA ; 73001 ; IBAGUÉ ; Fija ; 1 ; Precipitación Líquida ; mm ; 0 
23/04/2013; CORTOLIMA ; CORTOLIMA ; Automática ; 4.433181 ; -75.211139 ; 73 ; TOLIMA ; 73001 ; IBAGUÉ ; Fija ; 1 ; Precipitación Líquida ; mm ; 0 
23/04/2013; CORTOLIMA ; CORTOLIMA ; Automática ; 4.433181 ; -75.211139 ; 73 ; TOLIMA ; 73001 ; IBAGUÉ ; Fija ; 1 ; Precipitación Líquida ; mm ; 0 
23/04/2013; CORTOLIMA ; CORTOLIMA ; Automática ; 4.433181 ; -75.211139 ; 73 ; TOLIMA ; 73001 ; IBAGUÉ ; Fija ; 1 ; Precipitación Líquida ; mm ; 0 
23/04/2013; CORTOLIMA ; CORTOLIMA ; Automática ; 4.433181 ; -75.211139 ; 73 ; TOLIMA ; 73001 ; IBAGUÉ ; Fija ; 1 ; Precipitación Líquida ; mm ; 0 
24/04/2013; CORTOLIMA ; CORTOLIMA ; Automática ; 4.433181 ; -75.211139 ; 73 ; TOLIMA ; 73001 ; IBAGUÉ ; Fija ; 1 ; Precipitación Líquida ; mm ; 0 
24/04/2013; CORTOLIMA ; CORTOLIMA ; Automática ; 4.433181 ; -75.211139 ; 73 ; TOLIMA ; 73001 ; IBAGUÉ ; Fija ; 1 ; Precipitación Líquida ; mm ; 0 
24/04/2013; CORTOLIMA ; CORTOLIMA ; Automática ; 4.433181 ; -75.211139 ; 73 ; TOLIMA ; 73001 ; IBAGUÉ ; Fija ; 1 ; Precipitación Líquida ; mm ; 0 
24/04/2013; CORTOLIMA ; CORTOLIMA ; Automática ; 4.433181 ; -75.211139 ; 73 ; TOLIMA ; 73001 ; IBAGUÉ ; Fija ; 1 ; Precipitación Líquida ; mm ; 1.52 
24/04/2013; CORTOLIMA ; CORTOLIMA ; Automática ; 4.433181 ; -75.211139 ; 73 ; TOLIMA ; 73001 ; IBAGUÉ ; Fija ; 1 ; Precipitación Líquida ; mm ; 3.56 
24/04/2013; CORTOLIMA ; CORTOLIMA ; Automática ; 4.433181 ; -75.211139 ; 73 ; TOLIMA ; 73001 ; IBAGUÉ ; Fija ; 1 ; Precipitación Líquida ; mm ; 0.25 
24/04/2013; CORTOLIMA ; CORTOLIMA ; Automática ; 4.433181 ; -75.211139 ; 73 ; TOLIMA ; 73001 ; IBAGUÉ ; Fija ; 1 ; Precipitación Líquida ; mm ; 0 
24/04/2013; CORTOLIMA ; CORTOLIMA ; Automática ; 4.433181 ; -75.211139 ; 73 ; TOLIMA ; 73001 ; IBAGUÉ ; Fija ; 1 ; Precipitación Líquida ; mm ; 0 
24/04/2013; CORTOLIMA ; CORTOLIMA ; Automática ; 4.433181 ; -75.211139 ; 73 ; TOLIMA ; 73001 ; IBAGUÉ ; Fija ; 1 ; Precipitación Líquida ; mm ; 0 
24/04/2013; CORTOLIMA ; CORTOLIMA ; Automática ; 4.433181 ; -75.211139 ; 73 ; TOLIMA ; 73001 ; IBAGUÉ ; Fija ; 1 ; Precipitación Líquida ; mm ; 0 
24/04/2013; CORTOLIMA ; CORTOLIMA ; Automática ; 4.433181 ; -75.211139 ; 73 ; TOLIMA ; 73001 ; IBAGUÉ ; Fija ; 1 ; Precipitación Líquida ; mm ; 0 
24/04/2013; CORTOLIMA ; CORTOLIMA ; Automática ; 4.433181 ; -75.211139 ; 73 ; TOLIMA ; 73001 ; IBAGUÉ ; Fija ; 1 ; Precipitación Líquida ; mm ; 0 
24/04/2013; CORTOLIMA ; CORTOLIMA ; Automática ; 4.433181 ; -75.211139 ; 73 ; TOLIMA ; 73001 ; IBAGUÉ ; Fija ; 1 ; Precipitación Líquida ; mm ; 0 
24/04/2013; CORTOLIMA ; CORTOLIMA ; Automática ; 4.433181 ; -75.211139 ; 73 ; TOLIMA ; 73001 ; IBAGUÉ ; Fija ; 1 ; Precipitación Líquida ; mm ; 0 
24/04/2013; CORTOLIMA ; CORTOLIMA ; Automática ; 4.433181 ; -75.211139 ; 73 ; TOLIMA ; 73001 ; IBAGUÉ ; Fija ; 1 ; Precipitación Líquida ; mm ; 0 
24/04/2013; CORTOLIMA ; CORTOLIMA ; Automática ; 4.433181 ; -75.211139 ; 73 ; TOLIMA ; 73001 ; IBAGUÉ ; Fija ; 1 ; Precipitación Líquida ; mm ; 0 
24/04/2013; CORTOLIMA ; CORTOLIMA ; Automática ; 4.433181 ; -75.211139 ; 73 ; TOLIMA ; 73001 ; IBAGUÉ ; Fija ; 1 ; Precipitación Líquida ; mm ; 0 
24/04/2013; CORTOLIMA ; CORTOLIMA ; Automática ; 4.433181 ; -75.211139 ; 73 ; TOLIMA ; 73001 ; IBAGUÉ ; Fija ; 1 ; Precipitación Líquida ; mm ; 0 
24/04/2013; CORTOLIMA ; CORTOLIMA ; Automática ; 4.433181 ; -75.211139 ; 73 ; TOLIMA ; 73001 ; IBAGUÉ ; Fija ; 1 ; Precipitación Líquida ; mm ; 0 
24/04/2013; CORTOLIMA ; CORTOLIMA ; Automática ; 4.433181 ; -75.211139 ; 73 ; TOLIMA ; 73001 ; IBAGUÉ ; Fija ; 1 ; Precipitación Líquida ; mm ; 0 
24/04/2013; CORTOLIMA ; CORTOLIMA ; Automática ; 4.433181 ; -75.211139 ; 73 ; TOLIMA ; 73001 ; IBAGUÉ ; Fija ; 1 ; Precipitación Líquida ; mm ; 0 
24/04/2013; CORTOLIMA ; CORTOLIMA ; Automática ; 4.433181 ; -75.211139 ; 73 ; TOLIMA ; 73001 ; IBAGUÉ ; Fija ; 1 ; Precipitación Líquida ; mm ; 0 
24/04/2013; CORTOLIMA ; CORTOLIMA ; Automática ; 4.433181 ; -75.211139 ; 73 ; TOLIMA ; 73001 ; IBAGUÉ ; Fija ; 1 ; Precipitación Líquida ; mm ; 0 
24/04/2013; CORTOLIMA ; CORTOLIMA ; Automática ; 4.433181 ; -75.211139 ; 73 ; TOLIMA ; 73001 ; IBAGUÉ ; Fija ; 1 ; Precipitación Líquida ; mm ; 0 
25/04/2013; CORTOLIMA ; CORTOLIMA ; Automática ; 4.433181 ; -75.211139 ; 73 ; TOLIMA ; 73001 ; IBAGUÉ ; Fija ; 1 ; Precipitación Líquida ; mm ; 0 
25/04/2013; CORTOLIMA ; CORTOLIMA ; Automática ; 4.433181 ; -75.211139 ; 73 ; TOLIMA ; 73001 ; IBAGUÉ ; Fija ; 1 ; Precipitación Líquida ; mm ; 0 
25/04/2013; CORTOLIMA ; CORTOLIMA ; Automática ; 4.433181 ; -75.211139 ; 73 ; TOLIMA ; 73001 ; IBAGUÉ ; Fija ; 1 ; Precipitación Líquida ; mm ; 0 
25/04/2013; CORTOLIMA ; CORTOLIMA ; Automática ; 4.433181 ; -75.211139 ; 73 ; TOLIMA ; 73001 ; IBAGUÉ ; Fija ; 1 ; Precipitación Líquida ; mm ; 0 
25/04/2013; CORTOLIMA ; CORTOLIMA ; Automática ; 4.433181 ; -75.211139 ; 73 ; TOLIMA ; 73001 ; IBAGUÉ ; Fija ; 1 ; Precipitación Líquida ; mm ; 0 
25/04/2013; CORTOLIMA ; CORTOLIMA ; Automática ; 4.433181 ; -75.211139 ; 73 ; TOLIMA ; 73001 ; IBAGUÉ ; Fija ; 1 ; Precipitación Líquida ; mm ; 0 
25/04/2013; CORTOLIMA ; CORTOLIMA ; Automática ; 4.433181 ; -75.211139 ; 73 ; TOLIMA ; 73001 ; IBAGUÉ ; Fija ; 1 ; Precipitación Líquida ; mm ; 0 
25/04/2013; CORTOLIMA ; CORTOLIMA ; Automática ; 4.433181 ; -75.211139 ; 73 ; TOLIMA ; 73001 ; IBAGUÉ ; Fija ; 1 ; Precipitación Líquida ; mm ; 0 
25/04/2013; CORTOLIMA ; CORTOLIMA ; Automática ; 4.433181 ; -75.211139 ; 73 ; TOLIMA ; 73001 ; IBAGUÉ ; Fija ; 1 ; Precipitación Líquida ; mm ; 0 
25/04/2013; CORTOLIMA ; CORTOLIMA ; Automática ; 4.433181 ; -75.211139 ; 73 ; TOLIMA ; 73001 ; IBAGUÉ ; Fija ; 1 ; Precipitación Líquida ; mm ; 0 
25/04/2013; CORTOLIMA ; CORTOLIMA ; Automática ; 4.433181 ; -75.211139 ; 73 ; TOLIMA ; 73001 ; IBAGUÉ ; Fija ; 1 ; Precipitación Líquida ; mm ; 0 
25/04/2013; CORTOLIMA ; CORTOLIMA ; Automática ; 4.433181 ; -75.211139 ; 73 ; TOLIMA ; 73001 ; IBAGUÉ ; Fija ; 1 ; Precipitación Líquida ; mm ; 0 
25/04/2013; CORTOLIMA ; CORTOLIMA ; Automática ; 4.433181 ; -75.211139 ; 73 ; TOLIMA ; 73001 ; IBAGUÉ ; Fija ; 1 ; Precipitación Líquida ; mm ; 0 
25/04/2013; CORTOLIMA ; CORTOLIMA ; Automática ; 4.433181 ; -75.211139 ; 73 ; TOLIMA ; 73001 ; IBAGUÉ ; Fija ; 1 ; Precipitación Líquida ; mm ; 0 
25/04/2013; CORTOLIMA ; CORTOLIMA ; Automática ; 4.433181 ; -75.211139 ; 73 ; TOLIMA ; 73001 ; IBAGUÉ ; Fija ; 1 ; Precipitación Líquida ; mm ; 0 
25/04/2013; CORTOLIMA ; CORTOLIMA ; Automática ; 4.433181 ; -75.211139 ; 73 ; TOLIMA ; 73001 ; IBAGUÉ ; Fija ; 1 ; Precipitación Líquida ; mm ; 0 
25/04/2013; CORTOLIMA ; CORTOLIMA ; Automática ; 4.433181 ; -75.211139 ; 73 ; TOLIMA ; 73001 ; IBAGUÉ ; Fija ; 1 ; Precipitación Líquida ; mm ; 0 
25/04/2013; CORTOLIMA ; CORTOLIMA ; Automática ; 4.433181 ; -75.211139 ; 73 ; TOLIMA ; 73001 ; IBAGUÉ ; Fija ; 1 ; Precipitación Líquida ; mm ; 0 
25/04/2013; CORTOLIMA ; CORTOLIMA ; Automática ; 4.433181 ; -75.211139 ; 73 ; TOLIMA ; 73001 ; IBAGUÉ ; Fija ; 1 ; Precipitación Líquida ; mm ; 0 
25/04/2013; CORTOLIMA ; CORTOLIMA ; Automática ; 4.433181 ; -75.211139 ; 73 ; TOLIMA ; 73001 ; IBAGUÉ ; Fija ; 1 ; Precipitación Líquida ; mm ; 0 
25/04/2013; CORTOLIMA ; CORTOLIMA ; Automática ; 4.433181 ; -75.211139 ; 73 ; TOLIMA ; 73001 ; IBAGUÉ ; Fija ; 1 ; Precipitación Líquida ; mm ; 0 
25/04/2013; CORTOLIMA ; CORTOLIMA ; Automática ; 4.433181 ; -75.211139 ; 73 ; TOLIMA ; 73001 ; IBAGUÉ ; Fija ; 1 ; Precipitación Líquida ; mm ; 0 
25/04/2013; CORTOLIMA ; CORTOLIMA ; Automática ; 4.433181 ; -75.211139 ; 73 ; TOLIMA ; 73001 ; IBAGUÉ ; Fija ; 1 ; Precipitación Líquida ; mm ; 0 
25/04/2013; CORTOLIMA ; CORTOLIMA ; Automática ; 4.433181 ; -75.211139 ; 73 ; TOLIMA ; 73001 ; IBAGUÉ ; Fija ; 1 ; Precipitación Líquida ; mm ; 0 
26/04/2013; CORTOLIMA ; CORTOLIMA ; Automática ; 4.433181 ; -75.211139 ; 73 ; TOLIMA ; 73001 ; IBAGUÉ ; Fija ; 1 ; Precipitación Líquida ; mm ; 0 
26/04/2013; CORTOLIMA ; CORTOLIMA ; Automática ; 4.433181 ; -75.211139 ; 73 ; TOLIMA ; 73001 ; IBAGUÉ ; Fija ; 1 ; Precipitación Líquida ; mm ; 0 
26/04/2013; CORTOLIMA ; CORTOLIMA ; Automática ; 4.433181 ; -75.211139 ; 73 ; TOLIMA ; 73001 ; IBAGUÉ ; Fija ; 1 ; Precipitación Líquida ; mm ; 0 
26/04/2013; CORTOLIMA ; CORTOLIMA ; Automática ; 4.433181 ; -75.211139 ; 73 ; TOLIMA ; 73001 ; IBAGUÉ ; Fija ; 1 ; Precipitación Líquida ; mm ; 0 
26/04/2013; CORTOLIMA ; CORTOLIMA ; Automática ; 4.433181 ; -75.211139 ; 73 ; TOLIMA ; 73001 ; IBAGUÉ ; Fija ; 1 ; Precipitación Líquida ; mm ; 0 
26/04/2013; CORTOLIMA ; CORTOLIMA ; Automática ; 4.433181 ; -75.211139 ; 73 ; TOLIMA ; 73001 ; IBAGUÉ ; Fija ; 1 ; Precipitación Líquida ; mm ; 0 
26/04/2013; CORTOLIMA ; CORTOLIMA ; Automática ; 4.433181 ; -75.211139 ; 73 ; TOLIMA ; 73001 ; IBAGUÉ ; Fija ; 1 ; Precipitación Líquida ; mm ; 0 
26/04/2013; CORTOLIMA ; CORTOLIMA ; Automática ; 4.433181 ; -75.211139 ; 73 ; TOLIMA ; 73001 ; IBAGUÉ ; Fija ; 1 ; Precipitación Líquida ; mm ; 0 
26/04/2013; CORTOLIMA ; CORTOLIMA ; Automática ; 4.433181 ; -75.211139 ; 73 ; TOLIMA ; 73001 ; IBAGUÉ ; Fija ; 1 ; Precipitación Líquida ; mm ; 0 
26/04/2013; CORTOLIMA ; CORTOLIMA ; Automática ; 4.433181 ; -75.211139 ; 73 ; TOLIMA ; 73001 ; IBAGUÉ ; Fija ; 1 ; Precipitación Líquida ; mm ; 0 
26/04/2013; CORTOLIMA ; CORTOLIMA ; Automática ; 4.433181 ; -75.211139 ; 73 ; TOLIMA ; 73001 ; IBAGUÉ ; Fija ; 1 ; Precipitación Líquida ; mm ; 0 
26/04/2013; CORTOLIMA ; CORTOLIMA ; Automática ; 4.433181 ; -75.211139 ; 73 ; TOLIMA ; 73001 ; IBAGUÉ ; Fija ; 1 ; Precipitación Líquida ; mm ; 0 
26/04/2013; CORTOLIMA ; CORTOLIMA ; Automática ; 4.433181 ; -75.211139 ; 73 ; TOLIMA ; 73001 ; IBAGUÉ ; Fija ; 1 ; Precipitación Líquida ; mm ; 0 
26/04/2013; CORTOLIMA ; CORTOLIMA ; Automática ; 4.433181 ; -75.211139 ; 73 ; TOLIMA ; 73001 ; IBAGUÉ ; Fija ; 1 ; Precipitación Líquida ; mm ; 0 
26/04/2013; CORTOLIMA ; CORTOLIMA ; Automática ; 4.433181 ; -75.211139 ; 73 ; TOLIMA ; 73001 ; IBAGUÉ ; Fija ; 1 ; Precipitación Líquida ; mm ; 0 
26/04/2013; CORTOLIMA ; CORTOLIMA ; Automática ; 4.433181 ; -75.211139 ; 73 ; TOLIMA ; 73001 ; IBAGUÉ ; Fija ; 1 ; Precipitación Líquida ; mm ; 0 
26/04/2013; CORTOLIMA ; CORTOLIMA ; Automática ; 4.433181 ; -75.211139 ; 73 ; TOLIMA ; 73001 ; IBAGUÉ ; Fija ; 1 ; Precipitación Líquida ; mm ; 0 
26/04/2013; CORTOLIMA ; CORTOLIMA ; Automática ; 4.433181 ; -75.211139 ; 73 ; TOLIMA ; 73001 ; IBAGUÉ ; Fija ; 1 ; Precipitación Líquida ; mm ; 0 
26/04/2013; CORTOLIMA ; CORTOLIMA ; Automática ; 4.433181 ; -75.211139 ; 73 ; TOLIMA ; 73001 ; IBAGUÉ ; Fija ; 1 ; Precipitación Líquida ; mm ; 0 
26/04/2013; CORTOLIMA ; CORTOLIMA ; Automática ; 4.433181 ; -75.211139 ; 73 ; TOLIMA ; 73001 ; IBAGUÉ ; Fija ; 1 ; Precipitación Líquida ; mm ; 0 
26/04/2013; CORTOLIMA ; CORTOLIMA ; Automática ; 4.433181 ; -75.211139 ; 73 ; TOLIMA ; 73001 ; IBAGUÉ ; Fija ; 1 ; Precipitación Líquida ; mm ; 0 
26/04/2013; CORTOLIMA ; CORTOLIMA ; Automática ; 4.433181 ; -75.211139 ; 73 ; TOLIMA ; 73001 ; IBAGUÉ ; Fija ; 1 ; Precipitación Líquida ; mm ; 0 
26/04/2013; CORTOLIMA ; CORTOLIMA ; Automática ; 4.433181 ; -75.211139 ; 73 ; TOLIMA ; 73001 ; IBAGUÉ ; Fija ; 1 ; Precipitación Líquida ; mm ; 0 
26/04/2013; CORTOLIMA ; CORTOLIMA ; Automática ; 4.433181 ; -75.211139 ; 73 ; TOLIMA ; 73001 ; IBAGUÉ ; Fija ; 1 ; Precipitación Líquida ; mm ; 0 
27/04/2013; CORTOLIMA ; CORTOLIMA ; Automática ; 4.433181 ; -75.211139 ; 73 ; TOLIMA ; 73001 ; IBAGUÉ ; Fija ; 1 ; Precipitación Líquida ; mm ; 0 
27/04/2013; CORTOLIMA ; CORTOLIMA ; Automática ; 4.433181 ; -75.211139 ; 73 ; TOLIMA ; 73001 ; IBAGUÉ ; Fija ; 1 ; Precipitación Líquida ; mm ; 0 
27/04/2013; CORTOLIMA ; CORTOLIMA ; Automática ; 4.433181 ; -75.211139 ; 73 ; TOLIMA ; 73001 ; IBAGUÉ ; Fija ; 1 ; Precipitación Líquida ; mm ; 0 
27/04/2013; CORTOLIMA ; CORTOLIMA ; Automática ; 4.433181 ; -75.211139 ; 73 ; TOLIMA ; 73001 ; IBAGUÉ ; Fija ; 1 ; Precipitación Líquida ; mm ; 0 
27/04/2013; CORTOLIMA ; CORTOLIMA ; Automática ; 4.433181 ; -75.211139 ; 73 ; TOLIMA ; 73001 ; IBAGUÉ ; Fija ; 1 ; Precipitación Líquida ; mm ; 0 
27/04/2013; CORTOLIMA ; CORTOLIMA ; Automática ; 4.433181 ; -75.211139 ; 73 ; TOLIMA ; 73001 ; IBAGUÉ ; Fija ; 1 ; Precipitación Líquida ; mm ; 0 
27/04/2013; CORTOLIMA ; CORTOLIMA ; Automática ; 4.433181 ; -75.211139 ; 73 ; TOLIMA ; 73001 ; IBAGUÉ ; Fija ; 1 ; Precipitación Líquida ; mm ; 0 
27/04/2013; CORTOLIMA ; CORTOLIMA ; Automática ; 4.433181 ; -75.211139 ; 73 ; TOLIMA ; 73001 ; IBAGUÉ ; Fija ; 1 ; Precipitación Líquida ; mm ; 0 
27/04/2013; CORTOLIMA ; CORTOLIMA ; Automática ; 4.433181 ; -75.211139 ; 73 ; TOLIMA ; 73001 ; IBAGUÉ ; Fija ; 1 ; Precipitación Líquida ; mm ; 0 
27/04/2013; CORTOLIMA ; CORTOLIMA ; Automática ; 4.433181 ; -75.211139 ; 73 ; TOLIMA ; 73001 ; IBAGUÉ ; Fija ; 1 ; Precipitación Líquida ; mm ; 0 
27/04/2013; CORTOLIMA ; CORTOLIMA ; Automática ; 4.433181 ; -75.211139 ; 73 ; TOLIMA ; 73001 ; IBAGUÉ ; Fija ; 1 ; Precipitación Líquida ; mm ; 0 
27/04/2013; CORTOLIMA ; CORTOLIMA ; Automática ; 4.433181 ; -75.211139 ; 73 ; TOLIMA ; 73001 ; IBAGUÉ ; Fija ; 1 ; Precipitación Líquida ; mm ; 0 
27/04/2013; CORTOLIMA ; CORTOLIMA ; Automática ; 4.433181 ; -75.211139 ; 73 ; TOLIMA ; 73001 ; IBAGUÉ ; Fija ; 1 ; Precipitación Líquida ; mm ; 0 
27/04/2013; CORTOLIMA ; CORTOLIMA ; Automática ; 4.433181 ; -75.211139 ; 73 ; TOLIMA ; 73001 ; IBAGUÉ ; Fija ; 1 ; Precipitación Líquida ; mm ; 0 
27/04/2013; CORTOLIMA ; CORTOLIMA ; Automática ; 4.433181 ; -75.211139 ; 73 ; TOLIMA ; 73001 ; IBAGUÉ ; Fija ; 1 ; Precipitación Líquida ; mm ; 0 
27/04/2013; CORTOLIMA ; CORTOLIMA ; Automática ; 4.433181 ; -75.211139 ; 73 ; TOLIMA ; 73001 ; IBAGUÉ ; Fija ; 1 ; Precipitación Líquida ; mm ; 0 
27/04/2013; CORTOLIMA ; CORTOLIMA ; Automática ; 4.433181 ; -75.211139 ; 73 ; TOLIMA ; 73001 ; IBAGUÉ ; Fija ; 1 ; Precipitación Líquida ; mm ; 0 
27/04/2013; CORTOLIMA ; CORTOLIMA ; Automática ; 4.433181 ; -75.211139 ; 73 ; TOLIMA ; 73001 ; IBAGUÉ ; Fija ; 1 ; Precipitación Líquida ; mm ; 0 
27/04/2013; CORTOLIMA ; CORTOLIMA ; Automática ; 4.433181 ; -75.211139 ; 73 ; TOLIMA ; 73001 ; IBAGUÉ ; Fija ; 1 ; Precipitación Líquida ; mm ; 0 
27/04/2013; CORTOLIMA ; CORTOLIMA ; Automática ; 4.433181 ; -75.211139 ; 73 ; TOLIMA ; 73001 ; IBAGUÉ ; Fija ; 1 ; Precipitación Líquida ; mm ; 0 
28/04/2013; CORTOLIMA ; CORTOLIMA ; Automática ; 4.433181 ; -75.211139 ; 73 ; TOLIMA ; 73001 ; IBAGUÉ ; Fija ; 1 ; Precipitación Líquida ; mm ; 0 
28/04/2013; CORTOLIMA ; CORTOLIMA ; Automática ; 4.433181 ; -75.211139 ; 73 ; TOLIMA ; 73001 ; IBAGUÉ ; Fija ; 1 ; Precipitación Líquida ; mm ; 0 
28/04/2013; CORTOLIMA ; CORTOLIMA ; Automática ; 4.433181 ; -75.211139 ; 73 ; TOLIMA ; 73001 ; IBAGUÉ ; Fija ; 1 ; Precipitación Líquida ; mm ; 0 
28/04/2013; CORTOLIMA ; CORTOLIMA ; Automática ; 4.433181 ; -75.211139 ; 73 ; TOLIMA ; 73001 ; IBAGUÉ ; Fija ; 1 ; Precipitación Líquida ; mm ; 0 
28/04/2013; CORTOLIMA ; CORTOLIMA ; Automática ; 4.433181 ; -75.211139 ; 73 ; TOLIMA ; 73001 ; IBAGUÉ ; Fija ; 1 ; Precipitación Líquida ; mm ; 0 
28/04/2013; CORTOLIMA ; CORTOLIMA ; Automática ; 4.433181 ; -75.211139 ; 73 ; TOLIMA ; 73001 ; IBAGUÉ ; Fija ; 1 ; Precipitación Líquida ; mm ; 0 
28/04/2013; CORTOLIMA ; CORTOLIMA ; Automática ; 4.433181 ; -75.211139 ; 73 ; TOLIMA ; 73001 ; IBAGUÉ ; Fija ; 1 ; Precipitación Líquida ; mm ; 0 
28/04/2013; CORTOLIMA ; CORTOLIMA ; Automática ; 4.433181 ; -75.211139 ; 73 ; TOLIMA ; 73001 ; IBAGUÉ ; Fija ; 1 ; Precipitación Líquida ; mm ; 0 
28/04/2013; CORTOLIMA ; CORTOLIMA ; Automática ; 4.433181 ; -75.211139 ; 73 ; TOLIMA ; 73001 ; IBAGUÉ ; Fija ; 1 ; Precipitación Líquida ; mm ; 0 
28/04/2013; CORTOLIMA ; CORTOLIMA ; Automática ; 4.433181 ; -75.211139 ; 73 ; TOLIMA ; 73001 ; IBAGUÉ ; Fija ; 1 ; Precipitación Líquida ; mm ; 0 
28/04/2013; CORTOLIMA ; CORTOLIMA ; Automática ; 4.433181 ; -75.211139 ; 73 ; TOLIMA ; 73001 ; IBAGUÉ ; Fija ; 1 ; Precipitación Líquida ; mm ; 0 
28/04/2013; CORTOLIMA ; CORTOLIMA ; Automática ; 4.433181 ; -75.211139 ; 73 ; TOLIMA ; 73001 ; IBAGUÉ ; Fija ; 1 ; Precipitación Líquida ; mm ; 0 
28/04/2013; CORTOLIMA ; CORTOLIMA ; Automática ; 4.433181 ; -75.211139 ; 73 ; TOLIMA ; 73001 ; IBAGUÉ ; Fija ; 1 ; Precipitación Líquida ; mm ; 0 
28/04/2013; CORTOLIMA ; CORTOLIMA ; Automática ; 4.433181 ; -75.211139 ; 73 ; TOLIMA ; 73001 ; IBAGUÉ ; Fija ; 1 ; Precipitación Líquida ; mm ; 0 
28/04/2013; CORTOLIMA ; CORTOLIMA ; Automática ; 4.433181 ; -75.211139 ; 73 ; TOLIMA ; 73001 ; IBAGUÉ ; Fija ; 1 ; Precipitación Líquida ; mm ; 0 
28/04/2013; CORTOLIMA ; CORTOLIMA ; Automática ; 4.433181 ; -75.211139 ; 73 ; TOLIMA ; 73001 ; IBAGUÉ ; Fija ; 1 ; Precipitación Líquida ; mm ; 0 
28/04/2013; CORTOLIMA ; CORTOLIMA ; Automática ; 4.433181 ; -75.211139 ; 73 ; TOLIMA ; 73001 ; IBAGUÉ ; Fija ; 1 ; Precipitación Líquida ; mm ; 0 
28/04/2013; CORTOLIMA ; CORTOLIMA ; Automática ; 4.433181 ; -75.211139 ; 73 ; TOLIMA ; 73001 ; IBAGUÉ ; Fija ; 1 ; Precipitación Líquida ; mm ; 0 
28/04/2013; CORTOLIMA ; CORTOLIMA ; Automática ; 4.433181 ; -75.211139 ; 73 ; TOLIMA ; 73001 ; IBAGUÉ ; Fija ; 1 ; Precipitación Líquida ; mm ; 0 
28/04/2013; CORTOLIMA ; CORTOLIMA ; Automática ; 4.433181 ; -75.211139 ; 73 ; TOLIMA ; 73001 ; IBAGUÉ ; Fija ; 1 ; Precipitación Líquida ; mm ; 0 
28/04/2013; CORTOLIMA ; CORTOLIMA ; Automática ; 4.433181 ; -75.211139 ; 73 ; TOLIMA ; 73001 ; IBAGUÉ ; Fija ; 1 ; Precipitación Líquida ; mm ; 0 
28/04/2013; CORTOLIMA ; CORTOLIMA ; Automática ; 4.433181 ; -75.211139 ; 73 ; TOLIMA ; 73001 ; IBAGUÉ ; Fija ; 1 ; Precipitación Líquida ; mm ; 0 
28/04/2013; CORTOLIMA ; CORTOLIMA ; Automática ; 4.433181 ; -75.211139 ; 73 ; TOLIMA ; 73001 ; IBAGUÉ ; Fija ; 1 ; Precipitación Líquida ; mm ; 0 
28/04/2013; CORTOLIMA ; CORTOLIMA ; Automática ; 4.433181 ; -75.211139 ; 73 ; TOLIMA ; 73001 ; IBAGUÉ ; Fija ; 1 ; Precipitación Líquida ; mm ; 2.54 
29/04/2013; CORTOLIMA ; CORTOLIMA ; Automática ; 4.433181 ; -75.211139 ; 73 ; TOLIMA ; 73001 ; IBAGUÉ ; Fija ; 1 ; Precipitación Líquida ; mm ; 1.78 
29/04/2013; CORTOLIMA ; CORTOLIMA ; Automática ; 4.433181 ; -75.211139 ; 73 ; TOLIMA ; 73001 ; IBAGUÉ ; Fija ; 1 ; Precipitación Líquida ; mm ; 0.25 
29/04/2013; CORTOLIMA ; CORTOLIMA ; Automática ; 4.433181 ; -75.211139 ; 73 ; TOLIMA ; 73001 ; IBAGUÉ ; Fija ; 1 ; Precipitación Líquida ; mm ; 0 
29/04/2013; CORTOLIMA ; CORTOLIMA ; Automática ; 4.433181 ; -75.211139 ; 73 ; TOLIMA ; 73001 ; IBAGUÉ ; Fija ; 1 ; Precipitación Líquida ; mm ; 0 
29/04/2013; CORTOLIMA ; CORTOLIMA ; Automática ; 4.433181 ; -75.211139 ; 73 ; TOLIMA ; 73001 ; IBAGUÉ ; Fija ; 1 ; Precipitación Líquida ; mm ; 0 
29/04/2013; CORTOLIMA ; CORTOLIMA ; Automática ; 4.433181 ; -75.211139 ; 73 ; TOLIMA ; 73001 ; IBAGUÉ ; Fija ; 1 ; Precipitación Líquida ; mm ; 0 
29/04/2013; CORTOLIMA ; CORTOLIMA ; Automática ; 4.433181 ; -75.211139 ; 73 ; TOLIMA ; 73001 ; IBAGUÉ ; Fija ; 1 ; Precipitación Líquida ; mm ; 0 
29/04/2013; CORTOLIMA ; CORTOLIMA ; Automática ; 4.433181 ; -75.211139 ; 73 ; TOLIMA ; 73001 ; IBAGUÉ ; Fija ; 1 ; Precipitación Líquida ; mm ; 0 
29/04/2013; CORTOLIMA ; CORTOLIMA ; Automática ; 4.433181 ; -75.211139 ; 73 ; TOLIMA ; 73001 ; IBAGUÉ ; Fija ; 1 ; Precipitación Líquida ; mm ; 0 
29/04/2013; CORTOLIMA ; CORTOLIMA ; Automática ; 4.433181 ; -75.211139 ; 73 ; TOLIMA ; 73001 ; IBAGUÉ ; Fija ; 1 ; Precipitación Líquida ; mm ; 0 
29/04/2013; CORTOLIMA ; CORTOLIMA ; Automática ; 4.433181 ; -75.211139 ; 73 ; TOLIMA ; 73001 ; IBAGUÉ ; Fija ; 1 ; Precipitación Líquida ; mm ; 0 
29/04/2013; CORTOLIMA ; CORTOLIMA ; Automática ; 4.433181 ; -75.211139 ; 73 ; TOLIMA ; 73001 ; IBAGUÉ ; Fija ; 1 ; Precipitación Líquida ; mm ; 0 
29/04/2013; CORTOLIMA ; CORTOLIMA ; Automática ; 4.433181 ; -75.211139 ; 73 ; TOLIMA ; 73001 ; IBAGUÉ ; Fija ; 1 ; Precipitación Líquida ; mm ; 0 
29/04/2013; CORTOLIMA ; CORTOLIMA ; Automática ; 4.433181 ; -75.211139 ; 73 ; TOLIMA ; 73001 ; IBAGUÉ ; Fija ; 1 ; Precipitación Líquida ; mm ; 0 
29/04/2013; CORTOLIMA ; CORTOLIMA ; Automática ; 4.433181 ; -75.211139 ; 73 ; TOLIMA ; 73001 ; IBAGUÉ ; Fija ; 1 ; Precipitación Líquida ; mm ; 0 
29/04/2013; CORTOLIMA ; CORTOLIMA ; Automática ; 4.433181 ; -75.211139 ; 73 ; TOLIMA ; 73001 ; IBAGUÉ ; Fija ; 1 ; Precipitación Líquida ; mm ; 0 
29/04/2013; CORTOLIMA ; CORTOLIMA ; Automática ; 4.433181 ; -75.211139 ; 73 ; TOLIMA ; 73001 ; IBAGUÉ ; Fija ; 1 ; Precipitación Líquida ; mm ; 0 
29/04/2013; CORTOLIMA ; CORTOLIMA ; Automática ; 4.433181 ; -75.211139 ; 73 ; TOLIMA ; 73001 ; IBAGUÉ ; Fija ; 1 ; Precipitación Líquida ; mm ; 0 
29/04/2013; CORTOLIMA ; CORTOLIMA ; Automática ; 4.433181 ; -75.211139 ; 73 ; TOLIMA ; 73001 ; IBAGUÉ ; Fija ; 1 ; Precipitación Líquida ; mm ; 0 
29/04/2013; CORTOLIMA ; CORTOLIMA ; Automática ; 4.433181 ; -75.211139 ; 73 ; TOLIMA ; 73001 ; IBAGUÉ ; Fija ; 1 ; Precipitación Líquida ; mm ; 0 
29/04/2013; CORTOLIMA ; CORTOLIMA ; Automática ; 4.433181 ; -75.211139 ; 73 ; TOLIMA ; 73001 ; IBAGUÉ ; Fija ; 1 ; Precipitación Líquida ; mm ; 0 
29/04/2013; CORTOLIMA ; CORTOLIMA ; Automática ; 4.433181 ; -75.211139 ; 73 ; TOLIMA ; 73001 ; IBAGUÉ ; Fija ; 1 ; Precipitación Líquida ; mm ; 0 
29/04/2013; CORTOLIMA ; CORTOLIMA ; Automática ; 4.433181 ; -75.211139 ; 73 ; TOLIMA ; 73001 ; IBAGUÉ ; Fija ; 1 ; Precipitación Líquida ; mm ; 0 
29/04/2013; CORTOLIMA ; CORTOLIMA ; Automática ; 4.433181 ; -75.211139 ; 73 ; TOLIMA ; 73001 ; IBAGUÉ ; Fija ; 1 ; Precipitación Líquida ; mm ; 0 
30/04/2013; CORTOLIMA ; CORTOLIMA ; Automática ; 4.433181 ; -75.211139 ; 73 ; TOLIMA ; 73001 ; IBAGUÉ ; Fija ; 1 ; Precipitación Líquida ; mm ; 0 
30/04/2013; CORTOLIMA ; CORTOLIMA ; Automática ; 4.433181 ; -75.211139 ; 73 ; TOLIMA ; 73001 ; IBAGUÉ ; Fija ; 1 ; Precipitación Líquida ; mm ; 0 
30/04/2013; CORTOLIMA ; CORTOLIMA ; Automática ; 4.433181 ; -75.211139 ; 73 ; TOLIMA ; 73001 ; IBAGUÉ ; Fija ; 1 ; Precipitación Líquida ; mm ; 0 
30/04/2013; CORTOLIMA ; CORTOLIMA ; Automática ; 4.433181 ; -75.211139 ; 73 ; TOLIMA ; 73001 ; IBAGUÉ ; Fija ; 1 ; Precipitación Líquida ; mm ; 0 
30/04/2013; CORTOLIMA ; CORTOLIMA ; Automática ; 4.433181 ; -75.211139 ; 73 ; TOLIMA ; 73001 ; IBAGUÉ ; Fija ; 1 ; Precipitación Líquida ; mm ; 0 
30/04/2013; CORTOLIMA ; CORTOLIMA ; Automática ; 4.433181 ; -75.211139 ; 73 ; TOLIMA ; 73001 ; IBAGUÉ ; Fija ; 1 ; Precipitación Líquida ; mm ; 0 
30/04/2013; CORTOLIMA ; CORTOLIMA ; Automática ; 4.433181 ; -75.211139 ; 73 ; TOLIMA ; 73001 ; IBAGUÉ ; Fija ; 1 ; Precipitación Líquida ; mm ; 0 
30/04/2013; CORTOLIMA ; CORTOLIMA ; Automática ; 4.433181 ; -75.211139 ; 73 ; TOLIMA ; 73001 ; IBAGUÉ ; Fija ; 1 ; Precipitación Líquida ; mm ; 0 
30/04/2013; CORTOLIMA ; CORTOLIMA ; Automática ; 4.433181 ; -75.211139 ; 73 ; TOLIMA ; 73001 ; IBAGUÉ ; Fija ; 1 ; Precipitación Líquida ; mm ; 0 
30/04/2013; CORTOLIMA ; CORTOLIMA ; Automática ; 4.433181 ; -75.211139 ; 73 ; TOLIMA ; 73001 ; IBAGUÉ ; Fija ; 1 ; Precipitación Líquida ; mm ; 0 
30/04/2013; CORTOLIMA ; CORTOLIMA ; Automática ; 4.433181 ; -75.211139 ; 73 ; TOLIMA ; 73001 ; IBAGUÉ ; Fija ; 1 ; Precipitación Líquida ; mm ; 0 
30/04/2013; CORTOLIMA ; CORTOLIMA ; Automática ; 4.433181 ; -75.211139 ; 73 ; TOLIMA ; 73001 ; IBAGUÉ ; Fija ; 1 ; Precipitación Líquida ; mm ; 0 
30/04/2013; CORTOLIMA ; CORTOLIMA ; Automática ; 4.433181 ; -75.211139 ; 73 ; TOLIMA ; 73001 ; IBAGUÉ ; Fija ; 1 ; Precipitación Líquida ; mm ; 0 
30/04/2013; CORTOLIMA ; CORTOLIMA ; Automática ; 4.433181 ; -75.211139 ; 73 ; TOLIMA ; 73001 ; IBAGUÉ ; Fija ; 1 ; Precipitación Líquida ; mm ; 0 
30/04/2013; CORTOLIMA ; CORTOLIMA ; Automática ; 4.433181 ; -75.211139 ; 73 ; TOLIMA ; 73001 ; IBAGUÉ ; Fija ; 1 ; Precipitación Líquida ; mm ; 0 
30/04/2013; CORTOLIMA ; CORTOLIMA ; Automática ; 4.433181 ; -75.211139 ; 73 ; TOLIMA ; 73001 ; IBAGUÉ ; Fija ; 1 ; Precipitación Líquida ; mm ; 0 
30/04/2013; CORTOLIMA ; CORTOLIMA ; Automática ; 4.433181 ; -75.211139 ; 73 ; TOLIMA ; 73001 ; IBAGUÉ ; Fija ; 1 ; Precipitación Líquida ; mm ; 0 
30/04/2013; CORTOLIMA ; CORTOLIMA ; Automática ; 4.433181 ; -75.211139 ; 73 ; TOLIMA ; 73001 ; IBAGUÉ ; Fija ; 1 ; Precipitación Líquida ; mm ; 0 
30/04/2013; CORTOLIMA ; CORTOLIMA ; Automática ; 4.433181 ; -75.211139 ; 73 ; TOLIMA ; 73001 ; IBAGUÉ ; Fija ; 1 ; Precipitación Líquida ; mm ; 0 
30/04/2013; CORTOLIMA ; CORTOLIMA ; Automática ; 4.433181 ; -75.211139 ; 73 ; TOLIMA ; 73001 ; IBAGUÉ ; Fija ; 1 ; Precipitación Líquida ; mm ; 0 
30/04/2013; CORTOLIMA ; CORTOLIMA ; Automática ; 4.433181 ; -75.211139 ; 73 ; TOLIMA ; 73001 ; IBAGUÉ ; Fija ; 1 ; Precipitación Líquida ; mm ; 0 
30/04/2013; CORTOLIMA ; CORTOLIMA ; Automática ; 4.433181 ; -75.211139 ; 73 ; TOLIMA ; 73001 ; IBAGUÉ ; Fija ; 1 ; Precipitación Líquida ; mm ; 0 
30/04/2013; CORTOLIMA ; CORTOLIMA ; Automática ; 4.433181 ; -75.211139 ; 73 ; TOLIMA ; 73001 ; IBAGUÉ ; Fija ; 1 ; Precipitación Líquida ; mm ; 0 
30/04/2013; CORTOLIMA ; CORTOLIMA ; Automática ; 4.433181 ; -75.211139 ; 73 ; TOLIMA ; 73001 ; IBAGUÉ ; Fija ; 1 ; Precipitación Líquida ; mm ; 0 
01/05/2013; CORTOLIMA ; CORTOLIMA ; Automática ; 4.433181 ; -75.211139 ; 73 ; TOLIMA ; 73001 ; IBAGUÉ ; Fija ; 1 ; Precipitación Líquida ; mm ; 0 
01/05/2013; CORTOLIMA ; CORTOLIMA ; Automática ; 4.433181 ; -75.211139 ; 73 ; TOLIMA ; 73001 ; IBAGUÉ ; Fija ; 1 ; Precipitación Líquida ; mm ; 0 
01/05/2013; CORTOLIMA ; CORTOLIMA ; Automática ; 4.433181 ; -75.211139 ; 73 ; TOLIMA ; 73001 ; IBAGUÉ ; Fija ; 1 ; Precipitación Líquida ; mm ; 0 
01/05/2013; CORTOLIMA ; CORTOLIMA ; Automática ; 4.433181 ; -75.211139 ; 73 ; TOLIMA ; 73001 ; IBAGUÉ ; Fija ; 1 ; Precipitación Líquida ; mm ; 0 
01/05/2013; CORTOLIMA ; CORTOLIMA ; Automática ; 4.433181 ; -75.211139 ; 73 ; TOLIMA ; 73001 ; IBAGUÉ ; Fija ; 1 ; Precipitación Líquida ; mm ; 4.57 
01/05/2013; CORTOLIMA ; CORTOLIMA ; Automática ; 4.433181 ; -75.211139 ; 73 ; TOLIMA ; 73001 ; IBAGUÉ ; Fija ; 1 ; Precipitación Líquida ; mm ; 5.08 
01/05/2013; CORTOLIMA ; CORTOLIMA ; Automática ; 4.433181 ; -75.211139 ; 73 ; TOLIMA ; 73001 ; IBAGUÉ ; Fija ; 1 ; Precipitación Líquida ; mm ; 5.59 
01/05/2013; CORTOLIMA ; CORTOLIMA ; Automática ; 4.433181 ; -75.211139 ; 73 ; TOLIMA ; 73001 ; IBAGUÉ ; Fija ; 1 ; Precipitación Líquida ; mm ; 3.05 
01/05/2013; CORTOLIMA ; CORTOLIMA ; Automática ; 4.433181 ; -75.211139 ; 73 ; TOLIMA ; 73001 ; IBAGUÉ ; Fija ; 1 ; Precipitación Líquida ; mm ; 1.27 
01/05/2013; CORTOLIMA ; CORTOLIMA ; Automática ; 4.433181 ; -75.211139 ; 73 ; TOLIMA ; 73001 ; IBAGUÉ ; Fija ; 1 ; Precipitación Líquida ; mm ; 0.25 
01/05/2013; CORTOLIMA ; CORTOLIMA ; Automática ; 4.433181 ; -75.211139 ; 73 ; TOLIMA ; 73001 ; IBAGUÉ ; Fija ; 1 ; Precipitación Líquida ; mm ; 0 
01/05/2013; CORTOLIMA ; CORTOLIMA ; Automática ; 4.433181 ; -75.211139 ; 73 ; TOLIMA ; 73001 ; IBAGUÉ ; Fija ; 1 ; Precipitación Líquida ; mm ; 0 
01/05/2013; CORTOLIMA ; CORTOLIMA ; Automática ; 4.433181 ; -75.211139 ; 73 ; TOLIMA ; 73001 ; IBAGUÉ ; Fija ; 1 ; Precipitación Líquida ; mm ; 0 
01/05/2013; CORTOLIMA ; CORTOLIMA ; Automática ; 4.433181 ; -75.211139 ; 73 ; TOLIMA ; 73001 ; IBAGUÉ ; Fija ; 1 ; Precipitación Líquida ; mm ; 0 
01/05/2013; CORTOLIMA ; CORTOLIMA ; Automática ; 4.433181 ; -75.211139 ; 73 ; TOLIMA ; 73001 ; IBAGUÉ ; Fija ; 1 ; Precipitación Líquida ; mm ; 0 
01/05/2013; CORTOLIMA ; CORTOLIMA ; Automática ; 4.433181 ; -75.211139 ; 73 ; TOLIMA ; 73001 ; IBAGUÉ ; Fija ; 1 ; Precipitación Líquida ; mm ; 0 
01/05/2013; CORTOLIMA ; CORTOLIMA ; Automática ; 4.433181 ; -75.211139 ; 73 ; TOLIMA ; 73001 ; IBAGUÉ ; Fija ; 1 ; Precipitación Líquida ; mm ; 0 
01/05/2013; CORTOLIMA ; CORTOLIMA ; Automática ; 4.433181 ; -75.211139 ; 73 ; TOLIMA ; 73001 ; IBAGUÉ ; Fija ; 1 ; Precipitación Líquida ; mm ; 0 
01/05/2013; CORTOLIMA ; CORTOLIMA ; Automática ; 4.433181 ; -75.211139 ; 73 ; TOLIMA ; 73001 ; IBAGUÉ ; Fija ; 1 ; Precipitación Líquida ; mm ; 0 
01/05/2013; CORTOLIMA ; CORTOLIMA ; Automática ; 4.433181 ; -75.211139 ; 73 ; TOLIMA ; 73001 ; IBAGUÉ ; Fija ; 1 ; Precipitación Líquida ; mm ; 0 
01/05/2013; CORTOLIMA ; CORTOLIMA ; Automática ; 4.433181 ; -75.211139 ; 73 ; TOLIMA ; 73001 ; IBAGUÉ ; Fija ; 1 ; Precipitación Líquida ; mm ; 0 
01/05/2013; CORTOLIMA ; CORTOLIMA ; Automática ; 4.433181 ; -75.211139 ; 73 ; TOLIMA ; 73001 ; IBAGUÉ ; Fija ; 1 ; Precipitación Líquida ; mm ; 0 
01/05/2013; CORTOLIMA ; CORTOLIMA ; Automática ; 4.433181 ; -75.211139 ; 73 ; TOLIMA ; 73001 ; IBAGUÉ ; Fija ; 1 ; Precipitación Líquida ; mm ; 0 
01/05/2013; CORTOLIMA ; CORTOLIMA ; Automática ; 4.433181 ; -75.211139 ; 73 ; TOLIMA ; 73001 ; IBAGUÉ ; Fija ; 1 ; Precipitación Líquida ; mm ; 0.25 
02/05/2013; CORTOLIMA ; CORTOLIMA ; Automática ; 4.433181 ; -75.211139 ; 73 ; TOLIMA ; 73001 ; IBAGUÉ ; Fija ; 1 ; Precipitación Líquida ; mm ; 0 
02/05/2013; CORTOLIMA ; CORTOLIMA ; Automática ; 4.433181 ; -75.211139 ; 73 ; TOLIMA ; 73001 ; IBAGUÉ ; Fija ; 1 ; Precipitación Líquida ; mm ; 0 
02/05/2013; CORTOLIMA ; CORTOLIMA ; Automática ; 4.433181 ; -75.211139 ; 73 ; TOLIMA ; 73001 ; IBAGUÉ ; Fija ; 1 ; Precipitación Líquida ; mm ; 0 
02/05/2013; CORTOLIMA ; CORTOLIMA ; Automática ; 4.433181 ; -75.211139 ; 73 ; TOLIMA ; 73001 ; IBAGUÉ ; Fija ; 1 ; Precipitación Líquida ; mm ; 0 
02/05/2013; CORTOLIMA ; CORTOLIMA ; Automática ; 4.433181 ; -75.211139 ; 73 ; TOLIMA ; 73001 ; IBAGUÉ ; Fija ; 1 ; Precipitación Líquida ; mm ; 0 
02/05/2013; CORTOLIMA ; CORTOLIMA ; Automática ; 4.433181 ; -75.211139 ; 73 ; TOLIMA ; 73001 ; IBAGUÉ ; Fija ; 1 ; Precipitación Líquida ; mm ; 0 
02/05/2013; CORTOLIMA ; CORTOLIMA ; Automática ; 4.433181 ; -75.211139 ; 73 ; TOLIMA ; 73001 ; IBAGUÉ ; Fija ; 1 ; Precipitación Líquida ; mm ; 0 
